Event Time (UTC),GPS Time (UTC),Horizontal Accuracy,Latitude,Longitude,Speed (GPS),City,Cellular Carrier,Carrier MCC,Carrier MNC,Google Play Services Status,Device ID,IP Address,Device Language,Device Model,Device OS,Device OS Version,Region,Session Start Time (UTC),Analytics Event Type
2025-09-05 19:34:54.457,1970-01-01 00:00:00.000,0.0,0.0,0.0,0.0,unknown,,,,,0A6009B1-4A31-40F8-9757-A16CCE50BD96,,en_CA,"iPhone14,5",ios,18.5,CA,2025-09-05 19:34:44.028,custom
2025-09-05 19:34:54.703,1970-01-01 00:00:00.000,0.0,0.0,0.0,0.0,unknown,,,,,0A6009B1-4A31-40F8-9757-A16CCE50BD96,,en_CA,"iPhone14,5",ios,18.5,CA,2025-09-05 19:34:44.028,custom
2025-09-05 19:34:53.722,1970-01-01 00:00:00.000,0.0,0.0,0.0,0.0,unknown,,,,,0A6009B1-4A31-40F8-9757-A16CCE50BD96,,en_CA,"iPhone14,5",ios,18.5,CA,2025-09-05 19:34:44.028,custom
2025-09-05 19:34:54.458,1970-01-01 00:00:00.000,0.0,0.0,0.0,0.0,unknown,,,,,0A6009B1-4A31-40F8-9757-A16CCE50BD96,,en_CA,"iPhone14,5",ios,18.5,CA,2025-09-05 19:34:44.028,custom
2025-09-05 19:34:57.525,1970-01-01 00:00:00.000,0.0,0.0,0.0,0.0,toronto,,,,,0A6009B1-4A31-40F8-9757-A16CCE50BD96,,en_CA,"iPhone14,5",ios,18.5,CA,2025-09-05 19:34:44.028,impression
2025-09-05 19:34:54.504,1970-01-01 00:00:00.000,0.0,0.0,0.0,0.0,unknown,,,,,0A6009B1-4A31-40F8-9757-A16CCE50BD96,,en_CA,"iPhone14,5",ios,18.5,CA,2025-09-05 19:34:44.028,custom
2025-09-05 19:34:54.504,1970-01-01 00:00:00.000,0.0,0.0,0.0,0.0,unknown,,,,,0A6009B1-4A31-40F8-9757-A16CCE50BD96,,en_CA,"iPhone14,5",ios,18.5,CA,2025-09-05 19:34:44.028,custom
2025-09-05 19:34:54.576,1970-01-01 00:00:00.000,0.0,0.0,0.0,0.0,unknown,,,,,0A6009B1-4A31-40F8-9757-A16CCE50BD96,,en_CA,"iPhone14,5",ios,18.5,CA,2025-09-05 19:34:44.028,custom
2025-09-05 19:34:54.576,1970-01-01 00:00:00.000,0.0,0.0,0.0,0.0,unknown,,,,,0A6009B1-4A31-40F8-9757-A16CCE50BD96,,en_CA,"iPhone14,5",ios,18.5,CA,2025-09-05 19:34:44.028,custom
2025-09-05 19:34:54.475,1970-01-01 00:00:00.000,0.0,0.0,0.0,0.0,unknown,,,,,0A6009B1-4A31-40F8-9757-A16CCE50BD96,,en_CA,"iPhone14,5",ios,18.5,CA,2025-09-05 19:34:44.028,custom
2025-09-05 19:34:54.576,1970-01-01 00:00:00.000,0.0,0.0,0.0,0.0,unknown,,,,,0A6009B1-4A31-40F8-9757-A16CCE50BD96,,en_CA,"iPhone14,5",ios,18.5,CA,2025-09-05 19:34:44.028,custom
2025-09-05 19:34:54.576,1970-01-01 00:00:00.000,0.0,0.0,0.0,0.0,unknown,,,,,0A6009B1-4A31-40F8-9757-A16CCE50BD96,,en_CA,"iPhone14,5",ios,18.5,CA,2025-09-05 19:34:44.028,custom
2025-09-05 19:34:54.622,1970-01-01 00:00:00.000,0.0,0.0,0.0,0.0,unknown,,,,,0A6009B1-4A31-40F8-9757-A16CCE50BD96,,en_CA,"iPhone14,5",ios,18.5,CA,2025-09-05 19:34:44.028,custom
2025-09-05 19:34:54.576,1970-01-01 00:00:00.000,0.0,0.0,0.0,0.0,unknown,,,,,0A6009B1-4A31-40F8-9757-A16CCE50BD96,,en_CA,"iPhone14,5",ios,18.5,CA,2025-09-05 19:34:44.028,custom
2025-09-05 19:34:54.703,1970-01-01 00:00:00.000,0.0,0.0,0.0,0.0,unknown,,,,,0A6009B1-4A31-40F8-9757-A16CCE50BD96,,en_CA,"iPhone14,5",ios,18.5,CA,2025-09-05 19:34:44.028,custom
2025-09-05 19:34:54.639,1970-01-01 00:00:00.000,0.0,0.0,0.0,0.0,unknown,,,,,0A6009B1-4A31-40F8-9757-A16CCE50BD96,,en_CA,"iPhone14,5",ios,18.5,CA,2025-09-05 19:34:44.028,custom
2025-09-05 19:34:54.638,1970-01-01 00:00:00.000,0.0,0.0,0.0,0.0,unknown,,,,,0A6009B1-4A31-40F8-9757-A16CCE50BD96,,en_CA,"iPhone14,5",ios,18.5,CA,2025-09-05 19:34:44.028,custom
2025-09-05 19:34:54.703,1970-01-01 00:00:00.000,0.0,0.0,0.0,0.0,unknown,,,,,0A6009B1-4A31-40F8-9757-A16CCE50BD96,,en_CA,"iPhone14,5",ios,18.5,CA,2025-09-05 19:34:44.028,custom
2025-09-05 19:34:55.618,1970-01-01 00:00:00.000,0.0,0.0,0.0,0.0,unknown,,,,,0A6009B1-4A31-40F8-9757-A16CCE50BD96,,en_CA,"iPhone14,5",ios,18.5,CA,2025-09-05 19:34:44.028,custom
2025-09-05 19:34:55.727,1970-01-01 00:00:00.000,0.0,0.0,0.0,0.0,unknown,,,,,0A6009B1-4A31-40F8-9757-A16CCE50BD96,,en_CA,"iPhone14,5",ios,18.5,CA,2025-09-05 19:34:44.028,custom
2025-09-05 19:34:55.727,1970-01-01 00:00:00.000,0.0,0.0,0.0,0.0,unknown,,,,,0A6009B1-4A31-40F8-9757-A16CCE50BD96,,en_CA,"iPhone14,5",ios,18.5,CA,2025-09-05 19:34:44.028,custom
2025-09-05 19:34:55.727,1970-01-01 00:00:00.000,0.0,0.0,0.0,0.0,unknown,,,,,0A6009B1-4A31-40F8-9757-A16CCE50BD96,,en_CA,"iPhone14,5",ios,18.5,CA,2025-09-05 19:34:44.028,custom
2025-09-05 19:34:55.727,1970-01-01 00:00:00.000,0.0,0.0,0.0,0.0,unknown,,,,,0A6009B1-4A31-40F8-9757-A16CCE50BD96,,en_CA,"iPhone14,5",ios,18.5,CA,2025-09-05 19:34:44.028,custom
2025-09-05 19:34:55.780,1970-01-01 00:00:00.000,0.0,0.0,0.0,0.0,unknown,,,,,0A6009B1-4A31-40F8-9757-A16CCE50BD96,,en_CA,"iPhone14,5",ios,18.5,CA,2025-09-05 19:34:44.028,custom
2025-09-05 19:34:55.792,1970-01-01 00:00:00.000,0.0,0.0,0.0,0.0,unknown,,,,,0A6009B1-4A31-40F8-9757-A16CCE50BD96,,en_CA,"iPhone14,5",ios,18.5,CA,2025-09-05 19:34:44.028,custom
2025-09-05 19:34:55.746,1970-01-01 00:00:00.000,0.0,0.0,0.0,0.0,unknown,,,,,0A6009B1-4A31-40F8-9757-A16CCE50BD96,,en_CA,"iPhone14,5",ios,18.5,CA,2025-09-05 19:34:44.028,custom
2025-09-05 19:34:55.728,1970-01-01 00:00:00.000,0.0,0.0,0.0,0.0,unknown,,,,,0A6009B1-4A31-40F8-9757-A16CCE50BD96,,en_CA,"iPhone14,5",ios,18.5,CA,2025-09-05 19:34:44.028,custom
2025-09-05 19:34:55.951,1970-01-01 00:00:00.000,0.0,0.0,0.0,0.0,unknown,,,,,0A6009B1-4A31-40F8-9757-A16CCE50BD96,,en_CA,"iPhone14,5",ios,18.5,CA,2025-09-05 19:34:44.028,custom
2025-09-05 19:34:55.814,1970-01-01 00:00:00.000,0.0,0.0,0.0,0.0,unknown,,,,,0A6009B1-4A31-40F8-9757-A16CCE50BD96,,en_CA,"iPhone14,5",ios,18.5,CA,2025-09-05 19:34:44.028,custom
2025-09-05 19:34:55.798,1970-01-01 00:00:00.000,0.0,0.0,0.0,0.0,unknown,,,,,0A6009B1-4A31-40F8-9757-A16CCE50BD96,,en_CA,"iPhone14,5",ios,18.5,CA,2025-09-05 19:34:44.028,custom
2025-09-05 19:34:55.921,1970-01-01 00:00:00.000,0.0,0.0,0.0,0.0,unknown,,,,,0A6009B1-4A31-40F8-9757-A16CCE50BD96,,en_CA,"iPhone14,5",ios,18.5,CA,2025-09-05 19:34:44.028,custom
2025-09-05 19:34:55.863,1970-01-01 00:00:00.000,0.0,0.0,0.0,0.0,unknown,,,,,0A6009B1-4A31-40F8-9757-A16CCE50BD96,,en_CA,"iPhone14,5",ios,18.5,CA,2025-09-05 19:34:44.028,custom
2025-09-05 19:34:55.984,1970-01-01 00:00:00.000,0.0,0.0,0.0,0.0,toronto,,,,,0A6009B1-4A31-40F8-9757-A16CCE50BD96,,en_CA,"iPhone14,5",ios,18.5,CA,2025-09-05 19:34:44.028,custom
2025-09-05 19:34:55.971,1970-01-01 00:00:00.000,0.0,0.0,0.0,0.0,toronto,,,,,0A6009B1-4A31-40F8-9757-A16CCE50BD96,,en_CA,"iPhone14,5",ios,18.5,CA,2025-09-05 19:34:44.028,custom
2025-09-05 19:34:55.984,1970-01-01 00:00:00.000,0.0,0.0,0.0,0.0,toronto,,,,,0A6009B1-4A31-40F8-9757-A16CCE50BD96,,en_CA,"iPhone14,5",ios,18.5,CA,2025-09-05 19:34:44.028,custom
2025-09-05 19:34:55.985,1970-01-01 00:00:00.000,0.0,0.0,0.0,0.0,toronto,,,,,0A6009B1-4A31-40F8-9757-A16CCE50BD96,,en_CA,"iPhone14,5",ios,18.5,CA,2025-09-05 19:34:44.028,custom
2025-09-05 19:34:55.994,1970-01-01 00:00:00.000,0.0,0.0,0.0,0.0,toronto,,,,,0A6009B1-4A31-40F8-9757-A16CCE50BD96,,en_CA,"iPhone14,5",ios,18.5,CA,2025-09-05 19:34:44.028,custom
2025-09-05 19:34:56.056,1970-01-01 00:00:00.000,0.0,0.0,0.0,0.0,toronto,,,,,0A6009B1-4A31-40F8-9757-A16CCE50BD96,,en_CA,"iPhone14,5",ios,18.5,CA,2025-09-05 19:34:44.028,custom
2025-09-05 19:34:56.002,1970-01-01 00:00:00.000,0.0,0.0,0.0,0.0,toronto,,,,,0A6009B1-4A31-40F8-9757-A16CCE50BD96,,en_CA,"iPhone14,5",ios,18.5,CA,2025-09-05 19:34:44.028,impression
2025-09-05 19:34:56.056,1970-01-01 00:00:00.000,0.0,0.0,0.0,0.0,toronto,,,,,0A6009B1-4A31-40F8-9757-A16CCE50BD96,,en_CA,"iPhone14,5",ios,18.5,CA,2025-09-05 19:34:44.028,custom
2025-09-05 19:34:56.002,1970-01-01 00:00:00.000,0.0,0.0,0.0,0.0,toronto,,,,,0A6009B1-4A31-40F8-9757-A16CCE50BD96,,en_CA,"iPhone14,5",ios,18.5,CA,2025-09-05 19:34:44.028,custom
2025-09-05 19:34:56.086,1970-01-01 00:00:00.000,0.0,0.0,0.0,0.0,toronto,,,,,0A6009B1-4A31-40F8-9757-A16CCE50BD96,,en_CA,"iPhone14,5",ios,18.5,CA,2025-09-05 19:34:44.028,custom
2025-09-05 19:34:56.086,1970-01-01 00:00:00.000,0.0,0.0,0.0,0.0,toronto,,,,,0A6009B1-4A31-40F8-9757-A16CCE50BD96,,en_CA,"iPhone14,5",ios,18.5,CA,2025-09-05 19:34:44.028,custom
2025-09-05 19:34:56.083,1970-01-01 00:00:00.000,0.0,0.0,0.0,0.0,toronto,,,,,0A6009B1-4A31-40F8-9757-A16CCE50BD96,,en_CA,"iPhone14,5",ios,18.5,CA,2025-09-05 19:34:44.028,custom
2025-09-05 19:34:56.094,1970-01-01 00:00:00.000,0.0,0.0,0.0,0.0,toronto,,,,,0A6009B1-4A31-40F8-9757-A16CCE50BD96,,en_CA,"iPhone14,5",ios,18.5,CA,2025-09-05 19:34:44.028,custom
2025-09-05 19:34:56.100,1970-01-01 00:00:00.000,0.0,0.0,0.0,0.0,toronto,,,,,0A6009B1-4A31-40F8-9757-A16CCE50BD96,,en_CA,"iPhone14,5",ios,18.5,CA,2025-09-05 19:34:44.028,impression
2025-09-05 19:34:56.100,1970-01-01 00:00:00.000,0.0,0.0,0.0,0.0,toronto,,,,,0A6009B1-4A31-40F8-9757-A16CCE50BD96,,en_CA,"iPhone14,5",ios,18.5,CA,2025-09-05 19:34:44.028,custom
2025-09-05 19:34:56.100,1970-01-01 00:00:00.000,0.0,0.0,0.0,0.0,toronto,,,,,0A6009B1-4A31-40F8-9757-A16CCE50BD96,,en_CA,"iPhone14,5",ios,18.5,CA,2025-09-05 19:34:44.028,custom
2025-09-05 19:34:56.125,1970-01-01 00:00:00.000,0.0,0.0,0.0,0.0,toronto,,,,,0A6009B1-4A31-40F8-9757-A16CCE50BD96,,en_CA,"iPhone14,5",ios,18.5,CA,2025-09-05 19:34:44.028,custom
2025-09-05 19:34:56.395,1970-01-01 00:00:00.000,0.0,0.0,0.0,0.0,toronto,,,,,0A6009B1-4A31-40F8-9757-A16CCE50BD96,,en_CA,"iPhone14,5",ios,18.5,CA,2025-09-05 19:34:44.028,impression
2025-09-05 19:34:56.378,1970-01-01 00:00:00.000,0.0,0.0,0.0,0.0,toronto,,,,,0A6009B1-4A31-40F8-9757-A16CCE50BD96,,en_CA,"iPhone14,5",ios,18.5,CA,2025-09-05 19:34:44.028,impression
2025-09-05 19:34:56.395,1970-01-01 00:00:00.000,0.0,0.0,0.0,0.0,toronto,,,,,0A6009B1-4A31-40F8-9757-A16CCE50BD96,,en_CA,"iPhone14,5",ios,18.5,CA,2025-09-05 19:34:44.028,impression
2025-09-05 19:34:56.177,1970-01-01 00:00:00.000,0.0,0.0,0.0,0.0,toronto,,,,,0A6009B1-4A31-40F8-9757-A16CCE50BD96,,en_CA,"iPhone14,5",ios,18.5,CA,2025-09-05 19:34:44.028,custom
2025-09-05 19:34:56.440,1970-01-01 00:00:00.000,0.0,0.0,0.0,0.0,toronto,,,,,0A6009B1-4A31-40F8-9757-A16CCE50BD96,,en_CA,"iPhone14,5",ios,18.5,CA,2025-09-05 19:34:44.028,custom
2025-09-05 19:34:56.395,1970-01-01 00:00:00.000,0.0,0.0,0.0,0.0,toronto,,,,,0A6009B1-4A31-40F8-9757-A16CCE50BD96,,en_CA,"iPhone14,5",ios,18.5,CA,2025-09-05 19:34:44.028,impression
2025-09-05 19:34:56.428,1970-01-01 00:00:00.000,0.0,0.0,0.0,0.0,toronto,,,,,0A6009B1-4A31-40F8-9757-A16CCE50BD96,,en_CA,"iPhone14,5",ios,18.5,CA,2025-09-05 19:34:44.028,custom
2025-09-05 19:34:56.440,1970-01-01 00:00:00.000,0.0,0.0,0.0,0.0,toronto,,,,,0A6009B1-4A31-40F8-9757-A16CCE50BD96,,en_CA,"iPhone14,5",ios,18.5,CA,2025-09-05 19:34:44.028,impression
2025-09-05 19:34:56.395,1970-01-01 00:00:00.000,0.0,0.0,0.0,0.0,toronto,,,,,0A6009B1-4A31-40F8-9757-A16CCE50BD96,,en_CA,"iPhone14,5",ios,18.5,CA,2025-09-05 19:34:44.028,impression
2025-09-05 19:34:56.413,1970-01-01 00:00:00.000,0.0,0.0,0.0,0.0,toronto,,,,,0A6009B1-4A31-40F8-9757-A16CCE50BD96,,en_CA,"iPhone14,5",ios,18.5,CA,2025-09-05 19:34:44.028,custom
2025-09-05 19:34:56.415,1970-01-01 00:00:00.000,0.0,0.0,0.0,0.0,toronto,,,,,0A6009B1-4A31-40F8-9757-A16CCE50BD96,,en_CA,"iPhone14,5",ios,18.5,CA,2025-09-05 19:34:44.028,impression
2025-09-05 19:34:57.099,1970-01-01 00:00:00.000,0.0,0.0,0.0,0.0,toronto,,,,,0A6009B1-4A31-40F8-9757-A16CCE50BD96,,en_CA,"iPhone14,5",ios,18.5,CA,2025-09-05 19:34:44.028,custom
2025-09-05 19:34:56.943,1970-01-01 00:00:00.000,0.0,0.0,0.0,0.0,toronto,,,,,0A6009B1-4A31-40F8-9757-A16CCE50BD96,,en_CA,"iPhone14,5",ios,18.5,CA,2025-09-05 19:34:44.028,custom
2025-09-05 19:34:56.940,1970-01-01 00:00:00.000,0.0,0.0,0.0,0.0,toronto,,,,,0A6009B1-4A31-40F8-9757-A16CCE50BD96,,en_CA,"iPhone14,5",ios,18.5,CA,2025-09-05 19:34:44.028,custom
2025-09-05 19:34:56.479,1970-01-01 00:00:00.000,0.0,0.0,0.0,0.0,toronto,,,,,0A6009B1-4A31-40F8-9757-A16CCE50BD96,,en_CA,"iPhone14,5",ios,18.5,CA,2025-09-05 19:34:44.028,custom
2025-09-05 19:34:56.796,1970-01-01 00:00:00.000,0.0,0.0,0.0,0.0,toronto,,,,,0A6009B1-4A31-40F8-9757-A16CCE50BD96,,en_CA,"iPhone14,5",ios,18.5,CA,2025-09-05 19:34:44.028,impression
2025-09-05 19:34:56.942,1970-01-01 00:00:00.000,0.0,0.0,0.0,0.0,toronto,,,,,0A6009B1-4A31-40F8-9757-A16CCE50BD96,,en_CA,"iPhone14,5",ios,18.5,CA,2025-09-05 19:34:44.028,custom
2025-09-05 19:34:56.635,1970-01-01 00:00:00.000,0.0,0.0,0.0,0.0,toronto,,,,,0A6009B1-4A31-40F8-9757-A16CCE50BD96,,en_CA,"iPhone14,5",ios,18.5,CA,2025-09-05 19:34:44.028,custom
2025-09-05 19:34:57.104,1970-01-01 00:00:00.000,0.0,0.0,0.0,0.0,toronto,,,,,0A6009B1-4A31-40F8-9757-A16CCE50BD96,,en_CA,"iPhone14,5",ios,18.5,CA,2025-09-05 19:34:44.028,custom
2025-09-05 19:34:57.131,1970-01-01 00:00:00.000,0.0,0.0,0.0,0.0,toronto,,,,,0A6009B1-4A31-40F8-9757-A16CCE50BD96,,en_CA,"iPhone14,5",ios,18.5,CA,2025-09-05 19:34:44.028,custom
2025-09-05 19:34:57.540,1970-01-01 00:00:00.000,0.0,0.0,0.0,0.0,toronto,,,,,0A6009B1-4A31-40F8-9757-A16CCE50BD96,,en_CA,"iPhone14,5",ios,18.5,CA,2025-09-05 19:34:44.028,impression
2025-09-05 19:34:57.542,1970-01-01 00:00:00.000,0.0,0.0,0.0,0.0,toronto,,,,,0A6009B1-4A31-40F8-9757-A16CCE50BD96,,en_CA,"iPhone14,5",ios,18.5,CA,2025-09-05 19:34:44.028,impression
2025-09-05 19:34:57.976,1970-01-01 00:00:00.000,0.0,0.0,0.0,0.0,toronto,,,,,0A6009B1-4A31-40F8-9757-A16CCE50BD96,,en_CA,"iPhone14,5",ios,18.5,CA,2025-09-05 19:34:44.028,custom
2025-09-05 19:34:58.010,1970-01-01 00:00:00.000,0.0,0.0,0.0,0.0,toronto,,,,,0A6009B1-4A31-40F8-9757-A16CCE50BD96,,en_CA,"iPhone14,5",ios,18.5,CA,2025-09-05 19:34:44.028,custom
2025-09-05 19:34:57.541,1970-01-01 00:00:00.000,0.0,0.0,0.0,0.0,toronto,,,,,0A6009B1-4A31-40F8-9757-A16CCE50BD96,,en_CA,"iPhone14,5",ios,18.5,CA,2025-09-05 19:34:44.028,impression
2025-09-05 19:34:57.541,1970-01-01 00:00:00.000,0.0,0.0,0.0,0.0,toronto,,,,,0A6009B1-4A31-40F8-9757-A16CCE50BD96,,en_CA,"iPhone14,5",ios,18.5,CA,2025-09-05 19:34:44.028,impression
2025-09-05 19:34:58.329,1970-01-01 00:00:00.000,0.0,0.0,0.0,0.0,toronto,,,,,0A6009B1-4A31-40F8-9757-A16CCE50BD96,,en_CA,"iPhone14,5",ios,18.5,CA,2025-09-05 19:34:44.028,custom
2025-09-05 19:34:54.505,1970-01-01 00:00:00.000,0.0,0.0,0.0,0.0,unknown,,,,,0A6009B1-4A31-40F8-9757-A16CCE50BD96,,en_CA,"iPhone14,5",ios,18.5,CA,2025-09-05 19:34:44.028,custom
2025-09-05 19:34:54.504,1970-01-01 00:00:00.000,0.0,0.0,0.0,0.0,unknown,,,,,0A6009B1-4A31-40F8-9757-A16CCE50BD96,,en_CA,"iPhone14,5",ios,18.5,CA,2025-09-05 19:34:44.028,custom
2025-09-05 19:34:54.576,1970-01-01 00:00:00.000,0.0,0.0,0.0,0.0,unknown,,,,,0A6009B1-4A31-40F8-9757-A16CCE50BD96,,en_CA,"iPhone14,5",ios,18.5,CA,2025-09-05 19:34:44.028,custom
2025-09-05 19:34:55.728,1970-01-01 00:00:00.000,0.0,0.0,0.0,0.0,unknown,,,,,0A6009B1-4A31-40F8-9757-A16CCE50BD96,,en_CA,"iPhone14,5",ios,18.5,CA,2025-09-05 19:34:44.028,custom
2025-09-05 19:34:55.772,1970-01-01 00:00:00.000,0.0,0.0,0.0,0.0,unknown,,,,,0A6009B1-4A31-40F8-9757-A16CCE50BD96,,en_CA,"iPhone14,5",ios,18.5,CA,2025-09-05 19:34:44.028,custom
2025-09-05 19:34:55.728,1970-01-01 00:00:00.000,0.0,0.0,0.0,0.0,unknown,,,,,0A6009B1-4A31-40F8-9757-A16CCE50BD96,,en_CA,"iPhone14,5",ios,18.5,CA,2025-09-05 19:34:44.028,custom
2025-09-05 19:34:55.767,1970-01-01 00:00:00.000,0.0,0.0,0.0,0.0,unknown,,,,,0A6009B1-4A31-40F8-9757-A16CCE50BD96,,en_CA,"iPhone14,5",ios,18.5,CA,2025-09-05 19:34:44.028,custom
2025-09-05 19:34:55.728,1970-01-01 00:00:00.000,0.0,0.0,0.0,0.0,unknown,,,,,0A6009B1-4A31-40F8-9757-A16CCE50BD96,,en_CA,"iPhone14,5",ios,18.5,CA,2025-09-05 19:34:44.028,custom
2025-09-05 19:34:55.776,1970-01-01 00:00:00.000,0.0,0.0,0.0,0.0,unknown,,,,,0A6009B1-4A31-40F8-9757-A16CCE50BD96,,en_CA,"iPhone14,5",ios,18.5,CA,2025-09-05 19:34:44.028,custom
2025-09-05 19:34:55.988,1970-01-01 00:00:00.000,0.0,0.0,0.0,0.0,toronto,,,,,0A6009B1-4A31-40F8-9757-A16CCE50BD96,,en_CA,"iPhone14,5",ios,18.5,CA,2025-09-05 19:34:44.028,custom
2025-09-05 19:34:55.803,1970-01-01 00:00:00.000,0.0,0.0,0.0,0.0,unknown,,,,,0A6009B1-4A31-40F8-9757-A16CCE50BD96,,en_CA,"iPhone14,5",ios,18.5,CA,2025-09-05 19:34:44.028,custom
2025-09-05 19:34:55.821,1970-01-01 00:00:00.000,0.0,0.0,0.0,0.0,unknown,,,,,0A6009B1-4A31-40F8-9757-A16CCE50BD96,,en_CA,"iPhone14,5",ios,18.5,CA,2025-09-05 19:34:44.028,custom
2025-09-05 19:34:55.988,1970-01-01 00:00:00.000,0.0,0.0,0.0,0.0,toronto,,,,,0A6009B1-4A31-40F8-9757-A16CCE50BD96,,en_CA,"iPhone14,5",ios,18.5,CA,2025-09-05 19:34:44.028,custom
2025-09-05 19:34:55.989,1970-01-01 00:00:00.000,0.0,0.0,0.0,0.0,toronto,,,,,0A6009B1-4A31-40F8-9757-A16CCE50BD96,,en_CA,"iPhone14,5",ios,18.5,CA,2025-09-05 19:34:44.028,custom
2025-09-05 19:34:56.095,1970-01-01 00:00:00.000,0.0,0.0,0.0,0.0,toronto,,,,,0A6009B1-4A31-40F8-9757-A16CCE50BD96,,en_CA,"iPhone14,5",ios,18.5,CA,2025-09-05 19:34:44.028,custom
2025-09-05 19:34:56.025,1970-01-01 00:00:00.000,0.0,0.0,0.0,0.0,toronto,,,,,0A6009B1-4A31-40F8-9757-A16CCE50BD96,,en_CA,"iPhone14,5",ios,18.5,CA,2025-09-05 19:34:44.028,custom
2025-09-05 19:34:57.104,1970-01-01 00:00:00.000,0.0,0.0,0.0,0.0,toronto,,,,,0A6009B1-4A31-40F8-9757-A16CCE50BD96,,en_CA,"iPhone14,5",ios,18.5,CA,2025-09-05 19:34:44.028,custom
2025-09-05 19:34:56.444,1970-01-01 00:00:00.000,0.0,0.0,0.0,0.0,toronto,,,,,0A6009B1-4A31-40F8-9757-A16CCE50BD96,,en_CA,"iPhone14,5",ios,18.5,CA,2025-09-05 19:34:44.028,custom
2025-09-05 19:34:56.431,1970-01-01 00:00:00.000,0.0,0.0,0.0,0.0,toronto,,,,,0A6009B1-4A31-40F8-9757-A16CCE50BD96,,en_CA,"iPhone14,5",ios,18.5,CA,2025-09-05 19:34:44.028,custom
2025-09-05 19:34:56.269,1970-01-01 00:00:00.000,0.0,0.0,0.0,0.0,toronto,,,,,0A6009B1-4A31-40F8-9757-A16CCE50BD96,,en_CA,"iPhone14,5",ios,18.5,CA,2025-09-05 19:34:44.028,custom
2025-09-05 19:34:57.024,1970-01-01 00:00:00.000,0.0,0.0,0.0,0.0,toronto,,,,,0A6009B1-4A31-40F8-9757-A16CCE50BD96,,en_CA,"iPhone14,5",ios,18.5,CA,2025-09-05 19:34:44.028,custom
2025-09-05 19:34:56.437,1970-01-01 00:00:00.000,0.0,0.0,0.0,0.0,toronto,,,,,0A6009B1-4A31-40F8-9757-A16CCE50BD96,,en_CA,"iPhone14,5",ios,18.5,CA,2025-09-05 19:34:44.028,custom
2025-09-05 19:34:56.635,1970-01-01 00:00:00.000,0.0,0.0,0.0,0.0,toronto,,,,,0A6009B1-4A31-40F8-9757-A16CCE50BD96,,en_CA,"iPhone14,5",ios,18.5,CA,2025-09-05 19:34:44.028,custom
2025-09-05 19:34:57.889,1970-01-01 00:00:00.000,0.0,0.0,0.0,0.0,toronto,,,,,0A6009B1-4A31-40F8-9757-A16CCE50BD96,,en_CA,"iPhone14,5",ios,18.5,CA,2025-09-05 19:34:44.028,custom
2025-09-05 19:34:57.889,1970-01-01 00:00:00.000,0.0,0.0,0.0,0.0,toronto,,,,,0A6009B1-4A31-40F8-9757-A16CCE50BD96,,en_CA,"iPhone14,5",ios,18.5,CA,2025-09-05 19:34:44.028,custom
2025-09-04 21:04:14.023,1970-01-01 00:00:00.000,0.0,0.0,0.0,0.0,unknown,,,,,0A6009B1-4A31-40F8-9757-A16CCE50BD96,,en_CA,"iPhone14,5",ios,18.5,CA,2025-09-04 21:04:11.076,custom
2025-09-04 21:04:14.195,1970-01-01 00:00:00.000,0.0,0.0,0.0,0.0,toronto,,,,,0A6009B1-4A31-40F8-9757-A16CCE50BD96,,en_CA,"iPhone14,5",ios,18.5,CA,2025-09-04 21:04:11.076,custom
2025-09-04 21:04:14.196,1970-01-01 00:00:00.000,0.0,0.0,0.0,0.0,toronto,,,,,0A6009B1-4A31-40F8-9757-A16CCE50BD96,,en_CA,"iPhone14,5",ios,18.5,CA,2025-09-04 21:04:11.076,custom
2025-09-04 21:04:14.195,1970-01-01 00:00:00.000,0.0,0.0,0.0,0.0,toronto,,,,,0A6009B1-4A31-40F8-9757-A16CCE50BD96,,en_CA,"iPhone14,5",ios,18.5,CA,2025-09-04 21:04:11.076,custom
2025-09-04 21:04:14.198,1970-01-01 00:00:00.000,0.0,0.0,0.0,0.0,toronto,,,,,0A6009B1-4A31-40F8-9757-A16CCE50BD96,,en_CA,"iPhone14,5",ios,18.5,CA,2025-09-04 21:04:11.076,custom
2025-09-04 21:04:14.224,1970-01-01 00:00:00.000,0.0,0.0,0.0,0.0,toronto,,,,,0A6009B1-4A31-40F8-9757-A16CCE50BD96,,en_CA,"iPhone14,5",ios,18.5,CA,2025-09-04 21:04:11.076,custom
2025-09-04 21:04:14.250,1970-01-01 00:00:00.000,0.0,0.0,0.0,0.0,toronto,,,,,0A6009B1-4A31-40F8-9757-A16CCE50BD96,,en_CA,"iPhone14,5",ios,18.5,CA,2025-09-04 21:04:11.076,impression
2025-09-04 21:04:14.251,1970-01-01 00:00:00.000,0.0,0.0,0.0,0.0,toronto,,,,,0A6009B1-4A31-40F8-9757-A16CCE50BD96,,en_CA,"iPhone14,5",ios,18.5,CA,2025-09-04 21:04:11.076,custom
2025-09-04 21:04:14.285,1970-01-01 00:00:00.000,0.0,0.0,0.0,0.0,toronto,,,,,0A6009B1-4A31-40F8-9757-A16CCE50BD96,,en_CA,"iPhone14,5",ios,18.5,CA,2025-09-04 21:04:11.076,custom
2025-09-04 21:04:14.302,1970-01-01 00:00:00.000,0.0,0.0,0.0,0.0,toronto,,,,,0A6009B1-4A31-40F8-9757-A16CCE50BD96,,en_CA,"iPhone14,5",ios,18.5,CA,2025-09-04 21:04:11.076,custom
2025-09-04 21:04:14.298,1970-01-01 00:00:00.000,0.0,0.0,0.0,0.0,toronto,,,,,0A6009B1-4A31-40F8-9757-A16CCE50BD96,,en_CA,"iPhone14,5",ios,18.5,CA,2025-09-04 21:04:11.076,custom
2025-09-04 21:04:14.317,1970-01-01 00:00:00.000,0.0,0.0,0.0,0.0,toronto,,,,,0A6009B1-4A31-40F8-9757-A16CCE50BD96,,en_CA,"iPhone14,5",ios,18.5,CA,2025-09-04 21:04:11.076,custom
2025-09-04 21:04:14.319,1970-01-01 00:00:00.000,0.0,0.0,0.0,0.0,toronto,,,,,0A6009B1-4A31-40F8-9757-A16CCE50BD96,,en_CA,"iPhone14,5",ios,18.5,CA,2025-09-04 21:04:11.076,impression
2025-09-04 21:04:14.404,1970-01-01 00:00:00.000,0.0,0.0,0.0,0.0,toronto,,,,,0A6009B1-4A31-40F8-9757-A16CCE50BD96,,en_CA,"iPhone14,5",ios,18.5,CA,2025-09-04 21:04:11.076,custom
2025-09-04 21:04:14.322,1970-01-01 00:00:00.000,0.0,0.0,0.0,0.0,toronto,,,,,0A6009B1-4A31-40F8-9757-A16CCE50BD96,,en_CA,"iPhone14,5",ios,18.5,CA,2025-09-04 21:04:11.076,custom
2025-09-04 21:04:14.438,1970-01-01 00:00:00.000,0.0,0.0,0.0,0.0,toronto,,,,,0A6009B1-4A31-40F8-9757-A16CCE50BD96,,en_CA,"iPhone14,5",ios,18.5,CA,2025-09-04 21:04:11.076,custom
2025-09-04 21:04:14.496,1970-01-01 00:00:00.000,0.0,0.0,0.0,0.0,toronto,,,,,0A6009B1-4A31-40F8-9757-A16CCE50BD96,,en_CA,"iPhone14,5",ios,18.5,CA,2025-09-04 21:04:11.076,custom
2025-09-04 21:04:14.625,1970-01-01 00:00:00.000,0.0,0.0,0.0,0.0,toronto,,,,,0A6009B1-4A31-40F8-9757-A16CCE50BD96,,en_CA,"iPhone14,5",ios,18.5,CA,2025-09-04 21:04:11.076,custom
2025-09-04 21:04:14.626,1970-01-01 00:00:00.000,0.0,0.0,0.0,0.0,toronto,,,,,0A6009B1-4A31-40F8-9757-A16CCE50BD96,,en_CA,"iPhone14,5",ios,18.5,CA,2025-09-04 21:04:11.076,custom
2025-09-04 21:04:14.631,1970-01-01 00:00:00.000,0.0,0.0,0.0,0.0,toronto,,,,,0A6009B1-4A31-40F8-9757-A16CCE50BD96,,en_CA,"iPhone14,5",ios,18.5,CA,2025-09-04 21:04:11.076,impression
2025-09-04 21:04:14.629,1970-01-01 00:00:00.000,0.0,0.0,0.0,0.0,toronto,,,,,0A6009B1-4A31-40F8-9757-A16CCE50BD96,,en_CA,"iPhone14,5",ios,18.5,CA,2025-09-04 21:04:11.076,custom
2025-09-04 21:04:15.215,1970-01-01 00:00:00.000,0.0,0.0,0.0,0.0,toronto,,,,,0A6009B1-4A31-40F8-9757-A16CCE50BD96,,en_CA,"iPhone14,5",ios,18.5,CA,2025-09-04 21:04:11.076,impression
2025-09-04 21:04:15.213,1970-01-01 00:00:00.000,0.0,0.0,0.0,0.0,toronto,,,,,0A6009B1-4A31-40F8-9757-A16CCE50BD96,,en_CA,"iPhone14,5",ios,18.5,CA,2025-09-04 21:04:11.076,impression
2025-09-04 21:04:15.229,1970-01-01 00:00:00.000,0.0,0.0,0.0,0.0,toronto,,,,,0A6009B1-4A31-40F8-9757-A16CCE50BD96,,en_CA,"iPhone14,5",ios,18.5,CA,2025-09-04 21:04:11.076,impression
2025-09-04 21:04:15.229,1970-01-01 00:00:00.000,0.0,0.0,0.0,0.0,toronto,,,,,0A6009B1-4A31-40F8-9757-A16CCE50BD96,,en_CA,"iPhone14,5",ios,18.5,CA,2025-09-04 21:04:11.076,impression
2025-09-04 21:04:15.229,1970-01-01 00:00:00.000,0.0,0.0,0.0,0.0,toronto,,,,,0A6009B1-4A31-40F8-9757-A16CCE50BD96,,en_CA,"iPhone14,5",ios,18.5,CA,2025-09-04 21:04:11.076,impression
2025-09-04 21:04:15.421,1970-01-01 00:00:00.000,0.0,0.0,0.0,0.0,toronto,,,,,0A6009B1-4A31-40F8-9757-A16CCE50BD96,,en_CA,"iPhone14,5",ios,18.5,CA,2025-09-04 21:04:11.076,custom
2025-09-04 21:04:15.561,1970-01-01 00:00:00.000,0.0,0.0,0.0,0.0,toronto,,,,,0A6009B1-4A31-40F8-9757-A16CCE50BD96,,en_CA,"iPhone14,5",ios,18.5,CA,2025-09-04 21:04:11.076,impression
2025-09-04 21:04:15.561,1970-01-01 00:00:00.000,0.0,0.0,0.0,0.0,toronto,,,,,0A6009B1-4A31-40F8-9757-A16CCE50BD96,,en_CA,"iPhone14,5",ios,18.5,CA,2025-09-04 21:04:11.076,custom
2025-09-04 21:04:15.466,1970-01-01 00:00:00.000,0.0,0.0,0.0,0.0,toronto,,,,,0A6009B1-4A31-40F8-9757-A16CCE50BD96,,en_CA,"iPhone14,5",ios,18.5,CA,2025-09-04 21:04:11.076,custom
2025-09-04 21:04:12.358,1970-01-01 00:00:00.000,0.0,0.0,0.0,0.0,unknown,,,,,0A6009B1-4A31-40F8-9757-A16CCE50BD96,,en_CA,"iPhone14,5",ios,18.5,CA,2025-09-04 21:04:11.076,lifecycle
2025-09-04 21:04:12.361,1970-01-01 00:00:00.000,0.0,0.0,0.0,0.0,unknown,,,,,0A6009B1-4A31-40F8-9757-A16CCE50BD96,,en_CA,"iPhone14,5",ios,18.5,CA,2025-09-04 21:04:11.076,custom
2025-09-04 21:04:12.361,1970-01-01 00:00:00.000,0.0,0.0,0.0,0.0,unknown,,,,,0A6009B1-4A31-40F8-9757-A16CCE50BD96,,en_CA,"iPhone14,5",ios,18.5,CA,2025-09-04 21:04:11.076,custom
2025-09-04 21:04:13.495,1970-01-01 00:00:00.000,0.0,0.0,0.0,0.0,unknown,,,,,0A6009B1-4A31-40F8-9757-A16CCE50BD96,,en_CA,"iPhone14,5",ios,18.5,CA,2025-09-04 21:04:11.076,custom
2025-09-04 21:04:12.362,1970-01-01 00:00:00.000,0.0,0.0,0.0,0.0,unknown,,,,,0A6009B1-4A31-40F8-9757-A16CCE50BD96,,en_CA,"iPhone14,5",ios,18.5,CA,2025-09-04 21:04:11.076,custom
2025-09-04 21:04:13.498,1970-01-01 00:00:00.000,0.0,0.0,0.0,0.0,unknown,,,,,0A6009B1-4A31-40F8-9757-A16CCE50BD96,,en_CA,"iPhone14,5",ios,18.5,CA,2025-09-04 21:04:11.076,custom
2025-09-04 21:04:13.575,1970-01-01 00:00:00.000,0.0,0.0,0.0,0.0,unknown,,,,,0A6009B1-4A31-40F8-9757-A16CCE50BD96,,en_CA,"iPhone14,5",ios,18.5,CA,2025-09-04 21:04:11.076,custom
2025-09-04 21:04:13.499,1970-01-01 00:00:00.000,0.0,0.0,0.0,0.0,unknown,,,,,0A6009B1-4A31-40F8-9757-A16CCE50BD96,,en_CA,"iPhone14,5",ios,18.5,CA,2025-09-04 21:04:11.076,custom
2025-09-04 21:04:13.592,1970-01-01 00:00:00.000,0.0,0.0,0.0,0.0,unknown,,,,,0A6009B1-4A31-40F8-9757-A16CCE50BD96,,en_CA,"iPhone14,5",ios,18.5,CA,2025-09-04 21:04:11.076,custom
2025-09-04 21:04:13.615,1970-01-01 00:00:00.000,0.0,0.0,0.0,0.0,unknown,,,,,0A6009B1-4A31-40F8-9757-A16CCE50BD96,,en_CA,"iPhone14,5",ios,18.5,CA,2025-09-04 21:04:11.076,custom
2025-09-04 21:04:13.688,1970-01-01 00:00:00.000,0.0,0.0,0.0,0.0,unknown,,,,,0A6009B1-4A31-40F8-9757-A16CCE50BD96,,en_CA,"iPhone14,5",ios,18.5,CA,2025-09-04 21:04:11.076,custom
2025-09-04 21:04:13.738,1970-01-01 00:00:00.000,0.0,0.0,0.0,0.0,unknown,,,,,0A6009B1-4A31-40F8-9757-A16CCE50BD96,,en_CA,"iPhone14,5",ios,18.5,CA,2025-09-04 21:04:11.076,custom
2025-09-04 21:04:14.202,1970-01-01 00:00:00.000,0.0,0.0,0.0,0.0,toronto,,,,,0A6009B1-4A31-40F8-9757-A16CCE50BD96,,en_CA,"iPhone14,5",ios,18.5,CA,2025-09-04 21:04:11.076,custom
2025-09-04 21:04:14.278,1970-01-01 00:00:00.000,0.0,0.0,0.0,0.0,toronto,,,,,0A6009B1-4A31-40F8-9757-A16CCE50BD96,,en_CA,"iPhone14,5",ios,18.5,CA,2025-09-04 21:04:11.076,custom
2025-09-04 21:04:14.221,1970-01-01 00:00:00.000,0.0,0.0,0.0,0.0,toronto,,,,,0A6009B1-4A31-40F8-9757-A16CCE50BD96,,en_CA,"iPhone14,5",ios,18.5,CA,2025-09-04 21:04:11.076,custom
2025-09-04 21:04:14.312,1970-01-01 00:00:00.000,0.0,0.0,0.0,0.0,toronto,,,,,0A6009B1-4A31-40F8-9757-A16CCE50BD96,,en_CA,"iPhone14,5",ios,18.5,CA,2025-09-04 21:04:11.076,custom
2025-09-04 21:04:14.281,1970-01-01 00:00:00.000,0.0,0.0,0.0,0.0,toronto,,,,,0A6009B1-4A31-40F8-9757-A16CCE50BD96,,en_CA,"iPhone14,5",ios,18.5,CA,2025-09-04 21:04:11.076,custom
2025-09-04 21:04:14.815,1970-01-01 00:00:00.000,0.0,0.0,0.0,0.0,toronto,,,,,0A6009B1-4A31-40F8-9757-A16CCE50BD96,,en_CA,"iPhone14,5",ios,18.5,CA,2025-09-04 21:04:11.076,custom
2025-09-04 21:04:15.715,1970-01-01 00:00:00.000,0.0,0.0,0.0,0.0,toronto,,,,,0A6009B1-4A31-40F8-9757-A16CCE50BD96,,en_CA,"iPhone14,5",ios,18.5,CA,2025-09-04 21:04:11.076,custom
2025-09-04 21:04:15.700,1970-01-01 00:00:00.000,0.0,0.0,0.0,0.0,toronto,,,,,0A6009B1-4A31-40F8-9757-A16CCE50BD96,,en_CA,"iPhone14,5",ios,18.5,CA,2025-09-04 21:04:11.076,custom
2025-09-04 21:04:15.421,1970-01-01 00:00:00.000,0.0,0.0,0.0,0.0,toronto,,,,,0A6009B1-4A31-40F8-9757-A16CCE50BD96,,en_CA,"iPhone14,5",ios,18.5,CA,2025-09-04 21:04:11.076,custom
2025-09-04 21:04:15.713,1970-01-01 00:00:00.000,0.0,0.0,0.0,0.0,toronto,,,,,0A6009B1-4A31-40F8-9757-A16CCE50BD96,,en_CA,"iPhone14,5",ios,18.5,CA,2025-09-04 21:04:11.076,custom
2025-08-31 01:55:25.055,2025-08-31 01:55:23.383,14.836956525541309,43.93715132543877,-78.69937122096798,-1.0,toronto,,,,,0A6009B1-4A31-40F8-9757-A16CCE50BD96,,en_CA,"iPhone14,5",ios,18.5,CA,2025-08-31 01:55:23.991,custom
2025-08-31 01:55:25.055,2025-08-31 01:55:23.383,14.836956525541309,43.93715132543877,-78.69937122096798,-1.0,toronto,,,,,0A6009B1-4A31-40F8-9757-A16CCE50BD96,,en_CA,"iPhone14,5",ios,18.5,CA,2025-08-31 01:55:23.991,custom
2025-08-31 01:55:25.061,2025-08-31 01:55:23.383,14.836956525541309,43.93715132543877,-78.69937122096798,-1.0,toronto,,,,,0A6009B1-4A31-40F8-9757-A16CCE50BD96,,en_CA,"iPhone14,5",ios,18.5,CA,2025-08-31 01:55:23.991,custom
2025-08-31 01:55:25.061,2025-08-31 01:55:23.383,14.836956525541309,43.93715132543877,-78.69937122096798,-1.0,toronto,,,,,0A6009B1-4A31-40F8-9757-A16CCE50BD96,,en_CA,"iPhone14,5",ios,18.5,CA,2025-08-31 01:55:23.991,custom
2025-08-31 01:55:25.061,2025-08-31 01:55:23.383,14.836956525541309,43.93715132543877,-78.69937122096798,-1.0,toronto,,,,,0A6009B1-4A31-40F8-9757-A16CCE50BD96,,en_CA,"iPhone14,5",ios,18.5,CA,2025-08-31 01:55:23.991,custom
2025-08-31 01:55:25.061,2025-08-31 01:55:23.383,14.836956525541309,43.93715132543877,-78.69937122096798,-1.0,toronto,,,,,0A6009B1-4A31-40F8-9757-A16CCE50BD96,,en_CA,"iPhone14,5",ios,18.5,CA,2025-08-31 01:55:23.991,custom
2025-08-31 01:55:25.061,2025-08-31 01:55:23.383,14.836956525541309,43.93715132543877,-78.69937122096798,-1.0,toronto,,,,,0A6009B1-4A31-40F8-9757-A16CCE50BD96,,en_CA,"iPhone14,5",ios,18.5,CA,2025-08-31 01:55:23.991,custom
2025-08-31 01:55:25.061,2025-08-31 01:55:23.383,14.836956525541309,43.93715132543877,-78.69937122096798,-1.0,toronto,,,,,0A6009B1-4A31-40F8-9757-A16CCE50BD96,,en_CA,"iPhone14,5",ios,18.5,CA,2025-08-31 01:55:23.991,custom
2025-08-31 01:55:25.061,2025-08-31 01:55:23.383,14.836956525541309,43.93715132543877,-78.69937122096798,-1.0,toronto,,,,,0A6009B1-4A31-40F8-9757-A16CCE50BD96,,en_CA,"iPhone14,5",ios,18.5,CA,2025-08-31 01:55:23.991,custom
2025-08-31 01:55:25.061,2025-08-31 01:55:23.383,14.836956525541309,43.93715132543877,-78.69937122096798,-1.0,toronto,,,,,0A6009B1-4A31-40F8-9757-A16CCE50BD96,,en_CA,"iPhone14,5",ios,18.5,CA,2025-08-31 01:55:23.991,lifecycle
2025-08-26 16:53:36.439,1970-01-01 00:00:00.000,0.0,0.0,0.0,0.0,toronto,,,,,0A6009B1-4A31-40F8-9757-A16CCE50BD96,,en_CA,"iPhone14,5",ios,18.5,CA,2025-08-26 16:53:16.793,impression
2025-08-26 16:53:36.440,1970-01-01 00:00:00.000,0.0,0.0,0.0,0.0,toronto,,,,,0A6009B1-4A31-40F8-9757-A16CCE50BD96,,en_CA,"iPhone14,5",ios,18.5,CA,2025-08-26 16:53:16.793,impression
2025-08-26 16:53:33.340,1970-01-01 00:00:00.000,0.0,0.0,0.0,0.0,toronto,,,,,0A6009B1-4A31-40F8-9757-A16CCE50BD96,,en_CA,"iPhone14,5",ios,18.5,CA,2025-08-26 16:53:16.793,custom
2025-08-26 16:53:36.440,1970-01-01 00:00:00.000,0.0,0.0,0.0,0.0,toronto,,,,,0A6009B1-4A31-40F8-9757-A16CCE50BD96,,en_CA,"iPhone14,5",ios,18.5,CA,2025-08-26 16:53:16.793,impression
2025-08-26 16:53:36.439,1970-01-01 00:00:00.000,0.0,0.0,0.0,0.0,toronto,,,,,0A6009B1-4A31-40F8-9757-A16CCE50BD96,,en_CA,"iPhone14,5",ios,18.5,CA,2025-08-26 16:53:16.793,impression
2025-08-31 01:55:29.490,2025-08-31 01:55:27.419,5.224145182020732,43.9322,-78.70217,1.0,toronto,,,,,0A6009B1-4A31-40F8-9757-A16CCE50BD96,,en_CA,"iPhone14,5",ios,18.5,CA,2025-08-31 01:55:23.991,impression
2025-08-31 01:55:32.773,1970-01-01 00:00:00.000,0.0,0.0,0.0,0.0,toronto,,,,,0A6009B1-4A31-40F8-9757-A16CCE50BD96,,en_CA,"iPhone14,5",ios,18.5,CA,2025-08-31 01:55:23.991,custom
2025-08-31 01:55:28.586,2025-08-31 01:55:27.419,5.224145182020732,43.9322,-78.70217,1.0,toronto,,,,,0A6009B1-4A31-40F8-9757-A16CCE50BD96,,en_CA,"iPhone14,5",ios,18.5,CA,2025-08-31 01:55:23.991,impression
2025-08-31 01:55:32.882,1970-01-01 00:00:00.000,0.0,0.0,0.0,0.0,toronto,,,,,0A6009B1-4A31-40F8-9757-A16CCE50BD96,,en_CA,"iPhone14,5",ios,18.5,CA,2025-08-31 01:55:23.991,impression
2025-08-31 01:55:28.593,2025-08-31 01:55:27.419,5.224145182020732,43.9322,-78.70217,1.0,toronto,,,,,0A6009B1-4A31-40F8-9757-A16CCE50BD96,,en_CA,"iPhone14,5",ios,18.5,CA,2025-08-31 01:55:23.991,impression
2025-08-31 01:55:28.602,2025-08-31 01:55:27.419,5.224145182020732,43.9322,-78.70217,1.0,toronto,,,,,0A6009B1-4A31-40F8-9757-A16CCE50BD96,,en_CA,"iPhone14,5",ios,18.5,CA,2025-08-31 01:55:23.991,impression
2025-08-31 01:55:28.610,2025-08-31 01:55:27.419,5.224145182020732,43.9322,-78.70217,1.0,toronto,,,,,0A6009B1-4A31-40F8-9757-A16CCE50BD96,,en_CA,"iPhone14,5",ios,18.5,CA,2025-08-31 01:55:23.991,impression
2025-08-31 01:55:28.619,2025-08-31 01:55:27.419,5.224145182020732,43.9322,-78.70217,1.0,toronto,,,,,0A6009B1-4A31-40F8-9757-A16CCE50BD96,,en_CA,"iPhone14,5",ios,18.5,CA,2025-08-31 01:55:23.991,impression
2025-08-31 01:55:28.659,2025-08-31 01:55:27.419,5.224145182020732,43.9322,-78.70217,1.0,toronto,,,,,0A6009B1-4A31-40F8-9757-A16CCE50BD96,,en_CA,"iPhone14,5",ios,18.5,CA,2025-08-31 01:55:23.991,custom
2025-08-31 01:55:28.688,2025-08-31 01:55:27.419,5.224145182020732,43.9322,-78.70217,1.0,toronto,,,,,0A6009B1-4A31-40F8-9757-A16CCE50BD96,,en_CA,"iPhone14,5",ios,18.5,CA,2025-08-31 01:55:23.991,custom
2025-08-31 01:55:28.668,2025-08-31 01:55:27.419,5.224145182020732,43.9322,-78.70217,1.0,toronto,,,,,0A6009B1-4A31-40F8-9757-A16CCE50BD96,,en_CA,"iPhone14,5",ios,18.5,CA,2025-08-31 01:55:23.991,custom
2025-08-31 01:55:28.709,2025-08-31 01:55:27.419,5.224145182020732,43.9322,-78.70217,1.0,toronto,,,,,0A6009B1-4A31-40F8-9757-A16CCE50BD96,,en_CA,"iPhone14,5",ios,18.5,CA,2025-08-31 01:55:23.991,custom
2025-08-31 01:55:28.710,2025-08-31 01:55:27.419,5.224145182020732,43.9322,-78.70217,1.0,toronto,,,,,0A6009B1-4A31-40F8-9757-A16CCE50BD96,,en_CA,"iPhone14,5",ios,18.5,CA,2025-08-31 01:55:23.991,custom
2025-08-31 01:55:29.238,2025-08-31 01:55:27.419,5.224145182020732,43.9322,-78.70217,1.0,toronto,,,,,0A6009B1-4A31-40F8-9757-A16CCE50BD96,,en_CA,"iPhone14,5",ios,18.5,CA,2025-08-31 01:55:23.991,custom
2025-08-31 01:55:29.239,2025-08-31 01:55:27.419,5.224145182020732,43.9322,-78.70217,1.0,toronto,,,,,0A6009B1-4A31-40F8-9757-A16CCE50BD96,,en_CA,"iPhone14,5",ios,18.5,CA,2025-08-31 01:55:23.991,impression
2025-08-31 01:55:29.254,2025-08-31 01:55:27.419,5.224145182020732,43.9322,-78.70217,1.0,toronto,,,,,0A6009B1-4A31-40F8-9757-A16CCE50BD96,,en_CA,"iPhone14,5",ios,18.5,CA,2025-08-31 01:55:23.991,custom
2025-08-31 01:55:29.301,2025-08-31 01:55:27.419,5.224145182020732,43.9322,-78.70217,1.0,toronto,,,,,0A6009B1-4A31-40F8-9757-A16CCE50BD96,,en_CA,"iPhone14,5",ios,18.5,CA,2025-08-31 01:55:23.991,impression
2025-08-31 01:55:29.283,2025-08-31 01:55:27.419,5.224145182020732,43.9322,-78.70217,1.0,toronto,,,,,0A6009B1-4A31-40F8-9757-A16CCE50BD96,,en_CA,"iPhone14,5",ios,18.5,CA,2025-08-31 01:55:23.991,impression
2025-08-31 01:55:29.291,2025-08-31 01:55:27.419,5.224145182020732,43.9322,-78.70217,1.0,toronto,,,,,0A6009B1-4A31-40F8-9757-A16CCE50BD96,,en_CA,"iPhone14,5",ios,18.5,CA,2025-08-31 01:55:23.991,custom
2025-08-31 01:55:29.305,2025-08-31 01:55:27.419,5.224145182020732,43.9322,-78.70217,1.0,toronto,,,,,0A6009B1-4A31-40F8-9757-A16CCE50BD96,,en_CA,"iPhone14,5",ios,18.5,CA,2025-08-31 01:55:23.991,impression
2025-08-31 01:55:29.306,2025-08-31 01:55:27.419,5.224145182020732,43.9322,-78.70217,1.0,toronto,,,,,0A6009B1-4A31-40F8-9757-A16CCE50BD96,,en_CA,"iPhone14,5",ios,18.5,CA,2025-08-31 01:55:23.991,impression
2025-08-31 01:55:29.305,2025-08-31 01:55:27.419,5.224145182020732,43.9322,-78.70217,1.0,toronto,,,,,0A6009B1-4A31-40F8-9757-A16CCE50BD96,,en_CA,"iPhone14,5",ios,18.5,CA,2025-08-31 01:55:23.991,impression
2025-08-31 01:55:32.712,1970-01-01 00:00:00.000,0.0,0.0,0.0,0.0,toronto,,,,,0A6009B1-4A31-40F8-9757-A16CCE50BD96,,en_CA,"iPhone14,5",ios,18.5,CA,2025-08-31 01:55:23.991,custom
2025-08-31 01:55:32.714,1970-01-01 00:00:00.000,0.0,0.0,0.0,0.0,toronto,,,,,0A6009B1-4A31-40F8-9757-A16CCE50BD96,,en_CA,"iPhone14,5",ios,18.5,CA,2025-08-31 01:55:23.991,custom
2025-08-31 01:55:32.714,1970-01-01 00:00:00.000,0.0,0.0,0.0,0.0,toronto,,,,,0A6009B1-4A31-40F8-9757-A16CCE50BD96,,en_CA,"iPhone14,5",ios,18.5,CA,2025-08-31 01:55:23.991,custom
2025-08-31 01:55:32.716,1970-01-01 00:00:00.000,0.0,0.0,0.0,0.0,toronto,,,,,0A6009B1-4A31-40F8-9757-A16CCE50BD96,,en_CA,"iPhone14,5",ios,18.5,CA,2025-08-31 01:55:23.991,custom
2025-08-31 01:55:32.731,1970-01-01 00:00:00.000,0.0,0.0,0.0,0.0,toronto,,,,,0A6009B1-4A31-40F8-9757-A16CCE50BD96,,en_CA,"iPhone14,5",ios,18.5,CA,2025-08-31 01:55:23.991,custom
2025-08-31 01:55:32.732,1970-01-01 00:00:00.000,0.0,0.0,0.0,0.0,toronto,,,,,0A6009B1-4A31-40F8-9757-A16CCE50BD96,,en_CA,"iPhone14,5",ios,18.5,CA,2025-08-31 01:55:23.991,custom
2025-08-31 01:55:32.732,1970-01-01 00:00:00.000,0.0,0.0,0.0,0.0,toronto,,,,,0A6009B1-4A31-40F8-9757-A16CCE50BD96,,en_CA,"iPhone14,5",ios,18.5,CA,2025-08-31 01:55:23.991,custom
2025-08-31 01:55:32.737,1970-01-01 00:00:00.000,0.0,0.0,0.0,0.0,toronto,,,,,0A6009B1-4A31-40F8-9757-A16CCE50BD96,,en_CA,"iPhone14,5",ios,18.5,CA,2025-08-31 01:55:23.991,custom
2025-08-31 01:55:32.737,1970-01-01 00:00:00.000,0.0,0.0,0.0,0.0,toronto,,,,,0A6009B1-4A31-40F8-9757-A16CCE50BD96,,en_CA,"iPhone14,5",ios,18.5,CA,2025-08-31 01:55:23.991,custom
2025-08-31 01:55:32.738,1970-01-01 00:00:00.000,0.0,0.0,0.0,0.0,toronto,,,,,0A6009B1-4A31-40F8-9757-A16CCE50BD96,,en_CA,"iPhone14,5",ios,18.5,CA,2025-08-31 01:55:23.991,custom
2025-08-31 01:55:32.737,1970-01-01 00:00:00.000,0.0,0.0,0.0,0.0,toronto,,,,,0A6009B1-4A31-40F8-9757-A16CCE50BD96,,en_CA,"iPhone14,5",ios,18.5,CA,2025-08-31 01:55:23.991,custom
2025-08-31 01:55:32.746,1970-01-01 00:00:00.000,0.0,0.0,0.0,0.0,toronto,,,,,0A6009B1-4A31-40F8-9757-A16CCE50BD96,,en_CA,"iPhone14,5",ios,18.5,CA,2025-08-31 01:55:23.991,custom
2025-08-31 01:55:32.747,1970-01-01 00:00:00.000,0.0,0.0,0.0,0.0,toronto,,,,,0A6009B1-4A31-40F8-9757-A16CCE50BD96,,en_CA,"iPhone14,5",ios,18.5,CA,2025-08-31 01:55:23.991,custom
2025-08-31 01:55:32.749,1970-01-01 00:00:00.000,0.0,0.0,0.0,0.0,toronto,,,,,0A6009B1-4A31-40F8-9757-A16CCE50BD96,,en_CA,"iPhone14,5",ios,18.5,CA,2025-08-31 01:55:23.991,custom
2025-08-31 01:55:32.750,1970-01-01 00:00:00.000,0.0,0.0,0.0,0.0,toronto,,,,,0A6009B1-4A31-40F8-9757-A16CCE50BD96,,en_CA,"iPhone14,5",ios,18.5,CA,2025-08-31 01:55:23.991,custom
2025-08-31 01:55:32.750,1970-01-01 00:00:00.000,0.0,0.0,0.0,0.0,toronto,,,,,0A6009B1-4A31-40F8-9757-A16CCE50BD96,,en_CA,"iPhone14,5",ios,18.5,CA,2025-08-31 01:55:23.991,custom
2025-08-31 01:55:32.752,1970-01-01 00:00:00.000,0.0,0.0,0.0,0.0,toronto,,,,,0A6009B1-4A31-40F8-9757-A16CCE50BD96,,en_CA,"iPhone14,5",ios,18.5,CA,2025-08-31 01:55:23.991,custom
2025-08-31 01:55:32.750,1970-01-01 00:00:00.000,0.0,0.0,0.0,0.0,toronto,,,,,0A6009B1-4A31-40F8-9757-A16CCE50BD96,,en_CA,"iPhone14,5",ios,18.5,CA,2025-08-31 01:55:23.991,custom
2025-08-31 01:55:32.754,1970-01-01 00:00:00.000,0.0,0.0,0.0,0.0,toronto,,,,,0A6009B1-4A31-40F8-9757-A16CCE50BD96,,en_CA,"iPhone14,5",ios,18.5,CA,2025-08-31 01:55:23.991,custom
2025-08-31 01:55:32.756,1970-01-01 00:00:00.000,0.0,0.0,0.0,0.0,toronto,,,,,0A6009B1-4A31-40F8-9757-A16CCE50BD96,,en_CA,"iPhone14,5",ios,18.5,CA,2025-08-31 01:55:23.991,custom
2025-08-31 01:55:32.755,1970-01-01 00:00:00.000,0.0,0.0,0.0,0.0,toronto,,,,,0A6009B1-4A31-40F8-9757-A16CCE50BD96,,en_CA,"iPhone14,5",ios,18.5,CA,2025-08-31 01:55:23.991,custom
2025-08-31 01:55:32.764,1970-01-01 00:00:00.000,0.0,0.0,0.0,0.0,toronto,,,,,0A6009B1-4A31-40F8-9757-A16CCE50BD96,,en_CA,"iPhone14,5",ios,18.5,CA,2025-08-31 01:55:23.991,custom
2025-08-31 01:55:32.761,1970-01-01 00:00:00.000,0.0,0.0,0.0,0.0,toronto,,,,,0A6009B1-4A31-40F8-9757-A16CCE50BD96,,en_CA,"iPhone14,5",ios,18.5,CA,2025-08-31 01:55:23.991,custom
2025-08-31 01:55:32.778,1970-01-01 00:00:00.000,0.0,0.0,0.0,0.0,toronto,,,,,0A6009B1-4A31-40F8-9757-A16CCE50BD96,,en_CA,"iPhone14,5",ios,18.5,CA,2025-08-31 01:55:23.991,custom
2025-08-31 01:55:32.775,1970-01-01 00:00:00.000,0.0,0.0,0.0,0.0,toronto,,,,,0A6009B1-4A31-40F8-9757-A16CCE50BD96,,en_CA,"iPhone14,5",ios,18.5,CA,2025-08-31 01:55:23.991,custom
2025-08-31 01:55:32.778,1970-01-01 00:00:00.000,0.0,0.0,0.0,0.0,toronto,,,,,0A6009B1-4A31-40F8-9757-A16CCE50BD96,,en_CA,"iPhone14,5",ios,18.5,CA,2025-08-31 01:55:23.991,custom
2025-08-31 01:55:32.782,1970-01-01 00:00:00.000,0.0,0.0,0.0,0.0,toronto,,,,,0A6009B1-4A31-40F8-9757-A16CCE50BD96,,en_CA,"iPhone14,5",ios,18.5,CA,2025-08-31 01:55:23.991,custom
2025-08-31 01:55:32.782,1970-01-01 00:00:00.000,0.0,0.0,0.0,0.0,toronto,,,,,0A6009B1-4A31-40F8-9757-A16CCE50BD96,,en_CA,"iPhone14,5",ios,18.5,CA,2025-08-31 01:55:23.991,impression
2025-08-31 01:55:32.783,1970-01-01 00:00:00.000,0.0,0.0,0.0,0.0,toronto,,,,,0A6009B1-4A31-40F8-9757-A16CCE50BD96,,en_CA,"iPhone14,5",ios,18.5,CA,2025-08-31 01:55:23.991,custom
2025-08-31 01:55:32.799,1970-01-01 00:00:00.000,0.0,0.0,0.0,0.0,toronto,,,,,0A6009B1-4A31-40F8-9757-A16CCE50BD96,,en_CA,"iPhone14,5",ios,18.5,CA,2025-08-31 01:55:23.991,custom
2025-08-31 01:55:32.797,1970-01-01 00:00:00.000,0.0,0.0,0.0,0.0,toronto,,,,,0A6009B1-4A31-40F8-9757-A16CCE50BD96,,en_CA,"iPhone14,5",ios,18.5,CA,2025-08-31 01:55:23.991,custom
2025-08-31 01:55:32.803,1970-01-01 00:00:00.000,0.0,0.0,0.0,0.0,toronto,,,,,0A6009B1-4A31-40F8-9757-A16CCE50BD96,,en_CA,"iPhone14,5",ios,18.5,CA,2025-08-31 01:55:23.991,custom
2025-08-31 01:55:32.809,1970-01-01 00:00:00.000,0.0,0.0,0.0,0.0,toronto,,,,,0A6009B1-4A31-40F8-9757-A16CCE50BD96,,en_CA,"iPhone14,5",ios,18.5,CA,2025-08-31 01:55:23.991,custom
2025-08-31 01:55:32.835,1970-01-01 00:00:00.000,0.0,0.0,0.0,0.0,toronto,,,,,0A6009B1-4A31-40F8-9757-A16CCE50BD96,,en_CA,"iPhone14,5",ios,18.5,CA,2025-08-31 01:55:23.991,impression
2025-08-31 01:55:32.836,1970-01-01 00:00:00.000,0.0,0.0,0.0,0.0,toronto,,,,,0A6009B1-4A31-40F8-9757-A16CCE50BD96,,en_CA,"iPhone14,5",ios,18.5,CA,2025-08-31 01:55:23.991,impression
2025-08-31 01:55:32.836,1970-01-01 00:00:00.000,0.0,0.0,0.0,0.0,toronto,,,,,0A6009B1-4A31-40F8-9757-A16CCE50BD96,,en_CA,"iPhone14,5",ios,18.5,CA,2025-08-31 01:55:23.991,impression
2025-08-31 01:55:32.835,1970-01-01 00:00:00.000,0.0,0.0,0.0,0.0,toronto,,,,,0A6009B1-4A31-40F8-9757-A16CCE50BD96,,en_CA,"iPhone14,5",ios,18.5,CA,2025-08-31 01:55:23.991,impression
2025-08-31 01:55:32.839,1970-01-01 00:00:00.000,0.0,0.0,0.0,0.0,toronto,,,,,0A6009B1-4A31-40F8-9757-A16CCE50BD96,,en_CA,"iPhone14,5",ios,18.5,CA,2025-08-31 01:55:23.991,custom
2025-08-31 01:55:32.837,1970-01-01 00:00:00.000,0.0,0.0,0.0,0.0,toronto,,,,,0A6009B1-4A31-40F8-9757-A16CCE50BD96,,en_CA,"iPhone14,5",ios,18.5,CA,2025-08-31 01:55:23.991,impression
2025-08-31 01:55:32.851,1970-01-01 00:00:00.000,0.0,0.0,0.0,0.0,toronto,,,,,0A6009B1-4A31-40F8-9757-A16CCE50BD96,,en_CA,"iPhone14,5",ios,18.5,CA,2025-08-31 01:55:23.991,custom
2025-08-31 01:55:32.852,1970-01-01 00:00:00.000,0.0,0.0,0.0,0.0,toronto,,,,,0A6009B1-4A31-40F8-9757-A16CCE50BD96,,en_CA,"iPhone14,5",ios,18.5,CA,2025-08-31 01:55:23.991,custom
2025-08-31 01:55:32.852,1970-01-01 00:00:00.000,0.0,0.0,0.0,0.0,toronto,,,,,0A6009B1-4A31-40F8-9757-A16CCE50BD96,,en_CA,"iPhone14,5",ios,18.5,CA,2025-08-31 01:55:23.991,impression
2025-08-31 01:55:32.868,1970-01-01 00:00:00.000,0.0,0.0,0.0,0.0,toronto,,,,,0A6009B1-4A31-40F8-9757-A16CCE50BD96,,en_CA,"iPhone14,5",ios,18.5,CA,2025-08-31 01:55:23.991,custom
2025-08-31 01:55:32.872,1970-01-01 00:00:00.000,0.0,0.0,0.0,0.0,toronto,,,,,0A6009B1-4A31-40F8-9757-A16CCE50BD96,,en_CA,"iPhone14,5",ios,18.5,CA,2025-08-31 01:55:23.991,custom
2025-08-31 01:55:32.871,1970-01-01 00:00:00.000,0.0,0.0,0.0,0.0,toronto,,,,,0A6009B1-4A31-40F8-9757-A16CCE50BD96,,en_CA,"iPhone14,5",ios,18.5,CA,2025-08-31 01:55:23.991,custom
2025-08-31 01:55:32.872,1970-01-01 00:00:00.000,0.0,0.0,0.0,0.0,toronto,,,,,0A6009B1-4A31-40F8-9757-A16CCE50BD96,,en_CA,"iPhone14,5",ios,18.5,CA,2025-08-31 01:55:23.991,impression
2025-08-31 01:55:32.872,1970-01-01 00:00:00.000,0.0,0.0,0.0,0.0,toronto,,,,,0A6009B1-4A31-40F8-9757-A16CCE50BD96,,en_CA,"iPhone14,5",ios,18.5,CA,2025-08-31 01:55:23.991,impression
2025-08-31 01:55:32.872,1970-01-01 00:00:00.000,0.0,0.0,0.0,0.0,toronto,,,,,0A6009B1-4A31-40F8-9757-A16CCE50BD96,,en_CA,"iPhone14,5",ios,18.5,CA,2025-08-31 01:55:23.991,custom
2025-08-31 01:55:32.873,1970-01-01 00:00:00.000,0.0,0.0,0.0,0.0,toronto,,,,,0A6009B1-4A31-40F8-9757-A16CCE50BD96,,en_CA,"iPhone14,5",ios,18.5,CA,2025-08-31 01:55:23.991,custom
2025-08-31 01:55:32.873,1970-01-01 00:00:00.000,0.0,0.0,0.0,0.0,toronto,,,,,0A6009B1-4A31-40F8-9757-A16CCE50BD96,,en_CA,"iPhone14,5",ios,18.5,CA,2025-08-31 01:55:23.991,custom
2025-08-31 01:55:32.873,1970-01-01 00:00:00.000,0.0,0.0,0.0,0.0,toronto,,,,,0A6009B1-4A31-40F8-9757-A16CCE50BD96,,en_CA,"iPhone14,5",ios,18.5,CA,2025-08-31 01:55:23.991,impression
2025-08-31 01:55:32.883,1970-01-01 00:00:00.000,0.0,0.0,0.0,0.0,toronto,,,,,0A6009B1-4A31-40F8-9757-A16CCE50BD96,,en_CA,"iPhone14,5",ios,18.5,CA,2025-08-31 01:55:23.991,impression
2025-08-31 01:55:32.884,1970-01-01 00:00:00.000,0.0,0.0,0.0,0.0,toronto,,,,,0A6009B1-4A31-40F8-9757-A16CCE50BD96,,en_CA,"iPhone14,5",ios,18.5,CA,2025-08-31 01:55:23.991,impression
2025-08-31 01:55:32.884,1970-01-01 00:00:00.000,0.0,0.0,0.0,0.0,toronto,,,,,0A6009B1-4A31-40F8-9757-A16CCE50BD96,,en_CA,"iPhone14,5",ios,18.5,CA,2025-08-31 01:55:23.991,impression
2025-08-31 01:55:32.885,1970-01-01 00:00:00.000,0.0,0.0,0.0,0.0,toronto,,,,,0A6009B1-4A31-40F8-9757-A16CCE50BD96,,en_CA,"iPhone14,5",ios,18.5,CA,2025-08-31 01:55:23.991,impression
2025-08-31 01:55:33.328,1970-01-01 00:00:00.000,0.0,0.0,0.0,0.0,toronto,,,,,0A6009B1-4A31-40F8-9757-A16CCE50BD96,,en_CA,"iPhone14,5",ios,18.5,CA,2025-08-31 01:55:23.991,custom
2025-08-31 01:55:33.593,1970-01-01 00:00:00.000,0.0,0.0,0.0,0.0,toronto,,,,,0A6009B1-4A31-40F8-9757-A16CCE50BD96,,en_CA,"iPhone14,5",ios,18.5,CA,2025-08-31 01:55:23.991,custom
2025-08-31 01:55:33.942,1970-01-01 00:00:00.000,0.0,0.0,0.0,0.0,toronto,,,,,0A6009B1-4A31-40F8-9757-A16CCE50BD96,,en_CA,"iPhone14,5",ios,18.5,CA,2025-08-31 01:55:23.991,custom
2025-08-31 01:55:33.794,1970-01-01 00:00:00.000,0.0,0.0,0.0,0.0,toronto,,,,,0A6009B1-4A31-40F8-9757-A16CCE50BD96,,en_CA,"iPhone14,5",ios,18.5,CA,2025-08-31 01:55:23.991,custom
2025-08-31 01:55:33.943,1970-01-01 00:00:00.000,0.0,0.0,0.0,0.0,toronto,,,,,0A6009B1-4A31-40F8-9757-A16CCE50BD96,,en_CA,"iPhone14,5",ios,18.5,CA,2025-08-31 01:55:23.991,custom
2025-08-31 01:55:33.944,1970-01-01 00:00:00.000,0.0,0.0,0.0,0.0,toronto,,,,,0A6009B1-4A31-40F8-9757-A16CCE50BD96,,en_CA,"iPhone14,5",ios,18.5,CA,2025-08-31 01:55:23.991,custom
2025-08-31 01:55:35.755,1970-01-01 00:00:00.000,0.0,0.0,0.0,0.0,toronto,,,,,0A6009B1-4A31-40F8-9757-A16CCE50BD96,,en_CA,"iPhone14,5",ios,18.5,CA,2025-08-31 01:55:23.991,custom
2025-08-31 01:55:28.508,2025-08-31 01:55:27.419,5.224145182020732,43.9322,-78.70217,1.0,toronto,,,,,0A6009B1-4A31-40F8-9757-A16CCE50BD96,,en_CA,"iPhone14,5",ios,18.5,CA,2025-08-31 01:55:23.991,custom
2025-08-31 01:55:35.854,1970-01-01 00:00:00.000,0.0,0.0,0.0,0.0,toronto,,,,,0A6009B1-4A31-40F8-9757-A16CCE50BD96,,en_CA,"iPhone14,5",ios,18.5,CA,2025-08-31 01:55:23.991,custom
2025-08-31 01:55:28.626,2025-08-31 01:55:27.419,5.224145182020732,43.9322,-78.70217,1.0,toronto,,,,,0A6009B1-4A31-40F8-9757-A16CCE50BD96,,en_CA,"iPhone14,5",ios,18.5,CA,2025-08-31 01:55:23.991,custom
2025-08-31 01:55:28.508,2025-08-31 01:55:27.419,5.224145182020732,43.9322,-78.70217,1.0,toronto,,,,,0A6009B1-4A31-40F8-9757-A16CCE50BD96,,en_CA,"iPhone14,5",ios,18.5,CA,2025-08-31 01:55:23.991,custom
2025-08-31 01:55:28.519,2025-08-31 01:55:27.419,5.224145182020732,43.9322,-78.70217,1.0,toronto,,,,,0A6009B1-4A31-40F8-9757-A16CCE50BD96,,en_CA,"iPhone14,5",ios,18.5,CA,2025-08-31 01:55:23.991,custom
2025-08-31 01:55:28.672,2025-08-31 01:55:27.419,5.224145182020732,43.9322,-78.70217,1.0,toronto,,,,,0A6009B1-4A31-40F8-9757-A16CCE50BD96,,en_CA,"iPhone14,5",ios,18.5,CA,2025-08-31 01:55:23.991,custom
2025-08-31 01:55:28.688,2025-08-31 01:55:27.419,5.224145182020732,43.9322,-78.70217,1.0,toronto,,,,,0A6009B1-4A31-40F8-9757-A16CCE50BD96,,en_CA,"iPhone14,5",ios,18.5,CA,2025-08-31 01:55:23.991,custom
2025-08-31 01:55:28.699,2025-08-31 01:55:27.419,5.224145182020732,43.9322,-78.70217,1.0,toronto,,,,,0A6009B1-4A31-40F8-9757-A16CCE50BD96,,en_CA,"iPhone14,5",ios,18.5,CA,2025-08-31 01:55:23.991,custom
2025-08-31 01:55:28.709,2025-08-31 01:55:27.419,5.224145182020732,43.9322,-78.70217,1.0,toronto,,,,,0A6009B1-4A31-40F8-9757-A16CCE50BD96,,en_CA,"iPhone14,5",ios,18.5,CA,2025-08-31 01:55:23.991,custom
2025-08-31 01:55:29.306,2025-08-31 01:55:27.419,5.224145182020732,43.9322,-78.70217,1.0,toronto,,,,,0A6009B1-4A31-40F8-9757-A16CCE50BD96,,en_CA,"iPhone14,5",ios,18.5,CA,2025-08-31 01:55:23.991,custom
2025-08-31 01:55:29.293,2025-08-31 01:55:27.419,5.224145182020732,43.9322,-78.70217,1.0,toronto,,,,,0A6009B1-4A31-40F8-9757-A16CCE50BD96,,en_CA,"iPhone14,5",ios,18.5,CA,2025-08-31 01:55:23.991,custom
2025-08-31 01:55:29.293,2025-08-31 01:55:27.419,5.224145182020732,43.9322,-78.70217,1.0,toronto,,,,,0A6009B1-4A31-40F8-9757-A16CCE50BD96,,en_CA,"iPhone14,5",ios,18.5,CA,2025-08-31 01:55:23.991,custom
2025-08-31 01:55:29.526,2025-08-31 01:55:27.419,5.224145182020732,43.9322,-78.70217,1.0,toronto,,,,,0A6009B1-4A31-40F8-9757-A16CCE50BD96,,en_CA,"iPhone14,5",ios,18.5,CA,2025-08-31 01:55:23.991,custom
2025-08-31 01:55:32.732,1970-01-01 00:00:00.000,0.0,0.0,0.0,0.0,toronto,,,,,0A6009B1-4A31-40F8-9757-A16CCE50BD96,,en_CA,"iPhone14,5",ios,18.5,CA,2025-08-31 01:55:23.991,custom
2025-08-31 01:55:32.733,1970-01-01 00:00:00.000,0.0,0.0,0.0,0.0,toronto,,,,,0A6009B1-4A31-40F8-9757-A16CCE50BD96,,en_CA,"iPhone14,5",ios,18.5,CA,2025-08-31 01:55:23.991,custom
2025-08-31 01:55:32.750,1970-01-01 00:00:00.000,0.0,0.0,0.0,0.0,toronto,,,,,0A6009B1-4A31-40F8-9757-A16CCE50BD96,,en_CA,"iPhone14,5",ios,18.5,CA,2025-08-31 01:55:23.991,custom
2025-08-31 01:55:32.738,1970-01-01 00:00:00.000,0.0,0.0,0.0,0.0,toronto,,,,,0A6009B1-4A31-40F8-9757-A16CCE50BD96,,en_CA,"iPhone14,5",ios,18.5,CA,2025-08-31 01:55:23.991,custom
2025-08-31 01:55:32.750,1970-01-01 00:00:00.000,0.0,0.0,0.0,0.0,toronto,,,,,0A6009B1-4A31-40F8-9757-A16CCE50BD96,,en_CA,"iPhone14,5",ios,18.5,CA,2025-08-31 01:55:23.991,custom
2025-08-31 01:55:32.753,1970-01-01 00:00:00.000,0.0,0.0,0.0,0.0,toronto,,,,,0A6009B1-4A31-40F8-9757-A16CCE50BD96,,en_CA,"iPhone14,5",ios,18.5,CA,2025-08-31 01:55:23.991,custom
2025-08-31 01:55:32.751,1970-01-01 00:00:00.000,0.0,0.0,0.0,0.0,toronto,,,,,0A6009B1-4A31-40F8-9757-A16CCE50BD96,,en_CA,"iPhone14,5",ios,18.5,CA,2025-08-31 01:55:23.991,custom
2025-08-31 01:55:32.754,1970-01-01 00:00:00.000,0.0,0.0,0.0,0.0,toronto,,,,,0A6009B1-4A31-40F8-9757-A16CCE50BD96,,en_CA,"iPhone14,5",ios,18.5,CA,2025-08-31 01:55:23.991,custom
2025-08-31 01:55:32.756,1970-01-01 00:00:00.000,0.0,0.0,0.0,0.0,toronto,,,,,0A6009B1-4A31-40F8-9757-A16CCE50BD96,,en_CA,"iPhone14,5",ios,18.5,CA,2025-08-31 01:55:23.991,custom
2025-08-31 01:55:32.761,1970-01-01 00:00:00.000,0.0,0.0,0.0,0.0,toronto,,,,,0A6009B1-4A31-40F8-9757-A16CCE50BD96,,en_CA,"iPhone14,5",ios,18.5,CA,2025-08-31 01:55:23.991,custom
2025-08-31 01:55:32.754,1970-01-01 00:00:00.000,0.0,0.0,0.0,0.0,toronto,,,,,0A6009B1-4A31-40F8-9757-A16CCE50BD96,,en_CA,"iPhone14,5",ios,18.5,CA,2025-08-31 01:55:23.991,custom
2025-08-31 01:55:32.779,1970-01-01 00:00:00.000,0.0,0.0,0.0,0.0,toronto,,,,,0A6009B1-4A31-40F8-9757-A16CCE50BD96,,en_CA,"iPhone14,5",ios,18.5,CA,2025-08-31 01:55:23.991,custom
2025-08-31 01:55:32.780,1970-01-01 00:00:00.000,0.0,0.0,0.0,0.0,toronto,,,,,0A6009B1-4A31-40F8-9757-A16CCE50BD96,,en_CA,"iPhone14,5",ios,18.5,CA,2025-08-31 01:55:23.991,custom
2025-08-31 01:55:32.783,1970-01-01 00:00:00.000,0.0,0.0,0.0,0.0,toronto,,,,,0A6009B1-4A31-40F8-9757-A16CCE50BD96,,en_CA,"iPhone14,5",ios,18.5,CA,2025-08-31 01:55:23.991,custom
2025-08-31 01:55:32.796,1970-01-01 00:00:00.000,0.0,0.0,0.0,0.0,toronto,,,,,0A6009B1-4A31-40F8-9757-A16CCE50BD96,,en_CA,"iPhone14,5",ios,18.5,CA,2025-08-31 01:55:23.991,custom
2025-08-31 01:55:32.824,1970-01-01 00:00:00.000,0.0,0.0,0.0,0.0,toronto,,,,,0A6009B1-4A31-40F8-9757-A16CCE50BD96,,en_CA,"iPhone14,5",ios,18.5,CA,2025-08-31 01:55:23.991,custom
2025-08-31 01:55:32.839,1970-01-01 00:00:00.000,0.0,0.0,0.0,0.0,toronto,,,,,0A6009B1-4A31-40F8-9757-A16CCE50BD96,,en_CA,"iPhone14,5",ios,18.5,CA,2025-08-31 01:55:23.991,custom
2025-08-31 01:55:32.872,1970-01-01 00:00:00.000,0.0,0.0,0.0,0.0,toronto,,,,,0A6009B1-4A31-40F8-9757-A16CCE50BD96,,en_CA,"iPhone14,5",ios,18.5,CA,2025-08-31 01:55:23.991,custom
2025-08-31 01:55:32.872,1970-01-01 00:00:00.000,0.0,0.0,0.0,0.0,toronto,,,,,0A6009B1-4A31-40F8-9757-A16CCE50BD96,,en_CA,"iPhone14,5",ios,18.5,CA,2025-08-31 01:55:23.991,custom
2025-08-31 01:55:32.873,1970-01-01 00:00:00.000,0.0,0.0,0.0,0.0,toronto,,,,,0A6009B1-4A31-40F8-9757-A16CCE50BD96,,en_CA,"iPhone14,5",ios,18.5,CA,2025-08-31 01:55:23.991,custom
2025-08-31 01:55:32.874,1970-01-01 00:00:00.000,0.0,0.0,0.0,0.0,toronto,,,,,0A6009B1-4A31-40F8-9757-A16CCE50BD96,,en_CA,"iPhone14,5",ios,18.5,CA,2025-08-31 01:55:23.991,custom
2025-08-31 01:55:33.328,1970-01-01 00:00:00.000,0.0,0.0,0.0,0.0,toronto,,,,,0A6009B1-4A31-40F8-9757-A16CCE50BD96,,en_CA,"iPhone14,5",ios,18.5,CA,2025-08-31 01:55:23.991,custom
2025-08-31 01:55:33.345,1970-01-01 00:00:00.000,0.0,0.0,0.0,0.0,toronto,,,,,0A6009B1-4A31-40F8-9757-A16CCE50BD96,,en_CA,"iPhone14,5",ios,18.5,CA,2025-08-31 01:55:23.991,custom
2025-08-31 01:55:33.360,1970-01-01 00:00:00.000,0.0,0.0,0.0,0.0,toronto,,,,,0A6009B1-4A31-40F8-9757-A16CCE50BD96,,en_CA,"iPhone14,5",ios,18.5,CA,2025-08-31 01:55:23.991,custom
2025-08-31 01:55:33.360,1970-01-01 00:00:00.000,0.0,0.0,0.0,0.0,toronto,,,,,0A6009B1-4A31-40F8-9757-A16CCE50BD96,,en_CA,"iPhone14,5",ios,18.5,CA,2025-08-31 01:55:23.991,custom
2025-08-31 01:55:33.364,1970-01-01 00:00:00.000,0.0,0.0,0.0,0.0,toronto,,,,,0A6009B1-4A31-40F8-9757-A16CCE50BD96,,en_CA,"iPhone14,5",ios,18.5,CA,2025-08-31 01:55:23.991,custom
2025-08-31 01:55:33.378,1970-01-01 00:00:00.000,0.0,0.0,0.0,0.0,toronto,,,,,0A6009B1-4A31-40F8-9757-A16CCE50BD96,,en_CA,"iPhone14,5",ios,18.5,CA,2025-08-31 01:55:23.991,custom
2025-08-31 01:55:33.370,1970-01-01 00:00:00.000,0.0,0.0,0.0,0.0,toronto,,,,,0A6009B1-4A31-40F8-9757-A16CCE50BD96,,en_CA,"iPhone14,5",ios,18.5,CA,2025-08-31 01:55:23.991,custom
2025-08-31 01:55:33.399,1970-01-01 00:00:00.000,0.0,0.0,0.0,0.0,toronto,,,,,0A6009B1-4A31-40F8-9757-A16CCE50BD96,,en_CA,"iPhone14,5",ios,18.5,CA,2025-08-31 01:55:23.991,custom
2025-08-31 01:55:33.387,1970-01-01 00:00:00.000,0.0,0.0,0.0,0.0,toronto,,,,,0A6009B1-4A31-40F8-9757-A16CCE50BD96,,en_CA,"iPhone14,5",ios,18.5,CA,2025-08-31 01:55:23.991,custom
2025-08-31 01:55:33.408,1970-01-01 00:00:00.000,0.0,0.0,0.0,0.0,toronto,,,,,0A6009B1-4A31-40F8-9757-A16CCE50BD96,,en_CA,"iPhone14,5",ios,18.5,CA,2025-08-31 01:55:23.991,custom
2025-08-31 01:55:33.419,1970-01-01 00:00:00.000,0.0,0.0,0.0,0.0,toronto,,,,,0A6009B1-4A31-40F8-9757-A16CCE50BD96,,en_CA,"iPhone14,5",ios,18.5,CA,2025-08-31 01:55:23.991,custom
2025-08-31 01:55:33.441,1970-01-01 00:00:00.000,0.0,0.0,0.0,0.0,toronto,,,,,0A6009B1-4A31-40F8-9757-A16CCE50BD96,,en_CA,"iPhone14,5",ios,18.5,CA,2025-08-31 01:55:23.991,custom
2025-08-31 01:55:33.429,1970-01-01 00:00:00.000,0.0,0.0,0.0,0.0,toronto,,,,,0A6009B1-4A31-40F8-9757-A16CCE50BD96,,en_CA,"iPhone14,5",ios,18.5,CA,2025-08-31 01:55:23.991,custom
2025-08-31 01:55:33.457,1970-01-01 00:00:00.000,0.0,0.0,0.0,0.0,toronto,,,,,0A6009B1-4A31-40F8-9757-A16CCE50BD96,,en_CA,"iPhone14,5",ios,18.5,CA,2025-08-31 01:55:23.991,custom
2025-08-31 01:55:33.504,1970-01-01 00:00:00.000,0.0,0.0,0.0,0.0,toronto,,,,,0A6009B1-4A31-40F8-9757-A16CCE50BD96,,en_CA,"iPhone14,5",ios,18.5,CA,2025-08-31 01:55:23.991,custom
2025-08-31 01:55:33.474,1970-01-01 00:00:00.000,0.0,0.0,0.0,0.0,toronto,,,,,0A6009B1-4A31-40F8-9757-A16CCE50BD96,,en_CA,"iPhone14,5",ios,18.5,CA,2025-08-31 01:55:23.991,custom
2025-08-31 01:55:33.491,1970-01-01 00:00:00.000,0.0,0.0,0.0,0.0,toronto,,,,,0A6009B1-4A31-40F8-9757-A16CCE50BD96,,en_CA,"iPhone14,5",ios,18.5,CA,2025-08-31 01:55:23.991,custom
2025-08-31 01:55:33.572,1970-01-01 00:00:00.000,0.0,0.0,0.0,0.0,toronto,,,,,0A6009B1-4A31-40F8-9757-A16CCE50BD96,,en_CA,"iPhone14,5",ios,18.5,CA,2025-08-31 01:55:23.991,custom
2025-08-31 01:55:33.572,1970-01-01 00:00:00.000,0.0,0.0,0.0,0.0,toronto,,,,,0A6009B1-4A31-40F8-9757-A16CCE50BD96,,en_CA,"iPhone14,5",ios,18.5,CA,2025-08-31 01:55:23.991,custom
2025-08-31 01:55:33.572,1970-01-01 00:00:00.000,0.0,0.0,0.0,0.0,toronto,,,,,0A6009B1-4A31-40F8-9757-A16CCE50BD96,,en_CA,"iPhone14,5",ios,18.5,CA,2025-08-31 01:55:23.991,custom
2025-08-31 01:55:33.572,1970-01-01 00:00:00.000,0.0,0.0,0.0,0.0,toronto,,,,,0A6009B1-4A31-40F8-9757-A16CCE50BD96,,en_CA,"iPhone14,5",ios,18.5,CA,2025-08-31 01:55:23.991,custom
2025-08-31 01:55:33.636,1970-01-01 00:00:00.000,0.0,0.0,0.0,0.0,toronto,,,,,0A6009B1-4A31-40F8-9757-A16CCE50BD96,,en_CA,"iPhone14,5",ios,18.5,CA,2025-08-31 01:55:23.991,custom
2025-08-31 01:55:33.589,1970-01-01 00:00:00.000,0.0,0.0,0.0,0.0,toronto,,,,,0A6009B1-4A31-40F8-9757-A16CCE50BD96,,en_CA,"iPhone14,5",ios,18.5,CA,2025-08-31 01:55:23.991,custom
2025-08-31 01:55:33.636,1970-01-01 00:00:00.000,0.0,0.0,0.0,0.0,toronto,,,,,0A6009B1-4A31-40F8-9757-A16CCE50BD96,,en_CA,"iPhone14,5",ios,18.5,CA,2025-08-31 01:55:23.991,custom
2025-09-04 21:04:16.904,1970-01-01 00:00:00.000,0.0,0.0,0.0,0.0,toronto,,,,,0A6009B1-4A31-40F8-9757-A16CCE50BD96,,en_CA,"iPhone14,5",ios,18.5,CA,2025-09-04 21:04:11.076,impression
2025-09-05 19:34:46.302,1970-01-01 00:00:00.000,0.0,0.0,0.0,0.0,unknown,,,,,0A6009B1-4A31-40F8-9757-A16CCE50BD96,,en_CA,"iPhone14,5",ios,18.5,CA,2025-09-05 19:34:44.028,custom
2025-09-04 21:04:16.320,1970-01-01 00:00:00.000,0.0,0.0,0.0,0.0,toronto,,,,,0A6009B1-4A31-40F8-9757-A16CCE50BD96,,en_CA,"iPhone14,5",ios,18.5,CA,2025-09-04 21:04:11.076,impression
2025-09-04 21:04:16.298,1970-01-01 00:00:00.000,0.0,0.0,0.0,0.0,toronto,,,,,0A6009B1-4A31-40F8-9757-A16CCE50BD96,,en_CA,"iPhone14,5",ios,18.5,CA,2025-09-04 21:04:11.076,custom
2025-09-05 19:34:46.302,1970-01-01 00:00:00.000,0.0,0.0,0.0,0.0,unknown,,,,,0A6009B1-4A31-40F8-9757-A16CCE50BD96,,en_CA,"iPhone14,5",ios,18.5,CA,2025-09-05 19:34:44.028,custom
2025-09-04 21:04:16.664,1970-01-01 00:00:00.000,0.0,0.0,0.0,0.0,toronto,,,,,0A6009B1-4A31-40F8-9757-A16CCE50BD96,,en_CA,"iPhone14,5",ios,18.5,CA,2025-09-04 21:04:11.076,custom
2025-09-04 21:04:16.581,1970-01-01 00:00:00.000,0.0,0.0,0.0,0.0,toronto,,,,,0A6009B1-4A31-40F8-9757-A16CCE50BD96,,en_CA,"iPhone14,5",ios,18.5,CA,2025-09-04 21:04:11.076,custom
2025-09-04 21:04:16.904,1970-01-01 00:00:00.000,0.0,0.0,0.0,0.0,toronto,,,,,0A6009B1-4A31-40F8-9757-A16CCE50BD96,,en_CA,"iPhone14,5",ios,18.5,CA,2025-09-04 21:04:11.076,custom
2025-09-04 21:04:16.753,1970-01-01 00:00:00.000,0.0,0.0,0.0,0.0,toronto,,,,,0A6009B1-4A31-40F8-9757-A16CCE50BD96,,en_CA,"iPhone14,5",ios,18.5,CA,2025-09-04 21:04:11.076,custom
2025-09-04 21:04:17.040,1970-01-01 00:00:00.000,0.0,0.0,0.0,0.0,toronto,,,,,0A6009B1-4A31-40F8-9757-A16CCE50BD96,,en_CA,"iPhone14,5",ios,18.5,CA,2025-09-04 21:04:11.076,custom
2025-09-04 21:04:16.962,1970-01-01 00:00:00.000,0.0,0.0,0.0,0.0,toronto,,,,,0A6009B1-4A31-40F8-9757-A16CCE50BD96,,en_CA,"iPhone14,5",ios,18.5,CA,2025-09-04 21:04:11.076,custom
2025-09-04 21:04:17.035,1970-01-01 00:00:00.000,0.0,0.0,0.0,0.0,toronto,,,,,0A6009B1-4A31-40F8-9757-A16CCE50BD96,,en_CA,"iPhone14,5",ios,18.5,CA,2025-09-04 21:04:11.076,custom
2025-09-04 21:04:16.961,1970-01-01 00:00:00.000,0.0,0.0,0.0,0.0,toronto,,,,,0A6009B1-4A31-40F8-9757-A16CCE50BD96,,en_CA,"iPhone14,5",ios,18.5,CA,2025-09-04 21:04:11.076,custom
2025-09-04 21:04:17.077,1970-01-01 00:00:00.000,0.0,0.0,0.0,0.0,toronto,,,,,0A6009B1-4A31-40F8-9757-A16CCE50BD96,,en_CA,"iPhone14,5",ios,18.5,CA,2025-09-04 21:04:11.076,custom
2025-09-04 21:04:17.161,1970-01-01 00:00:00.000,0.0,0.0,0.0,0.0,toronto,,,,,0A6009B1-4A31-40F8-9757-A16CCE50BD96,,en_CA,"iPhone14,5",ios,18.5,CA,2025-09-04 21:04:11.076,impression
2025-09-04 21:04:17.162,1970-01-01 00:00:00.000,0.0,0.0,0.0,0.0,toronto,,,,,0A6009B1-4A31-40F8-9757-A16CCE50BD96,,en_CA,"iPhone14,5",ios,18.5,CA,2025-09-04 21:04:11.076,impression
2025-09-04 21:04:17.161,1970-01-01 00:00:00.000,0.0,0.0,0.0,0.0,toronto,,,,,0A6009B1-4A31-40F8-9757-A16CCE50BD96,,en_CA,"iPhone14,5",ios,18.5,CA,2025-09-04 21:04:11.076,impression
2025-09-04 21:04:17.162,1970-01-01 00:00:00.000,0.0,0.0,0.0,0.0,toronto,,,,,0A6009B1-4A31-40F8-9757-A16CCE50BD96,,en_CA,"iPhone14,5",ios,18.5,CA,2025-09-04 21:04:11.076,impression
2025-09-05 19:34:46.302,1970-01-01 00:00:00.000,0.0,0.0,0.0,0.0,unknown,,,,,0A6009B1-4A31-40F8-9757-A16CCE50BD96,,en_CA,"iPhone14,5",ios,18.5,CA,2025-09-05 19:34:44.028,custom
2025-09-05 19:34:46.301,1970-01-01 00:00:00.000,0.0,0.0,0.0,0.0,unknown,,,,,0A6009B1-4A31-40F8-9757-A16CCE50BD96,,en_CA,"iPhone14,5",ios,18.5,CA,2025-09-05 19:34:44.028,custom
2025-09-05 19:34:46.309,1970-01-01 00:00:00.000,0.0,0.0,0.0,0.0,unknown,,,,,0A6009B1-4A31-40F8-9757-A16CCE50BD96,,en_CA,"iPhone14,5",ios,18.5,CA,2025-09-05 19:34:44.028,custom
2025-09-04 21:04:16.829,1970-01-01 00:00:00.000,0.0,0.0,0.0,0.0,toronto,,,,,0A6009B1-4A31-40F8-9757-A16CCE50BD96,,en_CA,"iPhone14,5",ios,18.5,CA,2025-09-04 21:04:11.076,custom
2025-09-04 21:04:16.821,1970-01-01 00:00:00.000,0.0,0.0,0.0,0.0,toronto,,,,,0A6009B1-4A31-40F8-9757-A16CCE50BD96,,en_CA,"iPhone14,5",ios,18.5,CA,2025-09-04 21:04:11.076,custom
2025-09-04 21:04:16.821,1970-01-01 00:00:00.000,0.0,0.0,0.0,0.0,toronto,,,,,0A6009B1-4A31-40F8-9757-A16CCE50BD96,,en_CA,"iPhone14,5",ios,18.5,CA,2025-09-04 21:04:11.076,custom
2025-09-04 21:04:16.581,1970-01-01 00:00:00.000,0.0,0.0,0.0,0.0,toronto,,,,,0A6009B1-4A31-40F8-9757-A16CCE50BD96,,en_CA,"iPhone14,5",ios,18.5,CA,2025-09-04 21:04:11.076,custom
2025-09-04 21:04:16.855,1970-01-01 00:00:00.000,0.0,0.0,0.0,0.0,toronto,,,,,0A6009B1-4A31-40F8-9757-A16CCE50BD96,,en_CA,"iPhone14,5",ios,18.5,CA,2025-09-04 21:04:11.076,custom
2025-09-04 21:04:16.905,1970-01-01 00:00:00.000,0.0,0.0,0.0,0.0,toronto,,,,,0A6009B1-4A31-40F8-9757-A16CCE50BD96,,en_CA,"iPhone14,5",ios,18.5,CA,2025-09-04 21:04:11.076,custom
2025-09-04 21:04:16.912,1970-01-01 00:00:00.000,0.0,0.0,0.0,0.0,toronto,,,,,0A6009B1-4A31-40F8-9757-A16CCE50BD96,,en_CA,"iPhone14,5",ios,18.5,CA,2025-09-04 21:04:11.076,custom
2025-09-04 21:04:16.912,1970-01-01 00:00:00.000,0.0,0.0,0.0,0.0,toronto,,,,,0A6009B1-4A31-40F8-9757-A16CCE50BD96,,en_CA,"iPhone14,5",ios,18.5,CA,2025-09-04 21:04:11.076,custom
2025-09-04 21:04:16.912,1970-01-01 00:00:00.000,0.0,0.0,0.0,0.0,toronto,,,,,0A6009B1-4A31-40F8-9757-A16CCE50BD96,,en_CA,"iPhone14,5",ios,18.5,CA,2025-09-04 21:04:11.076,custom
2025-09-04 21:04:16.912,1970-01-01 00:00:00.000,0.0,0.0,0.0,0.0,toronto,,,,,0A6009B1-4A31-40F8-9757-A16CCE50BD96,,en_CA,"iPhone14,5",ios,18.5,CA,2025-09-04 21:04:11.076,custom
2025-09-04 21:04:16.912,1970-01-01 00:00:00.000,0.0,0.0,0.0,0.0,toronto,,,,,0A6009B1-4A31-40F8-9757-A16CCE50BD96,,en_CA,"iPhone14,5",ios,18.5,CA,2025-09-04 21:04:11.076,custom
2025-09-04 21:04:16.961,1970-01-01 00:00:00.000,0.0,0.0,0.0,0.0,toronto,,,,,0A6009B1-4A31-40F8-9757-A16CCE50BD96,,en_CA,"iPhone14,5",ios,18.5,CA,2025-09-04 21:04:11.076,custom
2025-09-04 21:04:16.961,1970-01-01 00:00:00.000,0.0,0.0,0.0,0.0,toronto,,,,,0A6009B1-4A31-40F8-9757-A16CCE50BD96,,en_CA,"iPhone14,5",ios,18.5,CA,2025-09-04 21:04:11.076,custom
2025-09-04 21:04:16.961,1970-01-01 00:00:00.000,0.0,0.0,0.0,0.0,toronto,,,,,0A6009B1-4A31-40F8-9757-A16CCE50BD96,,en_CA,"iPhone14,5",ios,18.5,CA,2025-09-04 21:04:11.076,custom
2025-09-04 21:04:16.962,1970-01-01 00:00:00.000,0.0,0.0,0.0,0.0,toronto,,,,,0A6009B1-4A31-40F8-9757-A16CCE50BD96,,en_CA,"iPhone14,5",ios,18.5,CA,2025-09-04 21:04:11.076,custom
2025-09-04 21:04:16.968,1970-01-01 00:00:00.000,0.0,0.0,0.0,0.0,toronto,,,,,0A6009B1-4A31-40F8-9757-A16CCE50BD96,,en_CA,"iPhone14,5",ios,18.5,CA,2025-09-04 21:04:11.076,custom
2025-09-04 21:04:16.975,1970-01-01 00:00:00.000,0.0,0.0,0.0,0.0,toronto,,,,,0A6009B1-4A31-40F8-9757-A16CCE50BD96,,en_CA,"iPhone14,5",ios,18.5,CA,2025-09-04 21:04:11.076,custom
2025-09-04 21:04:16.979,1970-01-01 00:00:00.000,0.0,0.0,0.0,0.0,toronto,,,,,0A6009B1-4A31-40F8-9757-A16CCE50BD96,,en_CA,"iPhone14,5",ios,18.5,CA,2025-09-04 21:04:11.076,custom
2025-09-04 21:04:16.993,1970-01-01 00:00:00.000,0.0,0.0,0.0,0.0,toronto,,,,,0A6009B1-4A31-40F8-9757-A16CCE50BD96,,en_CA,"iPhone14,5",ios,18.5,CA,2025-09-04 21:04:11.076,custom
2025-09-04 21:04:17.065,1970-01-01 00:00:00.000,0.0,0.0,0.0,0.0,toronto,,,,,0A6009B1-4A31-40F8-9757-A16CCE50BD96,,en_CA,"iPhone14,5",ios,18.5,CA,2025-09-04 21:04:11.076,custom
2025-09-04 21:04:17.041,1970-01-01 00:00:00.000,0.0,0.0,0.0,0.0,toronto,,,,,0A6009B1-4A31-40F8-9757-A16CCE50BD96,,en_CA,"iPhone14,5",ios,18.5,CA,2025-09-04 21:04:11.076,custom
2025-09-05 19:34:46.331,1970-01-01 00:00:00.000,0.0,0.0,0.0,0.0,unknown,,,,,0A6009B1-4A31-40F8-9757-A16CCE50BD96,,en_CA,"iPhone14,5",ios,18.5,CA,2025-09-05 19:34:44.028,custom
2025-09-05 19:34:48.796,1970-01-01 00:00:00.000,0.0,0.0,0.0,0.0,unknown,,,,,0A6009B1-4A31-40F8-9757-A16CCE50BD96,,en_CA,"iPhone14,5",ios,18.5,CA,2025-09-05 19:34:44.028,lifecycle
2025-09-04 21:04:16.912,1970-01-01 00:00:00.000,0.0,0.0,0.0,0.0,toronto,,,,,0A6009B1-4A31-40F8-9757-A16CCE50BD96,,en_CA,"iPhone14,5",ios,18.5,CA,2025-09-04 21:04:11.076,custom
2025-09-04 21:04:17.026,1970-01-01 00:00:00.000,0.0,0.0,0.0,0.0,toronto,,,,,0A6009B1-4A31-40F8-9757-A16CCE50BD96,,en_CA,"iPhone14,5",ios,18.5,CA,2025-09-04 21:04:11.076,custom
2025-09-04 21:04:17.041,1970-01-01 00:00:00.000,0.0,0.0,0.0,0.0,toronto,,,,,0A6009B1-4A31-40F8-9757-A16CCE50BD96,,en_CA,"iPhone14,5",ios,18.5,CA,2025-09-04 21:04:11.076,custom
2025-09-04 21:04:17.048,1970-01-01 00:00:00.000,0.0,0.0,0.0,0.0,toronto,,,,,0A6009B1-4A31-40F8-9757-A16CCE50BD96,,en_CA,"iPhone14,5",ios,18.5,CA,2025-09-04 21:04:11.076,custom
2025-09-04 21:04:12.366,1970-01-01 00:00:00.000,0.0,0.0,0.0,0.0,unknown,,,,,0A6009B1-4A31-40F8-9757-A16CCE50BD96,,en_CA,"iPhone14,5",ios,18.5,CA,2025-09-04 21:04:11.076,custom
2025-09-04 21:04:12.359,1970-01-01 00:00:00.000,0.0,0.0,0.0,0.0,unknown,,,,,0A6009B1-4A31-40F8-9757-A16CCE50BD96,,en_CA,"iPhone14,5",ios,18.5,CA,2025-09-04 21:04:11.076,custom
2025-09-04 21:04:12.359,1970-01-01 00:00:00.000,0.0,0.0,0.0,0.0,unknown,,,,,0A6009B1-4A31-40F8-9757-A16CCE50BD96,,en_CA,"iPhone14,5",ios,18.5,CA,2025-09-04 21:04:11.076,custom
2025-09-04 21:04:12.359,1970-01-01 00:00:00.000,0.0,0.0,0.0,0.0,unknown,,,,,0A6009B1-4A31-40F8-9757-A16CCE50BD96,,en_CA,"iPhone14,5",ios,18.5,CA,2025-09-04 21:04:11.076,custom
2025-09-04 21:04:12.360,1970-01-01 00:00:00.000,0.0,0.0,0.0,0.0,unknown,,,,,0A6009B1-4A31-40F8-9757-A16CCE50BD96,,en_CA,"iPhone14,5",ios,18.5,CA,2025-09-04 21:04:11.076,custom
2025-09-04 21:04:12.361,1970-01-01 00:00:00.000,0.0,0.0,0.0,0.0,unknown,,,,,0A6009B1-4A31-40F8-9757-A16CCE50BD96,,en_CA,"iPhone14,5",ios,18.5,CA,2025-09-04 21:04:11.076,custom
2025-09-04 21:04:12.361,1970-01-01 00:00:00.000,0.0,0.0,0.0,0.0,unknown,,,,,0A6009B1-4A31-40F8-9757-A16CCE50BD96,,en_CA,"iPhone14,5",ios,18.5,CA,2025-09-04 21:04:11.076,custom
2025-09-04 21:04:12.362,1970-01-01 00:00:00.000,0.0,0.0,0.0,0.0,unknown,,,,,0A6009B1-4A31-40F8-9757-A16CCE50BD96,,en_CA,"iPhone14,5",ios,18.5,CA,2025-09-04 21:04:11.076,custom
2025-09-04 21:04:12.362,1970-01-01 00:00:00.000,0.0,0.0,0.0,0.0,unknown,,,,,0A6009B1-4A31-40F8-9757-A16CCE50BD96,,en_CA,"iPhone14,5",ios,18.5,CA,2025-09-04 21:04:11.076,custom
2025-09-04 21:04:12.362,1970-01-01 00:00:00.000,0.0,0.0,0.0,0.0,unknown,,,,,0A6009B1-4A31-40F8-9757-A16CCE50BD96,,en_CA,"iPhone14,5",ios,18.5,CA,2025-09-04 21:04:11.076,custom
2025-09-04 21:04:12.362,1970-01-01 00:00:00.000,0.0,0.0,0.0,0.0,unknown,,,,,0A6009B1-4A31-40F8-9757-A16CCE50BD96,,en_CA,"iPhone14,5",ios,18.5,CA,2025-09-04 21:04:11.076,custom
2025-09-04 21:04:12.362,1970-01-01 00:00:00.000,0.0,0.0,0.0,0.0,unknown,,,,,0A6009B1-4A31-40F8-9757-A16CCE50BD96,,en_CA,"iPhone14,5",ios,18.5,CA,2025-09-04 21:04:11.076,custom
2025-09-04 21:04:12.362,1970-01-01 00:00:00.000,0.0,0.0,0.0,0.0,unknown,,,,,0A6009B1-4A31-40F8-9757-A16CCE50BD96,,en_CA,"iPhone14,5",ios,18.5,CA,2025-09-04 21:04:11.076,custom
2025-09-04 21:04:12.363,1970-01-01 00:00:00.000,0.0,0.0,0.0,0.0,unknown,,,,,0A6009B1-4A31-40F8-9757-A16CCE50BD96,,en_CA,"iPhone14,5",ios,18.5,CA,2025-09-04 21:04:11.076,custom
2025-09-04 21:04:12.363,1970-01-01 00:00:00.000,0.0,0.0,0.0,0.0,unknown,,,,,0A6009B1-4A31-40F8-9757-A16CCE50BD96,,en_CA,"iPhone14,5",ios,18.5,CA,2025-09-04 21:04:11.076,custom
2025-09-04 21:04:12.365,1970-01-01 00:00:00.000,0.0,0.0,0.0,0.0,unknown,,,,,0A6009B1-4A31-40F8-9757-A16CCE50BD96,,en_CA,"iPhone14,5",ios,18.5,CA,2025-09-04 21:04:11.076,custom
2025-09-04 21:04:12.365,1970-01-01 00:00:00.000,0.0,0.0,0.0,0.0,unknown,,,,,0A6009B1-4A31-40F8-9757-A16CCE50BD96,,en_CA,"iPhone14,5",ios,18.5,CA,2025-09-04 21:04:11.076,custom
2025-09-04 21:04:12.368,1970-01-01 00:00:00.000,0.0,0.0,0.0,0.0,unknown,,,,,0A6009B1-4A31-40F8-9757-A16CCE50BD96,,en_CA,"iPhone14,5",ios,18.5,CA,2025-09-04 21:04:11.076,custom
2025-09-04 21:04:13.264,1970-01-01 00:00:00.000,0.0,0.0,0.0,0.0,unknown,,,,,0A6009B1-4A31-40F8-9757-A16CCE50BD96,,en_CA,"iPhone14,5",ios,18.5,CA,2025-09-04 21:04:11.076,custom
2025-09-04 21:04:12.367,1970-01-01 00:00:00.000,0.0,0.0,0.0,0.0,unknown,,,,,0A6009B1-4A31-40F8-9757-A16CCE50BD96,,en_CA,"iPhone14,5",ios,18.5,CA,2025-09-04 21:04:11.076,custom
2025-09-04 21:04:13.440,1970-01-01 00:00:00.000,0.0,0.0,0.0,0.0,unknown,,,,,0A6009B1-4A31-40F8-9757-A16CCE50BD96,,en_CA,"iPhone14,5",ios,18.5,CA,2025-09-04 21:04:11.076,custom
2025-09-04 21:04:13.440,1970-01-01 00:00:00.000,0.0,0.0,0.0,0.0,unknown,,,,,0A6009B1-4A31-40F8-9757-A16CCE50BD96,,en_CA,"iPhone14,5",ios,18.5,CA,2025-09-04 21:04:11.076,custom
2025-09-04 21:04:13.520,1970-01-01 00:00:00.000,0.0,0.0,0.0,0.0,unknown,,,,,0A6009B1-4A31-40F8-9757-A16CCE50BD96,,en_CA,"iPhone14,5",ios,18.5,CA,2025-09-04 21:04:11.076,custom
2025-09-04 21:04:13.488,1970-01-01 00:00:00.000,0.0,0.0,0.0,0.0,unknown,,,,,0A6009B1-4A31-40F8-9757-A16CCE50BD96,,en_CA,"iPhone14,5",ios,18.5,CA,2025-09-04 21:04:11.076,custom
2025-09-04 21:04:13.487,1970-01-01 00:00:00.000,0.0,0.0,0.0,0.0,unknown,,,,,0A6009B1-4A31-40F8-9757-A16CCE50BD96,,en_CA,"iPhone14,5",ios,18.5,CA,2025-09-04 21:04:11.076,custom
2025-09-04 21:04:13.483,1970-01-01 00:00:00.000,0.0,0.0,0.0,0.0,unknown,,,,,0A6009B1-4A31-40F8-9757-A16CCE50BD96,,en_CA,"iPhone14,5",ios,18.5,CA,2025-09-04 21:04:11.076,custom
2025-09-04 21:04:13.670,1970-01-01 00:00:00.000,0.0,0.0,0.0,0.0,unknown,,,,,0A6009B1-4A31-40F8-9757-A16CCE50BD96,,en_CA,"iPhone14,5",ios,18.5,CA,2025-09-04 21:04:11.076,custom
2025-09-04 21:04:13.682,1970-01-01 00:00:00.000,0.0,0.0,0.0,0.0,unknown,,,,,0A6009B1-4A31-40F8-9757-A16CCE50BD96,,en_CA,"iPhone14,5",ios,18.5,CA,2025-09-04 21:04:11.076,custom
2025-09-04 21:04:13.633,1970-01-01 00:00:00.000,0.0,0.0,0.0,0.0,unknown,,,,,0A6009B1-4A31-40F8-9757-A16CCE50BD96,,en_CA,"iPhone14,5",ios,18.5,CA,2025-09-04 21:04:11.076,custom
2025-09-04 21:04:13.897,1970-01-01 00:00:00.000,0.0,0.0,0.0,0.0,unknown,,,,,0A6009B1-4A31-40F8-9757-A16CCE50BD96,,en_CA,"iPhone14,5",ios,18.5,CA,2025-09-04 21:04:11.076,custom
2025-09-04 21:04:13.768,1970-01-01 00:00:00.000,0.0,0.0,0.0,0.0,unknown,,,,,0A6009B1-4A31-40F8-9757-A16CCE50BD96,,en_CA,"iPhone14,5",ios,18.5,CA,2025-09-04 21:04:11.076,custom
2025-09-04 21:04:13.956,1970-01-01 00:00:00.000,0.0,0.0,0.0,0.0,unknown,,,,,0A6009B1-4A31-40F8-9757-A16CCE50BD96,,en_CA,"iPhone14,5",ios,18.5,CA,2025-09-04 21:04:11.076,custom
2025-09-04 21:04:13.727,1970-01-01 00:00:00.000,0.0,0.0,0.0,0.0,unknown,,,,,0A6009B1-4A31-40F8-9757-A16CCE50BD96,,en_CA,"iPhone14,5",ios,18.5,CA,2025-09-04 21:04:11.076,custom
2025-08-26 16:53:17.821,"",,,,,unknown,,,,,0A6009B1-4A31-40F8-9757-A16CCE50BD96,,en_CA,"iPhone14,5",ios,18.5,CA,2025-08-26 16:53:16.793,custom
2025-08-26 16:53:17.832,"",,,,,unknown,,,,,0A6009B1-4A31-40F8-9757-A16CCE50BD96,,en_CA,"iPhone14,5",ios,18.5,CA,2025-08-26 16:53:16.793,custom
2025-08-26 16:53:17.832,"",,,,,unknown,,,,,0A6009B1-4A31-40F8-9757-A16CCE50BD96,,en_CA,"iPhone14,5",ios,18.5,CA,2025-08-26 16:53:16.793,custom
2025-08-26 16:53:17.832,"",,,,,unknown,,,,,0A6009B1-4A31-40F8-9757-A16CCE50BD96,,en_CA,"iPhone14,5",ios,18.5,CA,2025-08-26 16:53:16.793,custom
2025-08-26 16:53:17.821,"",,,,,unknown,,,,,0A6009B1-4A31-40F8-9757-A16CCE50BD96,,en_CA,"iPhone14,5",ios,18.5,CA,2025-08-26 16:53:16.793,custom
2025-08-26 16:53:17.832,"",,,,,unknown,,,,,0A6009B1-4A31-40F8-9757-A16CCE50BD96,,en_CA,"iPhone14,5",ios,18.5,CA,2025-08-26 16:53:16.793,custom
2025-08-26 16:53:17.832,"",,,,,unknown,,,,,0A6009B1-4A31-40F8-9757-A16CCE50BD96,,en_CA,"iPhone14,5",ios,18.5,CA,2025-08-26 16:53:16.793,custom
2025-08-26 16:53:17.832,"",,,,,unknown,,,,,0A6009B1-4A31-40F8-9757-A16CCE50BD96,,en_CA,"iPhone14,5",ios,18.5,CA,2025-08-26 16:53:16.793,custom
2025-08-26 16:53:17.832,"",,,,,unknown,,,,,0A6009B1-4A31-40F8-9757-A16CCE50BD96,,en_CA,"iPhone14,5",ios,18.5,CA,2025-08-26 16:53:16.793,custom
2025-08-26 16:53:17.832,"",,,,,unknown,,,,,0A6009B1-4A31-40F8-9757-A16CCE50BD96,,en_CA,"iPhone14,5",ios,18.5,CA,2025-08-26 16:53:16.793,lifecycle
2025-08-31 01:55:32.706,"",,,,,toronto,,,,,0A6009B1-4A31-40F8-9757-A16CCE50BD96,,en_CA,"iPhone14,5",ios,18.5,CA,2025-08-31 01:55:23.991,custom
2025-08-31 01:55:32.706,"",,,,,toronto,,,,,0A6009B1-4A31-40F8-9757-A16CCE50BD96,,en_CA,"iPhone14,5",ios,18.5,CA,2025-08-31 01:55:23.991,custom
2025-08-31 01:55:32.708,"",,,,,toronto,,,,,0A6009B1-4A31-40F8-9757-A16CCE50BD96,,en_CA,"iPhone14,5",ios,18.5,CA,2025-08-31 01:55:23.991,impression
2025-08-31 01:55:32.708,"",,,,,toronto,,,,,0A6009B1-4A31-40F8-9757-A16CCE50BD96,,en_CA,"iPhone14,5",ios,18.5,CA,2025-08-31 01:55:23.991,custom
2025-08-31 01:55:32.708,"",,,,,toronto,,,,,0A6009B1-4A31-40F8-9757-A16CCE50BD96,,en_CA,"iPhone14,5",ios,18.5,CA,2025-08-31 01:55:23.991,custom
2025-08-31 01:55:32.708,"",,,,,toronto,,,,,0A6009B1-4A31-40F8-9757-A16CCE50BD96,,en_CA,"iPhone14,5",ios,18.5,CA,2025-08-31 01:55:23.991,custom
2025-08-31 01:55:32.710,"",,,,,toronto,,,,,0A6009B1-4A31-40F8-9757-A16CCE50BD96,,en_CA,"iPhone14,5",ios,18.5,CA,2025-08-31 01:55:23.991,lifecycle
2025-08-31 01:55:32.708,"",,,,,toronto,,,,,0A6009B1-4A31-40F8-9757-A16CCE50BD96,,en_CA,"iPhone14,5",ios,18.5,CA,2025-08-31 01:55:23.991,custom
2025-08-31 01:55:32.709,"",,,,,toronto,,,,,0A6009B1-4A31-40F8-9757-A16CCE50BD96,,en_CA,"iPhone14,5",ios,18.5,CA,2025-08-31 01:55:23.991,custom
2025-08-31 01:55:32.708,"",,,,,toronto,,,,,0A6009B1-4A31-40F8-9757-A16CCE50BD96,,en_CA,"iPhone14,5",ios,18.5,CA,2025-08-31 01:55:23.991,custom
2025-08-31 01:55:32.709,"",,,,,toronto,,,,,0A6009B1-4A31-40F8-9757-A16CCE50BD96,,en_CA,"iPhone14,5",ios,18.5,CA,2025-08-31 01:55:23.991,custom
2025-08-31 01:55:36.721,1970-01-01 00:00:00.000,0.0,0.0,0.0,0.0,toronto,,,,,0A6009B1-4A31-40F8-9757-A16CCE50BD96,,en_CA,"iPhone14,5",ios,18.5,CA,2025-08-31 01:55:23.991,impression
2025-08-31 01:55:36.722,1970-01-01 00:00:00.000,0.0,0.0,0.0,0.0,toronto,,,,,0A6009B1-4A31-40F8-9757-A16CCE50BD96,,en_CA,"iPhone14,5",ios,18.5,CA,2025-08-31 01:55:23.991,impression
2025-08-31 01:55:36.722,1970-01-01 00:00:00.000,0.0,0.0,0.0,0.0,toronto,,,,,0A6009B1-4A31-40F8-9757-A16CCE50BD96,,en_CA,"iPhone14,5",ios,18.5,CA,2025-08-31 01:55:23.991,impression
2025-08-31 01:55:36.724,1970-01-01 00:00:00.000,0.0,0.0,0.0,0.0,toronto,,,,,0A6009B1-4A31-40F8-9757-A16CCE50BD96,,en_CA,"iPhone14,5",ios,18.5,CA,2025-08-31 01:55:23.991,impression
2025-08-31 01:55:36.724,1970-01-01 00:00:00.000,0.0,0.0,0.0,0.0,toronto,,,,,0A6009B1-4A31-40F8-9757-A16CCE50BD96,,en_CA,"iPhone14,5",ios,18.5,CA,2025-08-31 01:55:23.991,impression
2025-08-31 01:55:36.723,1970-01-01 00:00:00.000,0.0,0.0,0.0,0.0,toronto,,,,,0A6009B1-4A31-40F8-9757-A16CCE50BD96,,en_CA,"iPhone14,5",ios,18.5,CA,2025-08-31 01:55:23.991,impression
2025-08-31 01:55:36.725,1970-01-01 00:00:00.000,0.0,0.0,0.0,0.0,toronto,,,,,0A6009B1-4A31-40F8-9757-A16CCE50BD96,,en_CA,"iPhone14,5",ios,18.5,CA,2025-08-31 01:55:23.991,impression
2025-08-31 01:55:36.725,1970-01-01 00:00:00.000,0.0,0.0,0.0,0.0,toronto,,,,,0A6009B1-4A31-40F8-9757-A16CCE50BD96,,en_CA,"iPhone14,5",ios,18.5,CA,2025-08-31 01:55:23.991,impression
2025-08-31 01:55:36.470,1970-01-01 00:00:00.000,0.0,0.0,0.0,0.0,toronto,,,,,0A6009B1-4A31-40F8-9757-A16CCE50BD96,,en_CA,"iPhone14,5",ios,18.5,CA,2025-08-31 01:55:23.991,custom
2025-08-31 01:55:36.817,1970-01-01 00:00:00.000,0.0,0.0,0.0,0.0,toronto,,,,,0A6009B1-4A31-40F8-9757-A16CCE50BD96,,en_CA,"iPhone14,5",ios,18.5,CA,2025-08-31 01:55:23.991,impression
2025-08-31 01:55:39.622,1970-01-01 00:00:00.000,0.0,0.0,0.0,0.0,toronto,,,,,0A6009B1-4A31-40F8-9757-A16CCE50BD96,,en_CA,"iPhone14,5",ios,18.5,CA,2025-08-31 01:55:23.991,custom
2025-08-26 16:53:27.871,1970-01-01 00:00:00.000,0.0,0.0,0.0,0.0,toronto,,,,,0A6009B1-4A31-40F8-9757-A16CCE50BD96,,en_CA,"iPhone14,5",ios,18.5,CA,2025-08-26 16:53:16.793,custom
2025-08-26 16:53:32.784,1970-01-01 00:00:00.000,0.0,0.0,0.0,0.0,toronto,,,,,0A6009B1-4A31-40F8-9757-A16CCE50BD96,,en_CA,"iPhone14,5",ios,18.5,CA,2025-08-26 16:53:16.793,impression
2025-08-26 16:53:21.271,1970-01-01 00:00:00.000,0.0,0.0,0.0,0.0,unknown,,,,,0A6009B1-4A31-40F8-9757-A16CCE50BD96,,en_CA,"iPhone14,5",ios,18.5,CA,2025-08-26 16:53:16.793,custom
2025-08-26 16:53:21.929,1970-01-01 00:00:00.000,0.0,0.0,0.0,0.0,unknown,,,,,0A6009B1-4A31-40F8-9757-A16CCE50BD96,,en_CA,"iPhone14,5",ios,18.5,CA,2025-08-26 16:53:16.793,custom
2025-08-26 16:53:22.008,1970-01-01 00:00:00.000,0.0,0.0,0.0,0.0,unknown,,,,,0A6009B1-4A31-40F8-9757-A16CCE50BD96,,en_CA,"iPhone14,5",ios,18.5,CA,2025-08-26 16:53:16.793,custom
2025-08-26 16:53:22.495,1970-01-01 00:00:00.000,0.0,0.0,0.0,0.0,unknown,,,,,0A6009B1-4A31-40F8-9757-A16CCE50BD96,,en_CA,"iPhone14,5",ios,18.5,CA,2025-08-26 16:53:16.793,custom
2025-08-26 16:53:24.954,1970-01-01 00:00:00.000,0.0,0.0,0.0,0.0,unknown,,,,,0A6009B1-4A31-40F8-9757-A16CCE50BD96,,en_CA,"iPhone14,5",ios,18.5,CA,2025-08-26 16:53:16.793,custom
2025-08-26 16:53:25.758,1970-01-01 00:00:00.000,0.0,0.0,0.0,0.0,unknown,,,,,0A6009B1-4A31-40F8-9757-A16CCE50BD96,,en_CA,"iPhone14,5",ios,18.5,CA,2025-08-26 16:53:16.793,custom
2025-08-26 16:53:25.835,1970-01-01 00:00:00.000,0.0,0.0,0.0,0.0,unknown,,,,,0A6009B1-4A31-40F8-9757-A16CCE50BD96,,en_CA,"iPhone14,5",ios,18.5,CA,2025-08-26 16:53:16.793,custom
2025-08-26 16:53:25.082,1970-01-01 00:00:00.000,0.0,0.0,0.0,0.0,unknown,,,,,0A6009B1-4A31-40F8-9757-A16CCE50BD96,,en_CA,"iPhone14,5",ios,18.5,CA,2025-08-26 16:53:16.793,custom
2025-08-26 16:53:26.133,1970-01-01 00:00:00.000,0.0,0.0,0.0,0.0,unknown,,,,,0A6009B1-4A31-40F8-9757-A16CCE50BD96,,en_CA,"iPhone14,5",ios,18.5,CA,2025-08-26 16:53:16.793,custom
2025-08-26 16:53:26.224,1970-01-01 00:00:00.000,0.0,0.0,0.0,0.0,unknown,,,,,0A6009B1-4A31-40F8-9757-A16CCE50BD96,,en_CA,"iPhone14,5",ios,18.5,CA,2025-08-26 16:53:16.793,custom
2025-08-26 16:53:26.582,1970-01-01 00:00:00.000,0.0,0.0,0.0,0.0,toronto,,,,,0A6009B1-4A31-40F8-9757-A16CCE50BD96,,en_CA,"iPhone14,5",ios,18.5,CA,2025-08-26 16:53:16.793,custom
2025-08-26 16:53:26.617,1970-01-01 00:00:00.000,0.0,0.0,0.0,0.0,toronto,,,,,0A6009B1-4A31-40F8-9757-A16CCE50BD96,,en_CA,"iPhone14,5",ios,18.5,CA,2025-08-26 16:53:16.793,custom
2025-08-26 16:53:26.668,1970-01-01 00:00:00.000,0.0,0.0,0.0,0.0,toronto,,,,,0A6009B1-4A31-40F8-9757-A16CCE50BD96,,en_CA,"iPhone14,5",ios,18.5,CA,2025-08-26 16:53:16.793,custom
2025-08-26 16:53:27.068,1970-01-01 00:00:00.000,0.0,0.0,0.0,0.0,toronto,,,,,0A6009B1-4A31-40F8-9757-A16CCE50BD96,,en_CA,"iPhone14,5",ios,18.5,CA,2025-08-26 16:53:16.793,impression
2025-08-26 16:53:27.871,1970-01-01 00:00:00.000,0.0,0.0,0.0,0.0,toronto,,,,,0A6009B1-4A31-40F8-9757-A16CCE50BD96,,en_CA,"iPhone14,5",ios,18.5,CA,2025-08-26 16:53:16.793,impression
2025-08-26 16:53:27.875,1970-01-01 00:00:00.000,0.0,0.0,0.0,0.0,toronto,,,,,0A6009B1-4A31-40F8-9757-A16CCE50BD96,,en_CA,"iPhone14,5",ios,18.5,CA,2025-08-26 16:53:16.793,custom
2025-08-26 16:53:28.256,1970-01-01 00:00:00.000,0.0,0.0,0.0,0.0,toronto,,,,,0A6009B1-4A31-40F8-9757-A16CCE50BD96,,en_CA,"iPhone14,5",ios,18.5,CA,2025-08-26 16:53:16.793,custom
2025-08-26 16:53:28.663,1970-01-01 00:00:00.000,0.0,0.0,0.0,0.0,toronto,,,,,0A6009B1-4A31-40F8-9757-A16CCE50BD96,,en_CA,"iPhone14,5",ios,18.5,CA,2025-08-26 16:53:16.793,custom
2025-08-26 16:53:28.564,1970-01-01 00:00:00.000,0.0,0.0,0.0,0.0,toronto,,,,,0A6009B1-4A31-40F8-9757-A16CCE50BD96,,en_CA,"iPhone14,5",ios,18.5,CA,2025-08-26 16:53:16.793,custom
2025-08-26 16:53:28.668,1970-01-01 00:00:00.000,0.0,0.0,0.0,0.0,toronto,,,,,0A6009B1-4A31-40F8-9757-A16CCE50BD96,,en_CA,"iPhone14,5",ios,18.5,CA,2025-08-26 16:53:16.793,impression
2025-08-26 16:53:30.433,1970-01-01 00:00:00.000,0.0,0.0,0.0,0.0,toronto,,,,,0A6009B1-4A31-40F8-9757-A16CCE50BD96,,en_CA,"iPhone14,5",ios,18.5,CA,2025-08-26 16:53:16.793,impression
2025-08-26 16:53:30.433,1970-01-01 00:00:00.000,0.0,0.0,0.0,0.0,toronto,,,,,0A6009B1-4A31-40F8-9757-A16CCE50BD96,,en_CA,"iPhone14,5",ios,18.5,CA,2025-08-26 16:53:16.793,impression
2025-08-26 16:53:31.064,1970-01-01 00:00:00.000,0.0,0.0,0.0,0.0,toronto,,,,,0A6009B1-4A31-40F8-9757-A16CCE50BD96,,en_CA,"iPhone14,5",ios,18.5,CA,2025-08-26 16:53:16.793,custom
2025-08-26 16:53:30.610,1970-01-01 00:00:00.000,0.0,0.0,0.0,0.0,toronto,,,,,0A6009B1-4A31-40F8-9757-A16CCE50BD96,,en_CA,"iPhone14,5",ios,18.5,CA,2025-08-26 16:53:16.793,custom
2025-08-26 16:53:31.279,1970-01-01 00:00:00.000,0.0,0.0,0.0,0.0,toronto,,,,,0A6009B1-4A31-40F8-9757-A16CCE50BD96,,en_CA,"iPhone14,5",ios,18.5,CA,2025-08-26 16:53:16.793,custom
2025-08-26 16:53:31.471,1970-01-01 00:00:00.000,0.0,0.0,0.0,0.0,toronto,,,,,0A6009B1-4A31-40F8-9757-A16CCE50BD96,,en_CA,"iPhone14,5",ios,18.5,CA,2025-08-26 16:53:16.793,custom
2025-08-26 16:53:31.193,1970-01-01 00:00:00.000,0.0,0.0,0.0,0.0,toronto,,,,,0A6009B1-4A31-40F8-9757-A16CCE50BD96,,en_CA,"iPhone14,5",ios,18.5,CA,2025-08-26 16:53:16.793,custom
2025-08-26 16:53:31.923,1970-01-01 00:00:00.000,0.0,0.0,0.0,0.0,toronto,,,,,0A6009B1-4A31-40F8-9757-A16CCE50BD96,,en_CA,"iPhone14,5",ios,18.5,CA,2025-08-26 16:53:16.793,custom
2025-08-26 16:53:32.035,1970-01-01 00:00:00.000,0.0,0.0,0.0,0.0,toronto,,,,,0A6009B1-4A31-40F8-9757-A16CCE50BD96,,en_CA,"iPhone14,5",ios,18.5,CA,2025-08-26 16:53:16.793,impression
2025-08-26 16:53:23.137,1970-01-01 00:00:00.000,0.0,0.0,0.0,0.0,unknown,,,,,0A6009B1-4A31-40F8-9757-A16CCE50BD96,,en_CA,"iPhone14,5",ios,18.5,CA,2025-08-26 16:53:16.793,custom
2025-08-26 16:53:26.910,1970-01-01 00:00:00.000,0.0,0.0,0.0,0.0,toronto,,,,,0A6009B1-4A31-40F8-9757-A16CCE50BD96,,en_CA,"iPhone14,5",ios,18.5,CA,2025-08-26 16:53:16.793,custom
2025-08-26 16:53:27.868,1970-01-01 00:00:00.000,0.0,0.0,0.0,0.0,toronto,,,,,0A6009B1-4A31-40F8-9757-A16CCE50BD96,,en_CA,"iPhone14,5",ios,18.5,CA,2025-08-26 16:53:16.793,custom
2025-08-26 16:53:30.858,1970-01-01 00:00:00.000,0.0,0.0,0.0,0.0,toronto,,,,,0A6009B1-4A31-40F8-9757-A16CCE50BD96,,en_CA,"iPhone14,5",ios,18.5,CA,2025-08-26 16:53:16.793,custom
2025-08-26 16:53:29.217,1970-01-01 00:00:00.000,0.0,0.0,0.0,0.0,toronto,,,,,0A6009B1-4A31-40F8-9757-A16CCE50BD96,,en_CA,"iPhone14,5",ios,18.5,CA,2025-08-26 16:53:16.793,custom
2025-08-26 16:53:31.223,1970-01-01 00:00:00.000,0.0,0.0,0.0,0.0,toronto,,,,,0A6009B1-4A31-40F8-9757-A16CCE50BD96,,en_CA,"iPhone14,5",ios,18.5,CA,2025-08-26 16:53:16.793,custom
2025-08-26 16:53:31.921,1970-01-01 00:00:00.000,0.0,0.0,0.0,0.0,toronto,,,,,0A6009B1-4A31-40F8-9757-A16CCE50BD96,,en_CA,"iPhone14,5",ios,18.5,CA,2025-08-26 16:53:16.793,custom
2025-08-26 16:53:32.184,1970-01-01 00:00:00.000,0.0,0.0,0.0,0.0,toronto,,,,,0A6009B1-4A31-40F8-9757-A16CCE50BD96,,en_CA,"iPhone14,5",ios,18.5,CA,2025-08-26 16:53:16.793,custom
2025-08-26 16:53:32.184,1970-01-01 00:00:00.000,0.0,0.0,0.0,0.0,toronto,,,,,0A6009B1-4A31-40F8-9757-A16CCE50BD96,,en_CA,"iPhone14,5",ios,18.5,CA,2025-08-26 16:53:16.793,custom
2025-08-26 16:53:32.184,1970-01-01 00:00:00.000,0.0,0.0,0.0,0.0,toronto,,,,,0A6009B1-4A31-40F8-9757-A16CCE50BD96,,en_CA,"iPhone14,5",ios,18.5,CA,2025-08-26 16:53:16.793,custom
2025-08-26 16:53:32.184,1970-01-01 00:00:00.000,0.0,0.0,0.0,0.0,toronto,,,,,0A6009B1-4A31-40F8-9757-A16CCE50BD96,,en_CA,"iPhone14,5",ios,18.5,CA,2025-08-26 16:53:16.793,custom
2025-08-26 16:53:32.184,1970-01-01 00:00:00.000,0.0,0.0,0.0,0.0,toronto,,,,,0A6009B1-4A31-40F8-9757-A16CCE50BD96,,en_CA,"iPhone14,5",ios,18.5,CA,2025-08-26 16:53:16.793,custom
2025-08-26 16:53:32.184,1970-01-01 00:00:00.000,0.0,0.0,0.0,0.0,toronto,,,,,0A6009B1-4A31-40F8-9757-A16CCE50BD96,,en_CA,"iPhone14,5",ios,18.5,CA,2025-08-26 16:53:16.793,custom
2025-08-26 16:53:32.230,1970-01-01 00:00:00.000,0.0,0.0,0.0,0.0,toronto,,,,,0A6009B1-4A31-40F8-9757-A16CCE50BD96,,en_CA,"iPhone14,5",ios,18.5,CA,2025-08-26 16:53:16.793,custom
2025-08-26 16:53:32.217,1970-01-01 00:00:00.000,0.0,0.0,0.0,0.0,toronto,,,,,0A6009B1-4A31-40F8-9757-A16CCE50BD96,,en_CA,"iPhone14,5",ios,18.5,CA,2025-08-26 16:53:16.793,custom
2025-08-26 16:53:32.202,1970-01-01 00:00:00.000,0.0,0.0,0.0,0.0,toronto,,,,,0A6009B1-4A31-40F8-9757-A16CCE50BD96,,en_CA,"iPhone14,5",ios,18.5,CA,2025-08-26 16:53:16.793,custom
2025-08-26 16:53:32.241,1970-01-01 00:00:00.000,0.0,0.0,0.0,0.0,toronto,,,,,0A6009B1-4A31-40F8-9757-A16CCE50BD96,,en_CA,"iPhone14,5",ios,18.5,CA,2025-08-26 16:53:16.793,custom
2025-08-26 16:53:32.315,1970-01-01 00:00:00.000,0.0,0.0,0.0,0.0,toronto,,,,,0A6009B1-4A31-40F8-9757-A16CCE50BD96,,en_CA,"iPhone14,5",ios,18.5,CA,2025-08-26 16:53:16.793,custom
2025-08-26 16:53:32.331,1970-01-01 00:00:00.000,0.0,0.0,0.0,0.0,toronto,,,,,0A6009B1-4A31-40F8-9757-A16CCE50BD96,,en_CA,"iPhone14,5",ios,18.5,CA,2025-08-26 16:53:16.793,custom
2025-08-26 16:53:32.351,1970-01-01 00:00:00.000,0.0,0.0,0.0,0.0,toronto,,,,,0A6009B1-4A31-40F8-9757-A16CCE50BD96,,en_CA,"iPhone14,5",ios,18.5,CA,2025-08-26 16:53:16.793,custom
2025-08-26 16:53:26.591,1970-01-01 00:00:00.000,0.0,0.0,0.0,0.0,toronto,,,,,0A6009B1-4A31-40F8-9757-A16CCE50BD96,,en_CA,"iPhone14,5",ios,18.5,CA,2025-08-26 16:53:16.793,custom
2025-08-26 16:53:26.591,1970-01-01 00:00:00.000,0.0,0.0,0.0,0.0,toronto,,,,,0A6009B1-4A31-40F8-9757-A16CCE50BD96,,en_CA,"iPhone14,5",ios,18.5,CA,2025-08-26 16:53:16.793,custom
2025-08-26 16:53:26.618,1970-01-01 00:00:00.000,0.0,0.0,0.0,0.0,toronto,,,,,0A6009B1-4A31-40F8-9757-A16CCE50BD96,,en_CA,"iPhone14,5",ios,18.5,CA,2025-08-26 16:53:16.793,custom
2025-08-26 16:53:26.618,1970-01-01 00:00:00.000,0.0,0.0,0.0,0.0,toronto,,,,,0A6009B1-4A31-40F8-9757-A16CCE50BD96,,en_CA,"iPhone14,5",ios,18.5,CA,2025-08-26 16:53:16.793,custom
2025-08-26 16:53:26.876,1970-01-01 00:00:00.000,0.0,0.0,0.0,0.0,toronto,,,,,0A6009B1-4A31-40F8-9757-A16CCE50BD96,,en_CA,"iPhone14,5",ios,18.5,CA,2025-08-26 16:53:16.793,custom
2025-08-26 16:53:27.813,1970-01-01 00:00:00.000,0.0,0.0,0.0,0.0,toronto,,,,,0A6009B1-4A31-40F8-9757-A16CCE50BD96,,en_CA,"iPhone14,5",ios,18.5,CA,2025-08-26 16:53:16.793,custom
2025-08-26 16:53:27.813,1970-01-01 00:00:00.000,0.0,0.0,0.0,0.0,toronto,,,,,0A6009B1-4A31-40F8-9757-A16CCE50BD96,,en_CA,"iPhone14,5",ios,18.5,CA,2025-08-26 16:53:16.793,custom
2025-08-26 16:53:28.766,1970-01-01 00:00:00.000,0.0,0.0,0.0,0.0,toronto,,,,,0A6009B1-4A31-40F8-9757-A16CCE50BD96,,en_CA,"iPhone14,5",ios,18.5,CA,2025-08-26 16:53:16.793,custom
2025-08-26 16:53:31.114,1970-01-01 00:00:00.000,0.0,0.0,0.0,0.0,toronto,,,,,0A6009B1-4A31-40F8-9757-A16CCE50BD96,,en_CA,"iPhone14,5",ios,18.5,CA,2025-08-26 16:53:16.793,custom
2025-08-26 16:53:31.073,1970-01-01 00:00:00.000,0.0,0.0,0.0,0.0,toronto,,,,,0A6009B1-4A31-40F8-9757-A16CCE50BD96,,en_CA,"iPhone14,5",ios,18.5,CA,2025-08-26 16:53:16.793,impression
2025-08-26 16:53:31.923,1970-01-01 00:00:00.000,0.0,0.0,0.0,0.0,toronto,,,,,0A6009B1-4A31-40F8-9757-A16CCE50BD96,,en_CA,"iPhone14,5",ios,18.5,CA,2025-08-26 16:53:16.793,custom
2025-08-26 16:53:32.035,1970-01-01 00:00:00.000,0.0,0.0,0.0,0.0,toronto,,,,,0A6009B1-4A31-40F8-9757-A16CCE50BD96,,en_CA,"iPhone14,5",ios,18.5,CA,2025-08-26 16:53:16.793,impression
2025-08-26 16:53:32.049,1970-01-01 00:00:00.000,0.0,0.0,0.0,0.0,toronto,,,,,0A6009B1-4A31-40F8-9757-A16CCE50BD96,,en_CA,"iPhone14,5",ios,18.5,CA,2025-08-26 16:53:16.793,custom
2025-08-26 16:53:22.094,1970-01-01 00:00:00.000,0.0,0.0,0.0,0.0,unknown,,,,,0A6009B1-4A31-40F8-9757-A16CCE50BD96,,en_CA,"iPhone14,5",ios,18.5,CA,2025-08-26 16:53:16.793,custom
2025-08-26 16:53:26.833,1970-01-01 00:00:00.000,0.0,0.0,0.0,0.0,toronto,,,,,0A6009B1-4A31-40F8-9757-A16CCE50BD96,,en_CA,"iPhone14,5",ios,18.5,CA,2025-08-26 16:53:16.793,custom
2025-08-26 16:53:32.003,1970-01-01 00:00:00.000,0.0,0.0,0.0,0.0,toronto,,,,,0A6009B1-4A31-40F8-9757-A16CCE50BD96,,en_CA,"iPhone14,5",ios,18.5,CA,2025-08-26 16:53:16.793,custom
2025-08-26 16:53:32.184,1970-01-01 00:00:00.000,0.0,0.0,0.0,0.0,toronto,,,,,0A6009B1-4A31-40F8-9757-A16CCE50BD96,,en_CA,"iPhone14,5",ios,18.5,CA,2025-08-26 16:53:16.793,custom
2025-08-26 16:53:32.184,1970-01-01 00:00:00.000,0.0,0.0,0.0,0.0,toronto,,,,,0A6009B1-4A31-40F8-9757-A16CCE50BD96,,en_CA,"iPhone14,5",ios,18.5,CA,2025-08-26 16:53:16.793,custom
2025-08-26 16:53:32.202,1970-01-01 00:00:00.000,0.0,0.0,0.0,0.0,toronto,,,,,0A6009B1-4A31-40F8-9757-A16CCE50BD96,,en_CA,"iPhone14,5",ios,18.5,CA,2025-08-26 16:53:16.793,custom
2025-08-26 16:53:32.270,1970-01-01 00:00:00.000,0.0,0.0,0.0,0.0,toronto,,,,,0A6009B1-4A31-40F8-9757-A16CCE50BD96,,en_CA,"iPhone14,5",ios,18.5,CA,2025-08-26 16:53:16.793,custom
2025-08-26 16:53:32.282,1970-01-01 00:00:00.000,0.0,0.0,0.0,0.0,toronto,,,,,0A6009B1-4A31-40F8-9757-A16CCE50BD96,,en_CA,"iPhone14,5",ios,18.5,CA,2025-08-26 16:53:16.793,custom
2025-08-26 16:53:32.297,1970-01-01 00:00:00.000,0.0,0.0,0.0,0.0,toronto,,,,,0A6009B1-4A31-40F8-9757-A16CCE50BD96,,en_CA,"iPhone14,5",ios,18.5,CA,2025-08-26 16:53:16.793,custom
2025-08-26 16:53:26.618,1970-01-01 00:00:00.000,0.0,0.0,0.0,0.0,toronto,,,,,0A6009B1-4A31-40F8-9757-A16CCE50BD96,,en_CA,"iPhone14,5",ios,18.5,CA,2025-08-26 16:53:16.793,custom
2025-08-26 16:53:27.008,1970-01-01 00:00:00.000,0.0,0.0,0.0,0.0,toronto,,,,,0A6009B1-4A31-40F8-9757-A16CCE50BD96,,en_CA,"iPhone14,5",ios,18.5,CA,2025-08-26 16:53:16.793,custom
2025-08-26 16:53:27.073,1970-01-01 00:00:00.000,0.0,0.0,0.0,0.0,toronto,,,,,0A6009B1-4A31-40F8-9757-A16CCE50BD96,,en_CA,"iPhone14,5",ios,18.5,CA,2025-08-26 16:53:16.793,custom
2025-08-26 16:53:27.310,1970-01-01 00:00:00.000,0.0,0.0,0.0,0.0,toronto,,,,,0A6009B1-4A31-40F8-9757-A16CCE50BD96,,en_CA,"iPhone14,5",ios,18.5,CA,2025-08-26 16:53:16.793,custom
2025-08-26 16:53:27.406,1970-01-01 00:00:00.000,0.0,0.0,0.0,0.0,toronto,,,,,0A6009B1-4A31-40F8-9757-A16CCE50BD96,,en_CA,"iPhone14,5",ios,18.5,CA,2025-08-26 16:53:16.793,custom
2025-08-26 16:53:31.318,1970-01-01 00:00:00.000,0.0,0.0,0.0,0.0,toronto,,,,,0A6009B1-4A31-40F8-9757-A16CCE50BD96,,en_CA,"iPhone14,5",ios,18.5,CA,2025-08-26 16:53:16.793,custom
2025-08-26 16:53:32.258,1970-01-01 00:00:00.000,0.0,0.0,0.0,0.0,toronto,,,,,0A6009B1-4A31-40F8-9757-A16CCE50BD96,,en_CA,"iPhone14,5",ios,18.5,CA,2025-08-26 16:53:16.793,custom
2025-08-26 16:53:17.860,1970-01-01 00:00:00.000,0.0,0.0,0.0,0.0,unknown,,,,,0A6009B1-4A31-40F8-9757-A16CCE50BD96,,en_CA,"iPhone14,5",ios,18.5,CA,2025-08-26 16:53:16.793,custom
2025-08-26 16:53:17.860,1970-01-01 00:00:00.000,0.0,0.0,0.0,0.0,unknown,,,,,0A6009B1-4A31-40F8-9757-A16CCE50BD96,,en_CA,"iPhone14,5",ios,18.5,CA,2025-08-26 16:53:16.793,custom
2025-08-26 16:53:17.869,1970-01-01 00:00:00.000,0.0,0.0,0.0,0.0,unknown,,,,,0A6009B1-4A31-40F8-9757-A16CCE50BD96,,en_CA,"iPhone14,5",ios,18.5,CA,2025-08-26 16:53:16.793,custom
2025-08-26 16:53:17.861,1970-01-01 00:00:00.000,0.0,0.0,0.0,0.0,unknown,,,,,0A6009B1-4A31-40F8-9757-A16CCE50BD96,,en_CA,"iPhone14,5",ios,18.5,CA,2025-08-26 16:53:16.793,custom
2025-08-26 16:53:17.864,1970-01-01 00:00:00.000,0.0,0.0,0.0,0.0,unknown,,,,,0A6009B1-4A31-40F8-9757-A16CCE50BD96,,en_CA,"iPhone14,5",ios,18.5,CA,2025-08-26 16:53:16.793,custom
2025-08-26 16:53:17.866,1970-01-01 00:00:00.000,0.0,0.0,0.0,0.0,unknown,,,,,0A6009B1-4A31-40F8-9757-A16CCE50BD96,,en_CA,"iPhone14,5",ios,18.5,CA,2025-08-26 16:53:16.793,custom
2025-08-26 16:53:17.866,1970-01-01 00:00:00.000,0.0,0.0,0.0,0.0,unknown,,,,,0A6009B1-4A31-40F8-9757-A16CCE50BD96,,en_CA,"iPhone14,5",ios,18.5,CA,2025-08-26 16:53:16.793,custom
2025-08-26 16:53:17.867,1970-01-01 00:00:00.000,0.0,0.0,0.0,0.0,unknown,,,,,0A6009B1-4A31-40F8-9757-A16CCE50BD96,,en_CA,"iPhone14,5",ios,18.5,CA,2025-08-26 16:53:16.793,custom
2025-08-26 16:53:19.562,1970-01-01 00:00:00.000,0.0,0.0,0.0,0.0,unknown,,,,,0A6009B1-4A31-40F8-9757-A16CCE50BD96,,en_CA,"iPhone14,5",ios,18.5,CA,2025-08-26 16:53:16.793,custom
2025-08-26 16:53:19.494,1970-01-01 00:00:00.000,0.0,0.0,0.0,0.0,unknown,,,,,0A6009B1-4A31-40F8-9757-A16CCE50BD96,,en_CA,"iPhone14,5",ios,18.5,CA,2025-08-26 16:53:16.793,custom
2025-08-26 16:53:19.787,1970-01-01 00:00:00.000,0.0,0.0,0.0,0.0,unknown,,,,,0A6009B1-4A31-40F8-9757-A16CCE50BD96,,en_CA,"iPhone14,5",ios,18.5,CA,2025-08-26 16:53:16.793,custom
2025-08-26 16:53:19.905,1970-01-01 00:00:00.000,0.0,0.0,0.0,0.0,unknown,,,,,0A6009B1-4A31-40F8-9757-A16CCE50BD96,,en_CA,"iPhone14,5",ios,18.5,CA,2025-08-26 16:53:16.793,custom
2025-08-26 16:53:19.563,1970-01-01 00:00:00.000,0.0,0.0,0.0,0.0,unknown,,,,,0A6009B1-4A31-40F8-9757-A16CCE50BD96,,en_CA,"iPhone14,5",ios,18.5,CA,2025-08-26 16:53:16.793,custom
2025-08-26 16:53:17.865,1970-01-01 00:00:00.000,0.0,0.0,0.0,0.0,unknown,,,,,0A6009B1-4A31-40F8-9757-A16CCE50BD96,,en_CA,"iPhone14,5",ios,18.5,CA,2025-08-26 16:53:16.793,custom
2025-08-26 16:53:19.996,1970-01-01 00:00:00.000,0.0,0.0,0.0,0.0,unknown,,,,,0A6009B1-4A31-40F8-9757-A16CCE50BD96,,en_CA,"iPhone14,5",ios,18.5,CA,2025-08-26 16:53:16.793,custom
2025-08-26 16:53:17.867,1970-01-01 00:00:00.000,0.0,0.0,0.0,0.0,unknown,,,,,0A6009B1-4A31-40F8-9757-A16CCE50BD96,,en_CA,"iPhone14,5",ios,18.5,CA,2025-08-26 16:53:16.793,custom
2025-08-26 16:53:21.038,1970-01-01 00:00:00.000,0.0,0.0,0.0,0.0,unknown,,,,,0A6009B1-4A31-40F8-9757-A16CCE50BD96,,en_CA,"iPhone14,5",ios,18.5,CA,2025-08-26 16:53:16.793,custom
2025-08-26 16:53:21.023,1970-01-01 00:00:00.000,0.0,0.0,0.0,0.0,unknown,,,,,0A6009B1-4A31-40F8-9757-A16CCE50BD96,,en_CA,"iPhone14,5",ios,18.5,CA,2025-08-26 16:53:16.793,custom
2025-08-26 16:53:17.862,1970-01-01 00:00:00.000,0.0,0.0,0.0,0.0,unknown,,,,,0A6009B1-4A31-40F8-9757-A16CCE50BD96,,en_CA,"iPhone14,5",ios,18.5,CA,2025-08-26 16:53:16.793,custom
2025-08-26 16:53:17.864,1970-01-01 00:00:00.000,0.0,0.0,0.0,0.0,unknown,,,,,0A6009B1-4A31-40F8-9757-A16CCE50BD96,,en_CA,"iPhone14,5",ios,18.5,CA,2025-08-26 16:53:16.793,custom
2025-08-26 16:53:17.868,1970-01-01 00:00:00.000,0.0,0.0,0.0,0.0,unknown,,,,,0A6009B1-4A31-40F8-9757-A16CCE50BD96,,en_CA,"iPhone14,5",ios,18.5,CA,2025-08-26 16:53:16.793,custom
2025-08-26 16:53:17.868,1970-01-01 00:00:00.000,0.0,0.0,0.0,0.0,unknown,,,,,0A6009B1-4A31-40F8-9757-A16CCE50BD96,,en_CA,"iPhone14,5",ios,18.5,CA,2025-08-26 16:53:16.793,custom
2025-08-26 16:53:18.691,1970-01-01 00:00:00.000,0.0,0.0,0.0,0.0,unknown,,,,,0A6009B1-4A31-40F8-9757-A16CCE50BD96,,en_CA,"iPhone14,5",ios,18.5,CA,2025-08-26 16:53:16.793,custom
2025-08-26 16:53:19.057,1970-01-01 00:00:00.000,0.0,0.0,0.0,0.0,unknown,,,,,0A6009B1-4A31-40F8-9757-A16CCE50BD96,,en_CA,"iPhone14,5",ios,18.5,CA,2025-08-26 16:53:16.793,custom
2025-08-26 16:53:19.905,1970-01-01 00:00:00.000,0.0,0.0,0.0,0.0,unknown,,,,,0A6009B1-4A31-40F8-9757-A16CCE50BD96,,en_CA,"iPhone14,5",ios,18.5,CA,2025-08-26 16:53:16.793,custom
2025-08-26 16:53:20.380,1970-01-01 00:00:00.000,0.0,0.0,0.0,0.0,unknown,,,,,0A6009B1-4A31-40F8-9757-A16CCE50BD96,,en_CA,"iPhone14,5",ios,18.5,CA,2025-08-26 16:53:16.793,custom
2025-08-26 16:53:17.865,1970-01-01 00:00:00.000,0.0,0.0,0.0,0.0,unknown,,,,,0A6009B1-4A31-40F8-9757-A16CCE50BD96,,en_CA,"iPhone14,5",ios,18.5,CA,2025-08-26 16:53:16.793,custom
2025-08-26 16:53:20.053,1970-01-01 00:00:00.000,0.0,0.0,0.0,0.0,unknown,,,,,0A6009B1-4A31-40F8-9757-A16CCE50BD96,,en_CA,"iPhone14,5",ios,18.5,CA,2025-08-26 16:53:16.793,custom
2025-08-26 16:53:21.058,1970-01-01 00:00:00.000,0.0,0.0,0.0,0.0,unknown,,,,,0A6009B1-4A31-40F8-9757-A16CCE50BD96,,en_CA,"iPhone14,5",ios,18.5,CA,2025-08-26 16:53:16.793,custom
2025-08-26 16:53:20.074,1970-01-01 00:00:00.000,0.0,0.0,0.0,0.0,unknown,,,,,0A6009B1-4A31-40F8-9757-A16CCE50BD96,,en_CA,"iPhone14,5",ios,18.5,CA,2025-08-26 16:53:16.793,custom
2025-08-26 16:53:17.860,1970-01-01 00:00:00.000,0.0,0.0,0.0,0.0,unknown,,,,,0A6009B1-4A31-40F8-9757-A16CCE50BD96,,en_CA,"iPhone14,5",ios,18.5,CA,2025-08-26 16:53:16.793,custom
2025-09-05 19:34:54.703,1970-01-01 00:00:00.000,0.0,0.0,0.0,0.0,unknown,,,,,0A6009B1-4A31-40F8-9757-A16CCE50BD96,,en_CA,"iPhone14,5",ios,18.5,CA,2025-09-05 19:34:44.028,custom
2025-09-06 17:07:43.032,1970-01-01 00:00:00.000,0.0,0.0,0.0,0.0,unknown,,,,,0A6009B1-4A31-40F8-9757-A16CCE50BD96,,en_CA,"iPhone14,5",ios,18.5,CA,2025-09-06 17:07:41.788,custom
2025-09-06 17:07:43.032,1970-01-01 00:00:00.000,0.0,0.0,0.0,0.0,unknown,,,,,0A6009B1-4A31-40F8-9757-A16CCE50BD96,,en_CA,"iPhone14,5",ios,18.5,CA,2025-09-06 17:07:41.788,custom
2025-09-05 19:34:57.525,1970-01-01 00:00:00.000,0.0,0.0,0.0,0.0,toronto,,,,,0A6009B1-4A31-40F8-9757-A16CCE50BD96,,en_CA,"iPhone14,5",ios,18.5,CA,2025-09-05 19:34:44.028,impression
2025-09-05 19:34:54.457,1970-01-01 00:00:00.000,0.0,0.0,0.0,0.0,unknown,,,,,0A6009B1-4A31-40F8-9757-A16CCE50BD96,,en_CA,"iPhone14,5",ios,18.5,CA,2025-09-05 19:34:44.028,custom
2025-09-05 19:34:53.722,1970-01-01 00:00:00.000,0.0,0.0,0.0,0.0,unknown,,,,,0A6009B1-4A31-40F8-9757-A16CCE50BD96,,en_CA,"iPhone14,5",ios,18.5,CA,2025-09-05 19:34:44.028,custom
2025-09-05 19:34:54.458,1970-01-01 00:00:00.000,0.0,0.0,0.0,0.0,unknown,,,,,0A6009B1-4A31-40F8-9757-A16CCE50BD96,,en_CA,"iPhone14,5",ios,18.5,CA,2025-09-05 19:34:44.028,custom
2025-09-06 17:07:43.687,1970-01-01 00:00:00.000,0.0,0.0,0.0,0.0,unknown,,,,,0A6009B1-4A31-40F8-9757-A16CCE50BD96,,en_CA,"iPhone14,5",ios,18.5,CA,2025-09-06 17:07:41.788,custom
2025-09-05 19:34:54.475,1970-01-01 00:00:00.000,0.0,0.0,0.0,0.0,unknown,,,,,0A6009B1-4A31-40F8-9757-A16CCE50BD96,,en_CA,"iPhone14,5",ios,18.5,CA,2025-09-05 19:34:44.028,custom
2025-09-05 19:34:54.504,1970-01-01 00:00:00.000,0.0,0.0,0.0,0.0,unknown,,,,,0A6009B1-4A31-40F8-9757-A16CCE50BD96,,en_CA,"iPhone14,5",ios,18.5,CA,2025-09-05 19:34:44.028,custom
2025-09-05 19:34:54.576,1970-01-01 00:00:00.000,0.0,0.0,0.0,0.0,unknown,,,,,0A6009B1-4A31-40F8-9757-A16CCE50BD96,,en_CA,"iPhone14,5",ios,18.5,CA,2025-09-05 19:34:44.028,custom
2025-09-05 19:34:54.576,1970-01-01 00:00:00.000,0.0,0.0,0.0,0.0,unknown,,,,,0A6009B1-4A31-40F8-9757-A16CCE50BD96,,en_CA,"iPhone14,5",ios,18.5,CA,2025-09-05 19:34:44.028,custom
2025-09-05 19:34:54.504,1970-01-01 00:00:00.000,0.0,0.0,0.0,0.0,unknown,,,,,0A6009B1-4A31-40F8-9757-A16CCE50BD96,,en_CA,"iPhone14,5",ios,18.5,CA,2025-09-05 19:34:44.028,custom
2025-09-05 19:34:54.576,1970-01-01 00:00:00.000,0.0,0.0,0.0,0.0,unknown,,,,,0A6009B1-4A31-40F8-9757-A16CCE50BD96,,en_CA,"iPhone14,5",ios,18.5,CA,2025-09-05 19:34:44.028,custom
2025-09-05 19:34:54.622,1970-01-01 00:00:00.000,0.0,0.0,0.0,0.0,unknown,,,,,0A6009B1-4A31-40F8-9757-A16CCE50BD96,,en_CA,"iPhone14,5",ios,18.5,CA,2025-09-05 19:34:44.028,custom
2025-09-05 19:34:54.576,1970-01-01 00:00:00.000,0.0,0.0,0.0,0.0,unknown,,,,,0A6009B1-4A31-40F8-9757-A16CCE50BD96,,en_CA,"iPhone14,5",ios,18.5,CA,2025-09-05 19:34:44.028,custom
2025-09-05 19:34:54.576,1970-01-01 00:00:00.000,0.0,0.0,0.0,0.0,unknown,,,,,0A6009B1-4A31-40F8-9757-A16CCE50BD96,,en_CA,"iPhone14,5",ios,18.5,CA,2025-09-05 19:34:44.028,custom
2025-09-05 19:34:54.638,1970-01-01 00:00:00.000,0.0,0.0,0.0,0.0,unknown,,,,,0A6009B1-4A31-40F8-9757-A16CCE50BD96,,en_CA,"iPhone14,5",ios,18.5,CA,2025-09-05 19:34:44.028,custom
2025-09-05 19:34:54.703,1970-01-01 00:00:00.000,0.0,0.0,0.0,0.0,unknown,,,,,0A6009B1-4A31-40F8-9757-A16CCE50BD96,,en_CA,"iPhone14,5",ios,18.5,CA,2025-09-05 19:34:44.028,custom
2025-09-05 19:34:54.639,1970-01-01 00:00:00.000,0.0,0.0,0.0,0.0,unknown,,,,,0A6009B1-4A31-40F8-9757-A16CCE50BD96,,en_CA,"iPhone14,5",ios,18.5,CA,2025-09-05 19:34:44.028,custom
2025-09-05 19:34:54.703,1970-01-01 00:00:00.000,0.0,0.0,0.0,0.0,unknown,,,,,0A6009B1-4A31-40F8-9757-A16CCE50BD96,,en_CA,"iPhone14,5",ios,18.5,CA,2025-09-05 19:34:44.028,custom
2025-09-05 19:34:55.618,1970-01-01 00:00:00.000,0.0,0.0,0.0,0.0,unknown,,,,,0A6009B1-4A31-40F8-9757-A16CCE50BD96,,en_CA,"iPhone14,5",ios,18.5,CA,2025-09-05 19:34:44.028,custom
2025-09-05 19:34:55.727,1970-01-01 00:00:00.000,0.0,0.0,0.0,0.0,unknown,,,,,0A6009B1-4A31-40F8-9757-A16CCE50BD96,,en_CA,"iPhone14,5",ios,18.5,CA,2025-09-05 19:34:44.028,custom
2025-09-05 19:34:55.727,1970-01-01 00:00:00.000,0.0,0.0,0.0,0.0,unknown,,,,,0A6009B1-4A31-40F8-9757-A16CCE50BD96,,en_CA,"iPhone14,5",ios,18.5,CA,2025-09-05 19:34:44.028,custom
2025-09-05 19:34:55.727,1970-01-01 00:00:00.000,0.0,0.0,0.0,0.0,unknown,,,,,0A6009B1-4A31-40F8-9757-A16CCE50BD96,,en_CA,"iPhone14,5",ios,18.5,CA,2025-09-05 19:34:44.028,custom
2025-09-05 19:34:55.746,1970-01-01 00:00:00.000,0.0,0.0,0.0,0.0,unknown,,,,,0A6009B1-4A31-40F8-9757-A16CCE50BD96,,en_CA,"iPhone14,5",ios,18.5,CA,2025-09-05 19:34:44.028,custom
2025-09-05 19:34:55.727,1970-01-01 00:00:00.000,0.0,0.0,0.0,0.0,unknown,,,,,0A6009B1-4A31-40F8-9757-A16CCE50BD96,,en_CA,"iPhone14,5",ios,18.5,CA,2025-09-05 19:34:44.028,custom
2025-09-05 19:34:55.728,1970-01-01 00:00:00.000,0.0,0.0,0.0,0.0,unknown,,,,,0A6009B1-4A31-40F8-9757-A16CCE50BD96,,en_CA,"iPhone14,5",ios,18.5,CA,2025-09-05 19:34:44.028,custom
2025-09-05 19:34:55.780,1970-01-01 00:00:00.000,0.0,0.0,0.0,0.0,unknown,,,,,0A6009B1-4A31-40F8-9757-A16CCE50BD96,,en_CA,"iPhone14,5",ios,18.5,CA,2025-09-05 19:34:44.028,custom
2025-09-05 19:34:55.792,1970-01-01 00:00:00.000,0.0,0.0,0.0,0.0,unknown,,,,,0A6009B1-4A31-40F8-9757-A16CCE50BD96,,en_CA,"iPhone14,5",ios,18.5,CA,2025-09-05 19:34:44.028,custom
2025-09-05 19:34:55.863,1970-01-01 00:00:00.000,0.0,0.0,0.0,0.0,unknown,,,,,0A6009B1-4A31-40F8-9757-A16CCE50BD96,,en_CA,"iPhone14,5",ios,18.5,CA,2025-09-05 19:34:44.028,custom
2025-09-05 19:34:55.798,1970-01-01 00:00:00.000,0.0,0.0,0.0,0.0,unknown,,,,,0A6009B1-4A31-40F8-9757-A16CCE50BD96,,en_CA,"iPhone14,5",ios,18.5,CA,2025-09-05 19:34:44.028,custom
2025-09-05 19:34:55.814,1970-01-01 00:00:00.000,0.0,0.0,0.0,0.0,unknown,,,,,0A6009B1-4A31-40F8-9757-A16CCE50BD96,,en_CA,"iPhone14,5",ios,18.5,CA,2025-09-05 19:34:44.028,custom
2025-09-05 19:34:55.921,1970-01-01 00:00:00.000,0.0,0.0,0.0,0.0,unknown,,,,,0A6009B1-4A31-40F8-9757-A16CCE50BD96,,en_CA,"iPhone14,5",ios,18.5,CA,2025-09-05 19:34:44.028,custom
2025-09-05 19:34:55.951,1970-01-01 00:00:00.000,0.0,0.0,0.0,0.0,unknown,,,,,0A6009B1-4A31-40F8-9757-A16CCE50BD96,,en_CA,"iPhone14,5",ios,18.5,CA,2025-09-05 19:34:44.028,custom
2025-09-05 19:34:55.984,1970-01-01 00:00:00.000,0.0,0.0,0.0,0.0,toronto,,,,,0A6009B1-4A31-40F8-9757-A16CCE50BD96,,en_CA,"iPhone14,5",ios,18.5,CA,2025-09-05 19:34:44.028,custom
2025-09-05 19:34:55.971,1970-01-01 00:00:00.000,0.0,0.0,0.0,0.0,toronto,,,,,0A6009B1-4A31-40F8-9757-A16CCE50BD96,,en_CA,"iPhone14,5",ios,18.5,CA,2025-09-05 19:34:44.028,custom
2025-09-05 19:34:55.984,1970-01-01 00:00:00.000,0.0,0.0,0.0,0.0,toronto,,,,,0A6009B1-4A31-40F8-9757-A16CCE50BD96,,en_CA,"iPhone14,5",ios,18.5,CA,2025-09-05 19:34:44.028,custom
2025-09-05 19:34:55.985,1970-01-01 00:00:00.000,0.0,0.0,0.0,0.0,toronto,,,,,0A6009B1-4A31-40F8-9757-A16CCE50BD96,,en_CA,"iPhone14,5",ios,18.5,CA,2025-09-05 19:34:44.028,custom
2025-09-05 19:34:55.994,1970-01-01 00:00:00.000,0.0,0.0,0.0,0.0,toronto,,,,,0A6009B1-4A31-40F8-9757-A16CCE50BD96,,en_CA,"iPhone14,5",ios,18.5,CA,2025-09-05 19:34:44.028,custom
2025-09-05 19:34:56.002,1970-01-01 00:00:00.000,0.0,0.0,0.0,0.0,toronto,,,,,0A6009B1-4A31-40F8-9757-A16CCE50BD96,,en_CA,"iPhone14,5",ios,18.5,CA,2025-09-05 19:34:44.028,impression
2025-09-05 19:34:56.056,1970-01-01 00:00:00.000,0.0,0.0,0.0,0.0,toronto,,,,,0A6009B1-4A31-40F8-9757-A16CCE50BD96,,en_CA,"iPhone14,5",ios,18.5,CA,2025-09-05 19:34:44.028,custom
2025-09-05 19:34:56.002,1970-01-01 00:00:00.000,0.0,0.0,0.0,0.0,toronto,,,,,0A6009B1-4A31-40F8-9757-A16CCE50BD96,,en_CA,"iPhone14,5",ios,18.5,CA,2025-09-05 19:34:44.028,custom
2025-09-05 19:34:56.056,1970-01-01 00:00:00.000,0.0,0.0,0.0,0.0,toronto,,,,,0A6009B1-4A31-40F8-9757-A16CCE50BD96,,en_CA,"iPhone14,5",ios,18.5,CA,2025-09-05 19:34:44.028,custom
2025-09-05 19:34:56.086,1970-01-01 00:00:00.000,0.0,0.0,0.0,0.0,toronto,,,,,0A6009B1-4A31-40F8-9757-A16CCE50BD96,,en_CA,"iPhone14,5",ios,18.5,CA,2025-09-05 19:34:44.028,custom
2025-09-05 19:34:56.083,1970-01-01 00:00:00.000,0.0,0.0,0.0,0.0,toronto,,,,,0A6009B1-4A31-40F8-9757-A16CCE50BD96,,en_CA,"iPhone14,5",ios,18.5,CA,2025-09-05 19:34:44.028,custom
2025-09-05 19:34:56.086,1970-01-01 00:00:00.000,0.0,0.0,0.0,0.0,toronto,,,,,0A6009B1-4A31-40F8-9757-A16CCE50BD96,,en_CA,"iPhone14,5",ios,18.5,CA,2025-09-05 19:34:44.028,custom
2025-09-05 19:34:56.094,1970-01-01 00:00:00.000,0.0,0.0,0.0,0.0,toronto,,,,,0A6009B1-4A31-40F8-9757-A16CCE50BD96,,en_CA,"iPhone14,5",ios,18.5,CA,2025-09-05 19:34:44.028,custom
2025-09-05 19:34:56.100,1970-01-01 00:00:00.000,0.0,0.0,0.0,0.0,toronto,,,,,0A6009B1-4A31-40F8-9757-A16CCE50BD96,,en_CA,"iPhone14,5",ios,18.5,CA,2025-09-05 19:34:44.028,custom
2025-09-05 19:34:56.100,1970-01-01 00:00:00.000,0.0,0.0,0.0,0.0,toronto,,,,,0A6009B1-4A31-40F8-9757-A16CCE50BD96,,en_CA,"iPhone14,5",ios,18.5,CA,2025-09-05 19:34:44.028,custom
2025-09-05 19:34:56.100,1970-01-01 00:00:00.000,0.0,0.0,0.0,0.0,toronto,,,,,0A6009B1-4A31-40F8-9757-A16CCE50BD96,,en_CA,"iPhone14,5",ios,18.5,CA,2025-09-05 19:34:44.028,impression
2025-09-05 19:34:56.378,1970-01-01 00:00:00.000,0.0,0.0,0.0,0.0,toronto,,,,,0A6009B1-4A31-40F8-9757-A16CCE50BD96,,en_CA,"iPhone14,5",ios,18.5,CA,2025-09-05 19:34:44.028,impression
2025-09-05 19:34:56.125,1970-01-01 00:00:00.000,0.0,0.0,0.0,0.0,toronto,,,,,0A6009B1-4A31-40F8-9757-A16CCE50BD96,,en_CA,"iPhone14,5",ios,18.5,CA,2025-09-05 19:34:44.028,custom
2025-09-05 19:34:56.177,1970-01-01 00:00:00.000,0.0,0.0,0.0,0.0,toronto,,,,,0A6009B1-4A31-40F8-9757-A16CCE50BD96,,en_CA,"iPhone14,5",ios,18.5,CA,2025-09-05 19:34:44.028,custom
2025-09-05 19:34:56.395,1970-01-01 00:00:00.000,0.0,0.0,0.0,0.0,toronto,,,,,0A6009B1-4A31-40F8-9757-A16CCE50BD96,,en_CA,"iPhone14,5",ios,18.5,CA,2025-09-05 19:34:44.028,impression
2025-09-05 19:34:56.395,1970-01-01 00:00:00.000,0.0,0.0,0.0,0.0,toronto,,,,,0A6009B1-4A31-40F8-9757-A16CCE50BD96,,en_CA,"iPhone14,5",ios,18.5,CA,2025-09-05 19:34:44.028,impression
2025-09-05 19:34:56.395,1970-01-01 00:00:00.000,0.0,0.0,0.0,0.0,toronto,,,,,0A6009B1-4A31-40F8-9757-A16CCE50BD96,,en_CA,"iPhone14,5",ios,18.5,CA,2025-09-05 19:34:44.028,impression
2025-09-05 19:34:56.395,1970-01-01 00:00:00.000,0.0,0.0,0.0,0.0,toronto,,,,,0A6009B1-4A31-40F8-9757-A16CCE50BD96,,en_CA,"iPhone14,5",ios,18.5,CA,2025-09-05 19:34:44.028,impression
2025-09-05 19:34:56.413,1970-01-01 00:00:00.000,0.0,0.0,0.0,0.0,toronto,,,,,0A6009B1-4A31-40F8-9757-A16CCE50BD96,,en_CA,"iPhone14,5",ios,18.5,CA,2025-09-05 19:34:44.028,custom
2025-09-05 19:34:56.428,1970-01-01 00:00:00.000,0.0,0.0,0.0,0.0,toronto,,,,,0A6009B1-4A31-40F8-9757-A16CCE50BD96,,en_CA,"iPhone14,5",ios,18.5,CA,2025-09-05 19:34:44.028,custom
2025-09-05 19:34:56.415,1970-01-01 00:00:00.000,0.0,0.0,0.0,0.0,toronto,,,,,0A6009B1-4A31-40F8-9757-A16CCE50BD96,,en_CA,"iPhone14,5",ios,18.5,CA,2025-09-05 19:34:44.028,impression
2025-09-05 19:34:56.440,1970-01-01 00:00:00.000,0.0,0.0,0.0,0.0,toronto,,,,,0A6009B1-4A31-40F8-9757-A16CCE50BD96,,en_CA,"iPhone14,5",ios,18.5,CA,2025-09-05 19:34:44.028,impression
2025-09-05 19:34:56.479,1970-01-01 00:00:00.000,0.0,0.0,0.0,0.0,toronto,,,,,0A6009B1-4A31-40F8-9757-A16CCE50BD96,,en_CA,"iPhone14,5",ios,18.5,CA,2025-09-05 19:34:44.028,custom
2025-09-05 19:34:56.440,1970-01-01 00:00:00.000,0.0,0.0,0.0,0.0,toronto,,,,,0A6009B1-4A31-40F8-9757-A16CCE50BD96,,en_CA,"iPhone14,5",ios,18.5,CA,2025-09-05 19:34:44.028,custom
2025-09-05 19:34:56.940,1970-01-01 00:00:00.000,0.0,0.0,0.0,0.0,toronto,,,,,0A6009B1-4A31-40F8-9757-A16CCE50BD96,,en_CA,"iPhone14,5",ios,18.5,CA,2025-09-05 19:34:44.028,custom
2025-09-05 19:34:56.796,1970-01-01 00:00:00.000,0.0,0.0,0.0,0.0,toronto,,,,,0A6009B1-4A31-40F8-9757-A16CCE50BD96,,en_CA,"iPhone14,5",ios,18.5,CA,2025-09-05 19:34:44.028,impression
2025-09-05 19:34:56.942,1970-01-01 00:00:00.000,0.0,0.0,0.0,0.0,toronto,,,,,0A6009B1-4A31-40F8-9757-A16CCE50BD96,,en_CA,"iPhone14,5",ios,18.5,CA,2025-09-05 19:34:44.028,custom
2025-09-05 19:34:56.635,1970-01-01 00:00:00.000,0.0,0.0,0.0,0.0,toronto,,,,,0A6009B1-4A31-40F8-9757-A16CCE50BD96,,en_CA,"iPhone14,5",ios,18.5,CA,2025-09-05 19:34:44.028,custom
2025-09-05 19:34:57.104,1970-01-01 00:00:00.000,0.0,0.0,0.0,0.0,toronto,,,,,0A6009B1-4A31-40F8-9757-A16CCE50BD96,,en_CA,"iPhone14,5",ios,18.5,CA,2025-09-05 19:34:44.028,custom
2025-09-05 19:34:57.099,1970-01-01 00:00:00.000,0.0,0.0,0.0,0.0,toronto,,,,,0A6009B1-4A31-40F8-9757-A16CCE50BD96,,en_CA,"iPhone14,5",ios,18.5,CA,2025-09-05 19:34:44.028,custom
2025-09-05 19:34:56.943,1970-01-01 00:00:00.000,0.0,0.0,0.0,0.0,toronto,,,,,0A6009B1-4A31-40F8-9757-A16CCE50BD96,,en_CA,"iPhone14,5",ios,18.5,CA,2025-09-05 19:34:44.028,custom
2025-09-05 19:34:57.131,1970-01-01 00:00:00.000,0.0,0.0,0.0,0.0,toronto,,,,,0A6009B1-4A31-40F8-9757-A16CCE50BD96,,en_CA,"iPhone14,5",ios,18.5,CA,2025-09-05 19:34:44.028,custom
2025-09-05 19:34:57.540,1970-01-01 00:00:00.000,0.0,0.0,0.0,0.0,toronto,,,,,0A6009B1-4A31-40F8-9757-A16CCE50BD96,,en_CA,"iPhone14,5",ios,18.5,CA,2025-09-05 19:34:44.028,impression
2025-09-05 19:34:57.541,1970-01-01 00:00:00.000,0.0,0.0,0.0,0.0,toronto,,,,,0A6009B1-4A31-40F8-9757-A16CCE50BD96,,en_CA,"iPhone14,5",ios,18.5,CA,2025-09-05 19:34:44.028,impression
2025-09-05 19:34:57.541,1970-01-01 00:00:00.000,0.0,0.0,0.0,0.0,toronto,,,,,0A6009B1-4A31-40F8-9757-A16CCE50BD96,,en_CA,"iPhone14,5",ios,18.5,CA,2025-09-05 19:34:44.028,impression
2025-09-05 19:34:57.976,1970-01-01 00:00:00.000,0.0,0.0,0.0,0.0,toronto,,,,,0A6009B1-4A31-40F8-9757-A16CCE50BD96,,en_CA,"iPhone14,5",ios,18.5,CA,2025-09-05 19:34:44.028,custom
2025-09-05 19:34:58.010,1970-01-01 00:00:00.000,0.0,0.0,0.0,0.0,toronto,,,,,0A6009B1-4A31-40F8-9757-A16CCE50BD96,,en_CA,"iPhone14,5",ios,18.5,CA,2025-09-05 19:34:44.028,custom
2025-09-05 19:34:57.542,1970-01-01 00:00:00.000,0.0,0.0,0.0,0.0,toronto,,,,,0A6009B1-4A31-40F8-9757-A16CCE50BD96,,en_CA,"iPhone14,5",ios,18.5,CA,2025-09-05 19:34:44.028,impression
2025-09-05 19:35:01.576,1970-01-01 00:00:00.000,0.0,0.0,0.0,0.0,toronto,,,,,0A6009B1-4A31-40F8-9757-A16CCE50BD96,,en_CA,"iPhone14,5",ios,18.5,CA,2025-09-05 19:34:44.028,custom
2025-09-05 19:34:58.329,1970-01-01 00:00:00.000,0.0,0.0,0.0,0.0,toronto,,,,,0A6009B1-4A31-40F8-9757-A16CCE50BD96,,en_CA,"iPhone14,5",ios,18.5,CA,2025-09-05 19:34:44.028,custom
2025-09-06 17:07:43.037,1970-01-01 00:00:00.000,0.0,0.0,0.0,0.0,unknown,,,,,0A6009B1-4A31-40F8-9757-A16CCE50BD96,,en_CA,"iPhone14,5",ios,18.5,CA,2025-09-06 17:07:41.788,custom
2025-09-06 17:07:43.031,1970-01-01 00:00:00.000,0.0,0.0,0.0,0.0,unknown,,,,,0A6009B1-4A31-40F8-9757-A16CCE50BD96,,en_CA,"iPhone14,5",ios,18.5,CA,2025-09-06 17:07:41.788,custom
2025-09-06 17:07:43.043,1970-01-01 00:00:00.000,0.0,0.0,0.0,0.0,unknown,,,,,0A6009B1-4A31-40F8-9757-A16CCE50BD96,,en_CA,"iPhone14,5",ios,18.5,CA,2025-09-06 17:07:41.788,custom
2025-09-06 17:07:43.044,1970-01-01 00:00:00.000,0.0,0.0,0.0,0.0,unknown,,,,,0A6009B1-4A31-40F8-9757-A16CCE50BD96,,en_CA,"iPhone14,5",ios,18.5,CA,2025-09-06 17:07:41.788,custom
2025-09-06 17:07:43.038,1970-01-01 00:00:00.000,0.0,0.0,0.0,0.0,unknown,,,,,0A6009B1-4A31-40F8-9757-A16CCE50BD96,,en_CA,"iPhone14,5",ios,18.5,CA,2025-09-06 17:07:41.788,custom
2025-09-06 17:07:43.060,1970-01-01 00:00:00.000,0.0,0.0,0.0,0.0,unknown,,,,,0A6009B1-4A31-40F8-9757-A16CCE50BD96,,en_CA,"iPhone14,5",ios,18.5,CA,2025-09-06 17:07:41.788,custom
2025-09-06 17:07:43.053,1970-01-01 00:00:00.000,0.0,0.0,0.0,0.0,unknown,,,,,0A6009B1-4A31-40F8-9757-A16CCE50BD96,,en_CA,"iPhone14,5",ios,18.5,CA,2025-09-06 17:07:41.788,custom
2025-09-06 17:07:43.044,1970-01-01 00:00:00.000,0.0,0.0,0.0,0.0,unknown,,,,,0A6009B1-4A31-40F8-9757-A16CCE50BD96,,en_CA,"iPhone14,5",ios,18.5,CA,2025-09-06 17:07:41.788,custom
2025-09-06 17:07:43.166,1970-01-01 00:00:00.000,0.0,0.0,0.0,0.0,unknown,,,,,0A6009B1-4A31-40F8-9757-A16CCE50BD96,,en_CA,"iPhone14,5",ios,18.5,CA,2025-09-06 17:07:41.788,custom
2025-09-06 17:07:43.175,1970-01-01 00:00:00.000,0.0,0.0,0.0,0.0,unknown,,,,,0A6009B1-4A31-40F8-9757-A16CCE50BD96,,en_CA,"iPhone14,5",ios,18.5,CA,2025-09-06 17:07:41.788,custom
2025-09-06 17:07:43.060,1970-01-01 00:00:00.000,0.0,0.0,0.0,0.0,unknown,,,,,0A6009B1-4A31-40F8-9757-A16CCE50BD96,,en_CA,"iPhone14,5",ios,18.5,CA,2025-09-06 17:07:41.788,custom
2025-09-06 17:07:43.180,1970-01-01 00:00:00.000,0.0,0.0,0.0,0.0,unknown,,,,,0A6009B1-4A31-40F8-9757-A16CCE50BD96,,en_CA,"iPhone14,5",ios,18.5,CA,2025-09-06 17:07:41.788,custom
2025-09-06 17:07:43.192,1970-01-01 00:00:00.000,0.0,0.0,0.0,0.0,unknown,,,,,0A6009B1-4A31-40F8-9757-A16CCE50BD96,,en_CA,"iPhone14,5",ios,18.5,CA,2025-09-06 17:07:41.788,custom
2025-09-06 17:07:43.192,1970-01-01 00:00:00.000,0.0,0.0,0.0,0.0,unknown,,,,,0A6009B1-4A31-40F8-9757-A16CCE50BD96,,en_CA,"iPhone14,5",ios,18.5,CA,2025-09-06 17:07:41.788,custom
2025-09-06 17:07:43.322,1970-01-01 00:00:00.000,0.0,0.0,0.0,0.0,unknown,,,,,0A6009B1-4A31-40F8-9757-A16CCE50BD96,,en_CA,"iPhone14,5",ios,18.5,CA,2025-09-06 17:07:41.788,custom
2025-09-06 17:07:43.357,1970-01-01 00:00:00.000,0.0,0.0,0.0,0.0,unknown,,,,,0A6009B1-4A31-40F8-9757-A16CCE50BD96,,en_CA,"iPhone14,5",ios,18.5,CA,2025-09-06 17:07:41.788,custom
2025-09-06 17:07:43.367,1970-01-01 00:00:00.000,0.0,0.0,0.0,0.0,unknown,,,,,0A6009B1-4A31-40F8-9757-A16CCE50BD96,,en_CA,"iPhone14,5",ios,18.5,CA,2025-09-06 17:07:41.788,custom
2025-09-06 17:07:43.698,1970-01-01 00:00:00.000,0.0,0.0,0.0,0.0,unknown,,,,,0A6009B1-4A31-40F8-9757-A16CCE50BD96,,en_CA,"iPhone14,5",ios,18.5,CA,2025-09-06 17:07:41.788,custom
2025-09-06 17:07:45.015,1970-01-01 00:00:00.000,0.0,0.0,0.0,0.0,unknown,,,,,0A6009B1-4A31-40F8-9757-A16CCE50BD96,,en_CA,"iPhone14,5",ios,18.5,CA,2025-09-06 17:07:41.788,custom
2025-09-06 17:07:45.066,1970-01-01 00:00:00.000,0.0,0.0,0.0,0.0,unknown,,,,,0A6009B1-4A31-40F8-9757-A16CCE50BD96,,en_CA,"iPhone14,5",ios,18.5,CA,2025-09-06 17:07:41.788,custom
2025-09-06 17:07:43.709,1970-01-01 00:00:00.000,0.0,0.0,0.0,0.0,unknown,,,,,0A6009B1-4A31-40F8-9757-A16CCE50BD96,,en_CA,"iPhone14,5",ios,18.5,CA,2025-09-06 17:07:41.788,custom
2025-09-06 17:07:45.262,1970-01-01 00:00:00.000,0.0,0.0,0.0,0.0,unknown,,,,,0A6009B1-4A31-40F8-9757-A16CCE50BD96,,en_CA,"iPhone14,5",ios,18.5,CA,2025-09-06 17:07:41.788,custom
2025-09-06 17:07:45.262,1970-01-01 00:00:00.000,0.0,0.0,0.0,0.0,unknown,,,,,0A6009B1-4A31-40F8-9757-A16CCE50BD96,,en_CA,"iPhone14,5",ios,18.5,CA,2025-09-06 17:07:41.788,custom
2025-09-06 17:07:45.372,1970-01-01 00:00:00.000,0.0,0.0,0.0,0.0,unknown,,,,,0A6009B1-4A31-40F8-9757-A16CCE50BD96,,en_CA,"iPhone14,5",ios,18.5,CA,2025-09-06 17:07:41.788,custom
2025-09-06 17:07:45.294,1970-01-01 00:00:00.000,0.0,0.0,0.0,0.0,unknown,,,,,0A6009B1-4A31-40F8-9757-A16CCE50BD96,,en_CA,"iPhone14,5",ios,18.5,CA,2025-09-06 17:07:41.788,custom
2025-09-06 17:07:45.302,1970-01-01 00:00:00.000,0.0,0.0,0.0,0.0,unknown,,,,,0A6009B1-4A31-40F8-9757-A16CCE50BD96,,en_CA,"iPhone14,5",ios,18.5,CA,2025-09-06 17:07:41.788,custom
2025-09-06 17:07:45.302,1970-01-01 00:00:00.000,0.0,0.0,0.0,0.0,unknown,,,,,0A6009B1-4A31-40F8-9757-A16CCE50BD96,,en_CA,"iPhone14,5",ios,18.5,CA,2025-09-06 17:07:41.788,custom
2025-09-06 17:07:45.606,1970-01-01 00:00:00.000,0.0,0.0,0.0,0.0,unknown,,,,,0A6009B1-4A31-40F8-9757-A16CCE50BD96,,en_CA,"iPhone14,5",ios,18.5,CA,2025-09-06 17:07:41.788,custom
2025-09-06 17:07:45.580,1970-01-01 00:00:00.000,0.0,0.0,0.0,0.0,unknown,,,,,0A6009B1-4A31-40F8-9757-A16CCE50BD96,,en_CA,"iPhone14,5",ios,18.5,CA,2025-09-06 17:07:41.788,custom
2025-09-06 17:07:45.537,1970-01-01 00:00:00.000,0.0,0.0,0.0,0.0,unknown,,,,,0A6009B1-4A31-40F8-9757-A16CCE50BD96,,en_CA,"iPhone14,5",ios,18.5,CA,2025-09-06 17:07:41.788,custom
2025-09-06 17:07:45.892,1970-01-01 00:00:00.000,0.0,0.0,0.0,0.0,unknown,,,,,0A6009B1-4A31-40F8-9757-A16CCE50BD96,,en_CA,"iPhone14,5",ios,18.5,CA,2025-09-06 17:07:41.788,custom
2025-09-06 17:07:46.012,1970-01-01 00:00:00.000,0.0,0.0,0.0,0.0,unknown,,,,,0A6009B1-4A31-40F8-9757-A16CCE50BD96,,en_CA,"iPhone14,5",ios,18.5,CA,2025-09-06 17:07:41.788,custom
2025-09-06 17:07:46.024,1970-01-01 00:00:00.000,0.0,0.0,0.0,0.0,unknown,,,,,0A6009B1-4A31-40F8-9757-A16CCE50BD96,,en_CA,"iPhone14,5",ios,18.5,CA,2025-09-06 17:07:41.788,custom
2025-09-06 17:07:45.652,1970-01-01 00:00:00.000,0.0,0.0,0.0,0.0,unknown,,,,,0A6009B1-4A31-40F8-9757-A16CCE50BD96,,en_CA,"iPhone14,5",ios,18.5,CA,2025-09-06 17:07:41.788,custom
2025-09-06 17:07:46.190,1970-01-01 00:00:00.000,0.0,0.0,0.0,0.0,toronto,,,,,0A6009B1-4A31-40F8-9757-A16CCE50BD96,,en_CA,"iPhone14,5",ios,18.5,CA,2025-09-06 17:07:41.788,custom
2025-09-06 17:07:46.190,1970-01-01 00:00:00.000,0.0,0.0,0.0,0.0,toronto,,,,,0A6009B1-4A31-40F8-9757-A16CCE50BD96,,en_CA,"iPhone14,5",ios,18.5,CA,2025-09-06 17:07:41.788,custom
2025-09-06 17:07:46.185,1970-01-01 00:00:00.000,0.0,0.0,0.0,0.0,toronto,,,,,0A6009B1-4A31-40F8-9757-A16CCE50BD96,,en_CA,"iPhone14,5",ios,18.5,CA,2025-09-06 17:07:41.788,custom
2025-09-06 17:07:46.216,1970-01-01 00:00:00.000,0.0,0.0,0.0,0.0,toronto,,,,,0A6009B1-4A31-40F8-9757-A16CCE50BD96,,en_CA,"iPhone14,5",ios,18.5,CA,2025-09-06 17:07:41.788,custom
2025-09-06 17:07:46.254,1970-01-01 00:00:00.000,0.0,0.0,0.0,0.0,toronto,,,,,0A6009B1-4A31-40F8-9757-A16CCE50BD96,,en_CA,"iPhone14,5",ios,18.5,CA,2025-09-06 17:07:41.788,custom
2025-09-06 17:07:46.287,1970-01-01 00:00:00.000,0.0,0.0,0.0,0.0,toronto,,,,,0A6009B1-4A31-40F8-9757-A16CCE50BD96,,en_CA,"iPhone14,5",ios,18.5,CA,2025-09-06 17:07:41.788,custom
2025-09-06 17:07:46.273,1970-01-01 00:00:00.000,0.0,0.0,0.0,0.0,toronto,,,,,0A6009B1-4A31-40F8-9757-A16CCE50BD96,,en_CA,"iPhone14,5",ios,18.5,CA,2025-09-06 17:07:41.788,impression
2025-09-06 17:07:46.346,1970-01-01 00:00:00.000,0.0,0.0,0.0,0.0,toronto,,,,,0A6009B1-4A31-40F8-9757-A16CCE50BD96,,en_CA,"iPhone14,5",ios,18.5,CA,2025-09-06 17:07:41.788,custom
2025-09-06 17:07:46.364,1970-01-01 00:00:00.000,0.0,0.0,0.0,0.0,toronto,,,,,0A6009B1-4A31-40F8-9757-A16CCE50BD96,,en_CA,"iPhone14,5",ios,18.5,CA,2025-09-06 17:07:41.788,custom
2025-09-06 17:07:46.364,1970-01-01 00:00:00.000,0.0,0.0,0.0,0.0,toronto,,,,,0A6009B1-4A31-40F8-9757-A16CCE50BD96,,en_CA,"iPhone14,5",ios,18.5,CA,2025-09-06 17:07:41.788,impression
2025-09-06 17:07:46.370,1970-01-01 00:00:00.000,0.0,0.0,0.0,0.0,toronto,,,,,0A6009B1-4A31-40F8-9757-A16CCE50BD96,,en_CA,"iPhone14,5",ios,18.5,CA,2025-09-06 17:07:41.788,custom
2025-09-06 17:07:46.379,1970-01-01 00:00:00.000,0.0,0.0,0.0,0.0,toronto,,,,,0A6009B1-4A31-40F8-9757-A16CCE50BD96,,en_CA,"iPhone14,5",ios,18.5,CA,2025-09-06 17:07:41.788,custom
2025-09-06 17:07:46.470,1970-01-01 00:00:00.000,0.0,0.0,0.0,0.0,toronto,,,,,0A6009B1-4A31-40F8-9757-A16CCE50BD96,,en_CA,"iPhone14,5",ios,18.5,CA,2025-09-06 17:07:41.788,custom
2025-09-06 17:07:46.379,1970-01-01 00:00:00.000,0.0,0.0,0.0,0.0,toronto,,,,,0A6009B1-4A31-40F8-9757-A16CCE50BD96,,en_CA,"iPhone14,5",ios,18.5,CA,2025-09-06 17:07:41.788,custom
2025-09-06 17:07:46.521,1970-01-01 00:00:00.000,0.0,0.0,0.0,0.0,toronto,,,,,0A6009B1-4A31-40F8-9757-A16CCE50BD96,,en_CA,"iPhone14,5",ios,18.5,CA,2025-09-06 17:07:41.788,custom
2025-09-05 19:34:54.576,1970-01-01 00:00:00.000,0.0,0.0,0.0,0.0,unknown,,,,,0A6009B1-4A31-40F8-9757-A16CCE50BD96,,en_CA,"iPhone14,5",ios,18.5,CA,2025-09-05 19:34:44.028,custom
2025-09-05 19:34:54.504,1970-01-01 00:00:00.000,0.0,0.0,0.0,0.0,unknown,,,,,0A6009B1-4A31-40F8-9757-A16CCE50BD96,,en_CA,"iPhone14,5",ios,18.5,CA,2025-09-05 19:34:44.028,custom
2025-09-05 19:34:54.505,1970-01-01 00:00:00.000,0.0,0.0,0.0,0.0,unknown,,,,,0A6009B1-4A31-40F8-9757-A16CCE50BD96,,en_CA,"iPhone14,5",ios,18.5,CA,2025-09-05 19:34:44.028,custom
2025-09-05 19:34:55.728,1970-01-01 00:00:00.000,0.0,0.0,0.0,0.0,unknown,,,,,0A6009B1-4A31-40F8-9757-A16CCE50BD96,,en_CA,"iPhone14,5",ios,18.5,CA,2025-09-05 19:34:44.028,custom
2025-09-05 19:34:55.728,1970-01-01 00:00:00.000,0.0,0.0,0.0,0.0,unknown,,,,,0A6009B1-4A31-40F8-9757-A16CCE50BD96,,en_CA,"iPhone14,5",ios,18.5,CA,2025-09-05 19:34:44.028,custom
2025-09-05 19:34:55.728,1970-01-01 00:00:00.000,0.0,0.0,0.0,0.0,unknown,,,,,0A6009B1-4A31-40F8-9757-A16CCE50BD96,,en_CA,"iPhone14,5",ios,18.5,CA,2025-09-05 19:34:44.028,custom
2025-09-05 19:34:55.776,1970-01-01 00:00:00.000,0.0,0.0,0.0,0.0,unknown,,,,,0A6009B1-4A31-40F8-9757-A16CCE50BD96,,en_CA,"iPhone14,5",ios,18.5,CA,2025-09-05 19:34:44.028,custom
2025-09-05 19:34:55.803,1970-01-01 00:00:00.000,0.0,0.0,0.0,0.0,unknown,,,,,0A6009B1-4A31-40F8-9757-A16CCE50BD96,,en_CA,"iPhone14,5",ios,18.5,CA,2025-09-05 19:34:44.028,custom
2025-09-05 19:34:55.772,1970-01-01 00:00:00.000,0.0,0.0,0.0,0.0,unknown,,,,,0A6009B1-4A31-40F8-9757-A16CCE50BD96,,en_CA,"iPhone14,5",ios,18.5,CA,2025-09-05 19:34:44.028,custom
2025-09-05 19:34:55.767,1970-01-01 00:00:00.000,0.0,0.0,0.0,0.0,unknown,,,,,0A6009B1-4A31-40F8-9757-A16CCE50BD96,,en_CA,"iPhone14,5",ios,18.5,CA,2025-09-05 19:34:44.028,custom
2025-09-05 19:34:55.821,1970-01-01 00:00:00.000,0.0,0.0,0.0,0.0,unknown,,,,,0A6009B1-4A31-40F8-9757-A16CCE50BD96,,en_CA,"iPhone14,5",ios,18.5,CA,2025-09-05 19:34:44.028,custom
2025-09-05 19:34:55.988,1970-01-01 00:00:00.000,0.0,0.0,0.0,0.0,toronto,,,,,0A6009B1-4A31-40F8-9757-A16CCE50BD96,,en_CA,"iPhone14,5",ios,18.5,CA,2025-09-05 19:34:44.028,custom
2025-09-05 19:34:55.989,1970-01-01 00:00:00.000,0.0,0.0,0.0,0.0,toronto,,,,,0A6009B1-4A31-40F8-9757-A16CCE50BD96,,en_CA,"iPhone14,5",ios,18.5,CA,2025-09-05 19:34:44.028,custom
2025-09-05 19:34:55.988,1970-01-01 00:00:00.000,0.0,0.0,0.0,0.0,toronto,,,,,0A6009B1-4A31-40F8-9757-A16CCE50BD96,,en_CA,"iPhone14,5",ios,18.5,CA,2025-09-05 19:34:44.028,custom
2025-09-05 19:34:56.025,1970-01-01 00:00:00.000,0.0,0.0,0.0,0.0,toronto,,,,,0A6009B1-4A31-40F8-9757-A16CCE50BD96,,en_CA,"iPhone14,5",ios,18.5,CA,2025-09-05 19:34:44.028,custom
2025-09-05 19:34:56.095,1970-01-01 00:00:00.000,0.0,0.0,0.0,0.0,toronto,,,,,0A6009B1-4A31-40F8-9757-A16CCE50BD96,,en_CA,"iPhone14,5",ios,18.5,CA,2025-09-05 19:34:44.028,custom
2025-09-05 19:34:56.437,1970-01-01 00:00:00.000,0.0,0.0,0.0,0.0,toronto,,,,,0A6009B1-4A31-40F8-9757-A16CCE50BD96,,en_CA,"iPhone14,5",ios,18.5,CA,2025-09-05 19:34:44.028,custom
2025-09-05 19:34:56.269,1970-01-01 00:00:00.000,0.0,0.0,0.0,0.0,toronto,,,,,0A6009B1-4A31-40F8-9757-A16CCE50BD96,,en_CA,"iPhone14,5",ios,18.5,CA,2025-09-05 19:34:44.028,custom
2025-09-05 19:34:56.431,1970-01-01 00:00:00.000,0.0,0.0,0.0,0.0,toronto,,,,,0A6009B1-4A31-40F8-9757-A16CCE50BD96,,en_CA,"iPhone14,5",ios,18.5,CA,2025-09-05 19:34:44.028,custom
2025-09-05 19:34:56.635,1970-01-01 00:00:00.000,0.0,0.0,0.0,0.0,toronto,,,,,0A6009B1-4A31-40F8-9757-A16CCE50BD96,,en_CA,"iPhone14,5",ios,18.5,CA,2025-09-05 19:34:44.028,custom
2025-09-05 19:34:57.024,1970-01-01 00:00:00.000,0.0,0.0,0.0,0.0,toronto,,,,,0A6009B1-4A31-40F8-9757-A16CCE50BD96,,en_CA,"iPhone14,5",ios,18.5,CA,2025-09-05 19:34:44.028,custom
2025-09-05 19:34:57.104,1970-01-01 00:00:00.000,0.0,0.0,0.0,0.0,toronto,,,,,0A6009B1-4A31-40F8-9757-A16CCE50BD96,,en_CA,"iPhone14,5",ios,18.5,CA,2025-09-05 19:34:44.028,custom
2025-09-05 19:34:56.444,1970-01-01 00:00:00.000,0.0,0.0,0.0,0.0,toronto,,,,,0A6009B1-4A31-40F8-9757-A16CCE50BD96,,en_CA,"iPhone14,5",ios,18.5,CA,2025-09-05 19:34:44.028,custom
2025-09-05 19:34:57.889,1970-01-01 00:00:00.000,0.0,0.0,0.0,0.0,toronto,,,,,0A6009B1-4A31-40F8-9757-A16CCE50BD96,,en_CA,"iPhone14,5",ios,18.5,CA,2025-09-05 19:34:44.028,custom
2025-09-05 19:34:57.889,1970-01-01 00:00:00.000,0.0,0.0,0.0,0.0,toronto,,,,,0A6009B1-4A31-40F8-9757-A16CCE50BD96,,en_CA,"iPhone14,5",ios,18.5,CA,2025-09-05 19:34:44.028,custom
2025-09-06 17:07:43.034,1970-01-01 00:00:00.000,0.0,0.0,0.0,0.0,unknown,,,,,0A6009B1-4A31-40F8-9757-A16CCE50BD96,,en_CA,"iPhone14,5",ios,18.5,CA,2025-09-06 17:07:41.788,custom
2025-09-06 17:07:43.098,1970-01-01 00:00:00.000,0.0,0.0,0.0,0.0,unknown,,,,,0A6009B1-4A31-40F8-9757-A16CCE50BD96,,en_CA,"iPhone14,5",ios,18.5,CA,2025-09-06 17:07:41.788,custom
2025-09-06 17:07:43.036,1970-01-01 00:00:00.000,0.0,0.0,0.0,0.0,unknown,,,,,0A6009B1-4A31-40F8-9757-A16CCE50BD96,,en_CA,"iPhone14,5",ios,18.5,CA,2025-09-06 17:07:41.788,lifecycle
2025-09-06 17:07:43.065,1970-01-01 00:00:00.000,0.0,0.0,0.0,0.0,unknown,,,,,0A6009B1-4A31-40F8-9757-A16CCE50BD96,,en_CA,"iPhone14,5",ios,18.5,CA,2025-09-06 17:07:41.788,custom
2025-09-06 17:07:43.177,1970-01-01 00:00:00.000,0.0,0.0,0.0,0.0,unknown,,,,,0A6009B1-4A31-40F8-9757-A16CCE50BD96,,en_CA,"iPhone14,5",ios,18.5,CA,2025-09-06 17:07:41.788,custom
2025-09-06 17:07:45.489,1970-01-01 00:00:00.000,0.0,0.0,0.0,0.0,unknown,,,,,0A6009B1-4A31-40F8-9757-A16CCE50BD96,,en_CA,"iPhone14,5",ios,18.5,CA,2025-09-06 17:07:41.788,custom
2025-09-06 17:07:45.315,1970-01-01 00:00:00.000,0.0,0.0,0.0,0.0,unknown,,,,,0A6009B1-4A31-40F8-9757-A16CCE50BD96,,en_CA,"iPhone14,5",ios,18.5,CA,2025-09-06 17:07:41.788,custom
2025-09-06 17:07:45.310,1970-01-01 00:00:00.000,0.0,0.0,0.0,0.0,unknown,,,,,0A6009B1-4A31-40F8-9757-A16CCE50BD96,,en_CA,"iPhone14,5",ios,18.5,CA,2025-09-06 17:07:41.788,custom
2025-09-06 17:07:45.317,1970-01-01 00:00:00.000,0.0,0.0,0.0,0.0,unknown,,,,,0A6009B1-4A31-40F8-9757-A16CCE50BD96,,en_CA,"iPhone14,5",ios,18.5,CA,2025-09-06 17:07:41.788,custom
2025-09-06 17:07:45.670,1970-01-01 00:00:00.000,0.0,0.0,0.0,0.0,unknown,,,,,0A6009B1-4A31-40F8-9757-A16CCE50BD96,,en_CA,"iPhone14,5",ios,18.5,CA,2025-09-06 17:07:41.788,custom
2025-09-06 17:07:45.504,1970-01-01 00:00:00.000,0.0,0.0,0.0,0.0,unknown,,,,,0A6009B1-4A31-40F8-9757-A16CCE50BD96,,en_CA,"iPhone14,5",ios,18.5,CA,2025-09-06 17:07:41.788,custom
2025-09-06 17:07:45.618,1970-01-01 00:00:00.000,0.0,0.0,0.0,0.0,unknown,,,,,0A6009B1-4A31-40F8-9757-A16CCE50BD96,,en_CA,"iPhone14,5",ios,18.5,CA,2025-09-06 17:07:41.788,custom
2025-09-06 17:07:45.526,1970-01-01 00:00:00.000,0.0,0.0,0.0,0.0,unknown,,,,,0A6009B1-4A31-40F8-9757-A16CCE50BD96,,en_CA,"iPhone14,5",ios,18.5,CA,2025-09-06 17:07:41.788,custom
2025-09-06 17:07:46.226,1970-01-01 00:00:00.000,0.0,0.0,0.0,0.0,toronto,,,,,0A6009B1-4A31-40F8-9757-A16CCE50BD96,,en_CA,"iPhone14,5",ios,18.5,CA,2025-09-06 17:07:41.788,custom
2025-09-06 17:07:46.236,1970-01-01 00:00:00.000,0.0,0.0,0.0,0.0,toronto,,,,,0A6009B1-4A31-40F8-9757-A16CCE50BD96,,en_CA,"iPhone14,5",ios,18.5,CA,2025-09-06 17:07:41.788,custom
2025-09-06 17:07:46.340,1970-01-01 00:00:00.000,0.0,0.0,0.0,0.0,toronto,,,,,0A6009B1-4A31-40F8-9757-A16CCE50BD96,,en_CA,"iPhone14,5",ios,18.5,CA,2025-09-06 17:07:41.788,custom
2025-09-06 17:07:46.351,1970-01-01 00:00:00.000,0.0,0.0,0.0,0.0,toronto,,,,,0A6009B1-4A31-40F8-9757-A16CCE50BD96,,en_CA,"iPhone14,5",ios,18.5,CA,2025-09-06 17:07:41.788,custom
2025-09-06 17:07:46.356,1970-01-01 00:00:00.000,0.0,0.0,0.0,0.0,toronto,,,,,0A6009B1-4A31-40F8-9757-A16CCE50BD96,,en_CA,"iPhone14,5",ios,18.5,CA,2025-09-06 17:07:41.788,custom
2025-09-04 21:04:12.355,"",,,,,unknown,,,,,0A6009B1-4A31-40F8-9757-A16CCE50BD96,,en_CA,"iPhone14,5",ios,18.5,CA,2025-09-04 21:04:11.076,custom
2025-09-04 21:04:12.355,"",,,,,unknown,,,,,0A6009B1-4A31-40F8-9757-A16CCE50BD96,,en_CA,"iPhone14,5",ios,18.5,CA,2025-09-04 21:04:11.076,custom
2025-09-04 21:04:12.356,"",,,,,unknown,,,,,0A6009B1-4A31-40F8-9757-A16CCE50BD96,,en_CA,"iPhone14,5",ios,18.5,CA,2025-09-04 21:04:11.076,custom
2025-09-04 21:04:12.357,"",,,,,unknown,,,,,0A6009B1-4A31-40F8-9757-A16CCE50BD96,,en_CA,"iPhone14,5",ios,18.5,CA,2025-09-04 21:04:11.076,custom
2025-09-04 21:04:12.357,"",,,,,unknown,,,,,0A6009B1-4A31-40F8-9757-A16CCE50BD96,,en_CA,"iPhone14,5",ios,18.5,CA,2025-09-04 21:04:11.076,custom
2025-09-04 21:04:12.357,"",,,,,unknown,,,,,0A6009B1-4A31-40F8-9757-A16CCE50BD96,,en_CA,"iPhone14,5",ios,18.5,CA,2025-09-04 21:04:11.076,custom
2025-09-04 21:04:12.357,"",,,,,unknown,,,,,0A6009B1-4A31-40F8-9757-A16CCE50BD96,,en_CA,"iPhone14,5",ios,18.5,CA,2025-09-04 21:04:11.076,custom
2025-09-04 21:04:12.357,"",,,,,unknown,,,,,0A6009B1-4A31-40F8-9757-A16CCE50BD96,,en_CA,"iPhone14,5",ios,18.5,CA,2025-09-04 21:04:11.076,custom
2025-09-04 21:04:12.357,"",,,,,unknown,,,,,0A6009B1-4A31-40F8-9757-A16CCE50BD96,,en_CA,"iPhone14,5",ios,18.5,CA,2025-09-04 21:04:11.076,custom
2025-09-04 21:04:12.357,"",,,,,unknown,,,,,0A6009B1-4A31-40F8-9757-A16CCE50BD96,,en_CA,"iPhone14,5",ios,18.5,CA,2025-09-04 21:04:11.076,custom
2025-08-31 01:55:25.072,2025-08-31 01:55:23.383,14.836956525541309,43.93715132543877,-78.69937122096798,-1.0,toronto,,,,,0A6009B1-4A31-40F8-9757-A16CCE50BD96,,en_CA,"iPhone14,5",ios,18.5,CA,2025-08-31 01:55:23.991,custom
2025-08-31 01:55:25.070,2025-08-31 01:55:23.383,14.836956525541309,43.93715132543877,-78.69937122096798,-1.0,toronto,,,,,0A6009B1-4A31-40F8-9757-A16CCE50BD96,,en_CA,"iPhone14,5",ios,18.5,CA,2025-08-31 01:55:23.991,custom
2025-08-31 01:55:27.867,2025-08-31 01:55:27.419,5.224145182020732,43.9322,-78.70217,1.0,toronto,,,,,0A6009B1-4A31-40F8-9757-A16CCE50BD96,,en_CA,"iPhone14,5",ios,18.5,CA,2025-08-31 01:55:23.991,lifecycle
2025-08-31 01:55:25.067,2025-08-31 01:55:23.383,14.836956525541309,43.93715132543877,-78.69937122096798,-1.0,toronto,,,,,0A6009B1-4A31-40F8-9757-A16CCE50BD96,,en_CA,"iPhone14,5",ios,18.5,CA,2025-08-31 01:55:23.991,custom
2025-08-31 01:55:25.070,2025-08-31 01:55:23.383,14.836956525541309,43.93715132543877,-78.69937122096798,-1.0,toronto,,,,,0A6009B1-4A31-40F8-9757-A16CCE50BD96,,en_CA,"iPhone14,5",ios,18.5,CA,2025-08-31 01:55:23.991,custom
2025-08-31 01:55:25.071,2025-08-31 01:55:23.383,14.836956525541309,43.93715132543877,-78.69937122096798,-1.0,toronto,,,,,0A6009B1-4A31-40F8-9757-A16CCE50BD96,,en_CA,"iPhone14,5",ios,18.5,CA,2025-08-31 01:55:23.991,custom
2025-08-31 01:55:25.071,2025-08-31 01:55:23.383,14.836956525541309,43.93715132543877,-78.69937122096798,-1.0,toronto,,,,,0A6009B1-4A31-40F8-9757-A16CCE50BD96,,en_CA,"iPhone14,5",ios,18.5,CA,2025-08-31 01:55:23.991,custom
2025-08-31 01:55:25.071,2025-08-31 01:55:23.383,14.836956525541309,43.93715132543877,-78.69937122096798,-1.0,toronto,,,,,0A6009B1-4A31-40F8-9757-A16CCE50BD96,,en_CA,"iPhone14,5",ios,18.5,CA,2025-08-31 01:55:23.991,custom
2025-08-31 01:55:25.071,2025-08-31 01:55:23.383,14.836956525541309,43.93715132543877,-78.69937122096798,-1.0,toronto,,,,,0A6009B1-4A31-40F8-9757-A16CCE50BD96,,en_CA,"iPhone14,5",ios,18.5,CA,2025-08-31 01:55:23.991,custom
2025-08-31 01:55:25.072,2025-08-31 01:55:23.383,14.836956525541309,43.93715132543877,-78.69937122096798,-1.0,toronto,,,,,0A6009B1-4A31-40F8-9757-A16CCE50BD96,,en_CA,"iPhone14,5",ios,18.5,CA,2025-08-31 01:55:23.991,custom
2025-08-31 01:55:25.072,2025-08-31 01:55:23.383,14.836956525541309,43.93715132543877,-78.69937122096798,-1.0,toronto,,,,,0A6009B1-4A31-40F8-9757-A16CCE50BD96,,en_CA,"iPhone14,5",ios,18.5,CA,2025-08-31 01:55:23.991,custom
2025-08-31 01:55:25.072,2025-08-31 01:55:23.383,14.836956525541309,43.93715132543877,-78.69937122096798,-1.0,toronto,,,,,0A6009B1-4A31-40F8-9757-A16CCE50BD96,,en_CA,"iPhone14,5",ios,18.5,CA,2025-08-31 01:55:23.991,custom
2025-08-31 01:55:25.073,2025-08-31 01:55:23.383,14.836956525541309,43.93715132543877,-78.69937122096798,-1.0,toronto,,,,,0A6009B1-4A31-40F8-9757-A16CCE50BD96,,en_CA,"iPhone14,5",ios,18.5,CA,2025-08-31 01:55:23.991,custom
2025-08-31 01:55:25.072,2025-08-31 01:55:23.383,14.836956525541309,43.93715132543877,-78.69937122096798,-1.0,toronto,,,,,0A6009B1-4A31-40F8-9757-A16CCE50BD96,,en_CA,"iPhone14,5",ios,18.5,CA,2025-08-31 01:55:23.991,custom
2025-08-31 01:55:25.073,2025-08-31 01:55:23.383,14.836956525541309,43.93715132543877,-78.69937122096798,-1.0,toronto,,,,,0A6009B1-4A31-40F8-9757-A16CCE50BD96,,en_CA,"iPhone14,5",ios,18.5,CA,2025-08-31 01:55:23.991,custom
2025-08-31 01:55:25.074,2025-08-31 01:55:23.383,14.836956525541309,43.93715132543877,-78.69937122096798,-1.0,toronto,,,,,0A6009B1-4A31-40F8-9757-A16CCE50BD96,,en_CA,"iPhone14,5",ios,18.5,CA,2025-08-31 01:55:23.991,custom
2025-08-31 01:55:25.074,2025-08-31 01:55:23.383,14.836956525541309,43.93715132543877,-78.69937122096798,-1.0,toronto,,,,,0A6009B1-4A31-40F8-9757-A16CCE50BD96,,en_CA,"iPhone14,5",ios,18.5,CA,2025-08-31 01:55:23.991,custom
2025-08-31 01:55:25.074,2025-08-31 01:55:23.383,14.836956525541309,43.93715132543877,-78.69937122096798,-1.0,toronto,,,,,0A6009B1-4A31-40F8-9757-A16CCE50BD96,,en_CA,"iPhone14,5",ios,18.5,CA,2025-08-31 01:55:23.991,custom
2025-08-31 01:55:25.074,2025-08-31 01:55:23.383,14.836956525541309,43.93715132543877,-78.69937122096798,-1.0,toronto,,,,,0A6009B1-4A31-40F8-9757-A16CCE50BD96,,en_CA,"iPhone14,5",ios,18.5,CA,2025-08-31 01:55:23.991,custom
2025-08-31 01:55:25.073,2025-08-31 01:55:23.383,14.836956525541309,43.93715132543877,-78.69937122096798,-1.0,toronto,,,,,0A6009B1-4A31-40F8-9757-A16CCE50BD96,,en_CA,"iPhone14,5",ios,18.5,CA,2025-08-31 01:55:23.991,custom
2025-08-31 01:55:25.884,2025-08-31 01:55:23.383,14.836956525541309,43.93715132543877,-78.69937122096798,-1.0,toronto,,,,,0A6009B1-4A31-40F8-9757-A16CCE50BD96,,en_CA,"iPhone14,5",ios,18.5,CA,2025-08-31 01:55:23.991,custom
2025-08-31 01:55:25.075,2025-08-31 01:55:23.383,14.836956525541309,43.93715132543877,-78.69937122096798,-1.0,toronto,,,,,0A6009B1-4A31-40F8-9757-A16CCE50BD96,,en_CA,"iPhone14,5",ios,18.5,CA,2025-08-31 01:55:23.991,impression
2025-08-31 01:55:26.424,2025-08-31 01:55:23.383,14.836956525541309,43.93715132543877,-78.69937122096798,-1.0,toronto,,,,,0A6009B1-4A31-40F8-9757-A16CCE50BD96,,en_CA,"iPhone14,5",ios,18.5,CA,2025-08-31 01:55:23.991,custom
2025-08-31 01:55:26.580,2025-08-31 01:55:23.383,14.836956525541309,43.93715132543877,-78.69937122096798,-1.0,toronto,,,,,0A6009B1-4A31-40F8-9757-A16CCE50BD96,,en_CA,"iPhone14,5",ios,18.5,CA,2025-08-31 01:55:23.991,custom
2025-08-31 01:55:26.637,2025-08-31 01:55:23.383,14.836956525541309,43.93715132543877,-78.69937122096798,-1.0,toronto,,,,,0A6009B1-4A31-40F8-9757-A16CCE50BD96,,en_CA,"iPhone14,5",ios,18.5,CA,2025-08-31 01:55:23.991,custom
2025-08-31 01:55:26.580,2025-08-31 01:55:23.383,14.836956525541309,43.93715132543877,-78.69937122096798,-1.0,toronto,,,,,0A6009B1-4A31-40F8-9757-A16CCE50BD96,,en_CA,"iPhone14,5",ios,18.5,CA,2025-08-31 01:55:23.991,custom
2025-08-31 01:55:26.637,2025-08-31 01:55:23.383,14.836956525541309,43.93715132543877,-78.69937122096798,-1.0,toronto,,,,,0A6009B1-4A31-40F8-9757-A16CCE50BD96,,en_CA,"iPhone14,5",ios,18.5,CA,2025-08-31 01:55:23.991,custom
2025-08-31 01:55:26.636,2025-08-31 01:55:23.383,14.836956525541309,43.93715132543877,-78.69937122096798,-1.0,toronto,,,,,0A6009B1-4A31-40F8-9757-A16CCE50BD96,,en_CA,"iPhone14,5",ios,18.5,CA,2025-08-31 01:55:23.991,custom
2025-08-31 01:55:26.616,2025-08-31 01:55:23.383,14.836956525541309,43.93715132543877,-78.69937122096798,-1.0,toronto,,,,,0A6009B1-4A31-40F8-9757-A16CCE50BD96,,en_CA,"iPhone14,5",ios,18.5,CA,2025-08-31 01:55:23.991,custom
2025-08-31 01:55:26.718,2025-08-31 01:55:23.383,14.836956525541309,43.93715132543877,-78.69937122096798,-1.0,toronto,,,,,0A6009B1-4A31-40F8-9757-A16CCE50BD96,,en_CA,"iPhone14,5",ios,18.5,CA,2025-08-31 01:55:23.991,custom
2025-08-31 01:55:26.844,2025-08-31 01:55:23.383,14.836956525541309,43.93715132543877,-78.69937122096798,-1.0,toronto,,,,,0A6009B1-4A31-40F8-9757-A16CCE50BD96,,en_CA,"iPhone14,5",ios,18.5,CA,2025-08-31 01:55:23.991,custom
2025-08-31 01:55:26.880,2025-08-31 01:55:23.383,14.836956525541309,43.93715132543877,-78.69937122096798,-1.0,toronto,,,,,0A6009B1-4A31-40F8-9757-A16CCE50BD96,,en_CA,"iPhone14,5",ios,18.5,CA,2025-08-31 01:55:23.991,custom
2025-08-31 01:55:26.868,2025-08-31 01:55:23.383,14.836956525541309,43.93715132543877,-78.69937122096798,-1.0,toronto,,,,,0A6009B1-4A31-40F8-9757-A16CCE50BD96,,en_CA,"iPhone14,5",ios,18.5,CA,2025-08-31 01:55:23.991,custom
2025-08-31 01:55:27.502,2025-08-31 01:55:23.383,14.836956525541309,43.93715132543877,-78.69937122096798,-1.0,toronto,,,,,0A6009B1-4A31-40F8-9757-A16CCE50BD96,,en_CA,"iPhone14,5",ios,18.5,CA,2025-08-31 01:55:23.991,custom
2025-08-31 01:55:27.882,2025-08-31 01:55:27.419,5.224145182020732,43.9322,-78.70217,1.0,toronto,,,,,0A6009B1-4A31-40F8-9757-A16CCE50BD96,,en_CA,"iPhone14,5",ios,18.5,CA,2025-08-31 01:55:23.991,custom
2025-08-31 01:55:27.532,2025-08-31 01:55:23.383,14.836956525541309,43.93715132543877,-78.69937122096798,-1.0,toronto,,,,,0A6009B1-4A31-40F8-9757-A16CCE50BD96,,en_CA,"iPhone14,5",ios,18.5,CA,2025-08-31 01:55:23.991,custom
2025-08-31 01:55:27.985,2025-08-31 01:55:27.419,5.224145182020732,43.9322,-78.70217,1.0,toronto,,,,,0A6009B1-4A31-40F8-9757-A16CCE50BD96,,en_CA,"iPhone14,5",ios,18.5,CA,2025-08-31 01:55:23.991,custom
2025-08-31 01:55:28.046,2025-08-31 01:55:27.419,5.224145182020732,43.9322,-78.70217,1.0,toronto,,,,,0A6009B1-4A31-40F8-9757-A16CCE50BD96,,en_CA,"iPhone14,5",ios,18.5,CA,2025-08-31 01:55:23.991,custom
2025-08-31 01:55:28.056,2025-08-31 01:55:27.419,5.224145182020732,43.9322,-78.70217,1.0,toronto,,,,,0A6009B1-4A31-40F8-9757-A16CCE50BD96,,en_CA,"iPhone14,5",ios,18.5,CA,2025-08-31 01:55:23.991,custom
2025-08-31 01:55:28.044,2025-08-31 01:55:27.419,5.224145182020732,43.9322,-78.70217,1.0,toronto,,,,,0A6009B1-4A31-40F8-9757-A16CCE50BD96,,en_CA,"iPhone14,5",ios,18.5,CA,2025-08-31 01:55:23.991,custom
2025-08-31 01:55:28.089,2025-08-31 01:55:27.419,5.224145182020732,43.9322,-78.70217,1.0,toronto,,,,,0A6009B1-4A31-40F8-9757-A16CCE50BD96,,en_CA,"iPhone14,5",ios,18.5,CA,2025-08-31 01:55:23.991,custom
2025-08-31 01:55:28.144,2025-08-31 01:55:27.419,5.224145182020732,43.9322,-78.70217,1.0,toronto,,,,,0A6009B1-4A31-40F8-9757-A16CCE50BD96,,en_CA,"iPhone14,5",ios,18.5,CA,2025-08-31 01:55:23.991,custom
2025-08-31 01:55:28.158,2025-08-31 01:55:27.419,5.224145182020732,43.9322,-78.70217,1.0,toronto,,,,,0A6009B1-4A31-40F8-9757-A16CCE50BD96,,en_CA,"iPhone14,5",ios,18.5,CA,2025-08-31 01:55:23.991,custom
2025-08-31 01:55:28.099,2025-08-31 01:55:27.419,5.224145182020732,43.9322,-78.70217,1.0,toronto,,,,,0A6009B1-4A31-40F8-9757-A16CCE50BD96,,en_CA,"iPhone14,5",ios,18.5,CA,2025-08-31 01:55:23.991,impression
2025-08-31 01:55:28.176,2025-08-31 01:55:27.419,5.224145182020732,43.9322,-78.70217,1.0,toronto,,,,,0A6009B1-4A31-40F8-9757-A16CCE50BD96,,en_CA,"iPhone14,5",ios,18.5,CA,2025-08-31 01:55:23.991,custom
2025-08-31 01:55:28.194,2025-08-31 01:55:27.419,5.224145182020732,43.9322,-78.70217,1.0,toronto,,,,,0A6009B1-4A31-40F8-9757-A16CCE50BD96,,en_CA,"iPhone14,5",ios,18.5,CA,2025-08-31 01:55:23.991,custom
2025-08-31 01:55:28.176,2025-08-31 01:55:27.419,5.224145182020732,43.9322,-78.70217,1.0,toronto,,,,,0A6009B1-4A31-40F8-9757-A16CCE50BD96,,en_CA,"iPhone14,5",ios,18.5,CA,2025-08-31 01:55:23.991,custom
2025-08-31 01:55:28.177,2025-08-31 01:55:27.419,5.224145182020732,43.9322,-78.70217,1.0,toronto,,,,,0A6009B1-4A31-40F8-9757-A16CCE50BD96,,en_CA,"iPhone14,5",ios,18.5,CA,2025-08-31 01:55:23.991,custom
2025-08-31 01:55:28.176,2025-08-31 01:55:27.419,5.224145182020732,43.9322,-78.70217,1.0,toronto,,,,,0A6009B1-4A31-40F8-9757-A16CCE50BD96,,en_CA,"iPhone14,5",ios,18.5,CA,2025-08-31 01:55:23.991,impression
2025-08-31 01:55:28.177,2025-08-31 01:55:27.419,5.224145182020732,43.9322,-78.70217,1.0,toronto,,,,,0A6009B1-4A31-40F8-9757-A16CCE50BD96,,en_CA,"iPhone14,5",ios,18.5,CA,2025-08-31 01:55:23.991,custom
2025-08-31 01:55:28.321,2025-08-31 01:55:27.419,5.224145182020732,43.9322,-78.70217,1.0,toronto,,,,,0A6009B1-4A31-40F8-9757-A16CCE50BD96,,en_CA,"iPhone14,5",ios,18.5,CA,2025-08-31 01:55:23.991,custom
2025-08-31 01:55:28.286,2025-08-31 01:55:27.419,5.224145182020732,43.9322,-78.70217,1.0,toronto,,,,,0A6009B1-4A31-40F8-9757-A16CCE50BD96,,en_CA,"iPhone14,5",ios,18.5,CA,2025-08-31 01:55:23.991,custom
2025-08-31 01:55:28.303,2025-08-31 01:55:27.419,5.224145182020732,43.9322,-78.70217,1.0,toronto,,,,,0A6009B1-4A31-40F8-9757-A16CCE50BD96,,en_CA,"iPhone14,5",ios,18.5,CA,2025-08-31 01:55:23.991,custom
2025-08-31 01:55:28.312,2025-08-31 01:55:27.419,5.224145182020732,43.9322,-78.70217,1.0,toronto,,,,,0A6009B1-4A31-40F8-9757-A16CCE50BD96,,en_CA,"iPhone14,5",ios,18.5,CA,2025-08-31 01:55:23.991,custom
2025-08-31 01:55:28.294,2025-08-31 01:55:27.419,5.224145182020732,43.9322,-78.70217,1.0,toronto,,,,,0A6009B1-4A31-40F8-9757-A16CCE50BD96,,en_CA,"iPhone14,5",ios,18.5,CA,2025-08-31 01:55:23.991,custom
2025-08-31 01:55:28.322,2025-08-31 01:55:27.419,5.224145182020732,43.9322,-78.70217,1.0,toronto,,,,,0A6009B1-4A31-40F8-9757-A16CCE50BD96,,en_CA,"iPhone14,5",ios,18.5,CA,2025-08-31 01:55:23.991,impression
2025-08-31 01:55:28.322,2025-08-31 01:55:27.419,5.224145182020732,43.9322,-78.70217,1.0,toronto,,,,,0A6009B1-4A31-40F8-9757-A16CCE50BD96,,en_CA,"iPhone14,5",ios,18.5,CA,2025-08-31 01:55:23.991,impression
2025-08-31 01:55:28.322,2025-08-31 01:55:27.419,5.224145182020732,43.9322,-78.70217,1.0,toronto,,,,,0A6009B1-4A31-40F8-9757-A16CCE50BD96,,en_CA,"iPhone14,5",ios,18.5,CA,2025-08-31 01:55:23.991,custom
2025-08-31 01:55:25.061,2025-08-31 01:55:23.383,14.836956525541309,43.93715132543877,-78.69937122096798,-1.0,toronto,,,,,0A6009B1-4A31-40F8-9757-A16CCE50BD96,,en_CA,"iPhone14,5",ios,18.5,CA,2025-08-31 01:55:23.991,lifecycle
2025-08-31 01:55:25.072,2025-08-31 01:55:23.383,14.836956525541309,43.93715132543877,-78.69937122096798,-1.0,toronto,,,,,0A6009B1-4A31-40F8-9757-A16CCE50BD96,,en_CA,"iPhone14,5",ios,18.5,CA,2025-08-31 01:55:23.991,custom
2025-08-31 01:55:25.072,2025-08-31 01:55:23.383,14.836956525541309,43.93715132543877,-78.69937122096798,-1.0,toronto,,,,,0A6009B1-4A31-40F8-9757-A16CCE50BD96,,en_CA,"iPhone14,5",ios,18.5,CA,2025-08-31 01:55:23.991,custom
2025-08-31 01:55:26.652,2025-08-31 01:55:23.383,14.836956525541309,43.93715132543877,-78.69937122096798,-1.0,toronto,,,,,0A6009B1-4A31-40F8-9757-A16CCE50BD96,,en_CA,"iPhone14,5",ios,18.5,CA,2025-08-31 01:55:23.991,custom
2025-08-31 01:55:26.829,2025-08-31 01:55:23.383,14.836956525541309,43.93715132543877,-78.69937122096798,-1.0,toronto,,,,,0A6009B1-4A31-40F8-9757-A16CCE50BD96,,en_CA,"iPhone14,5",ios,18.5,CA,2025-08-31 01:55:23.991,custom
2025-08-31 01:55:26.828,2025-08-31 01:55:23.383,14.836956525541309,43.93715132543877,-78.69937122096798,-1.0,toronto,,,,,0A6009B1-4A31-40F8-9757-A16CCE50BD96,,en_CA,"iPhone14,5",ios,18.5,CA,2025-08-31 01:55:23.991,custom
2025-08-31 01:55:26.643,2025-08-31 01:55:23.383,14.836956525541309,43.93715132543877,-78.69937122096798,-1.0,toronto,,,,,0A6009B1-4A31-40F8-9757-A16CCE50BD96,,en_CA,"iPhone14,5",ios,18.5,CA,2025-08-31 01:55:23.991,custom
2025-08-31 01:55:27.075,2025-08-31 01:55:23.383,14.836956525541309,43.93715132543877,-78.69937122096798,-1.0,toronto,,,,,0A6009B1-4A31-40F8-9757-A16CCE50BD96,,en_CA,"iPhone14,5",ios,18.5,CA,2025-08-31 01:55:23.991,custom
2025-08-31 01:55:26.892,2025-08-31 01:55:23.383,14.836956525541309,43.93715132543877,-78.69937122096798,-1.0,toronto,,,,,0A6009B1-4A31-40F8-9757-A16CCE50BD96,,en_CA,"iPhone14,5",ios,18.5,CA,2025-08-31 01:55:23.991,custom
2025-08-31 01:55:26.650,2025-08-31 01:55:23.383,14.836956525541309,43.93715132543877,-78.69937122096798,-1.0,toronto,,,,,0A6009B1-4A31-40F8-9757-A16CCE50BD96,,en_CA,"iPhone14,5",ios,18.5,CA,2025-08-31 01:55:23.991,custom
2025-08-31 01:55:26.828,2025-08-31 01:55:23.383,14.836956525541309,43.93715132543877,-78.69937122096798,-1.0,toronto,,,,,0A6009B1-4A31-40F8-9757-A16CCE50BD96,,en_CA,"iPhone14,5",ios,18.5,CA,2025-08-31 01:55:23.991,custom
2025-08-31 01:55:26.741,2025-08-31 01:55:23.383,14.836956525541309,43.93715132543877,-78.69937122096798,-1.0,toronto,,,,,0A6009B1-4A31-40F8-9757-A16CCE50BD96,,en_CA,"iPhone14,5",ios,18.5,CA,2025-08-31 01:55:23.991,custom
2025-08-31 01:55:28.064,2025-08-31 01:55:27.419,5.224145182020732,43.9322,-78.70217,1.0,toronto,,,,,0A6009B1-4A31-40F8-9757-A16CCE50BD96,,en_CA,"iPhone14,5",ios,18.5,CA,2025-08-31 01:55:23.991,custom
2025-08-31 01:55:27.940,2025-08-31 01:55:27.419,5.224145182020732,43.9322,-78.70217,1.0,toronto,,,,,0A6009B1-4A31-40F8-9757-A16CCE50BD96,,en_CA,"iPhone14,5",ios,18.5,CA,2025-08-31 01:55:23.991,custom
2025-08-31 01:55:28.030,2025-08-31 01:55:27.419,5.224145182020732,43.9322,-78.70217,1.0,toronto,,,,,0A6009B1-4A31-40F8-9757-A16CCE50BD96,,en_CA,"iPhone14,5",ios,18.5,CA,2025-08-31 01:55:23.991,custom
2025-08-31 01:55:28.031,2025-08-31 01:55:27.419,5.224145182020732,43.9322,-78.70217,1.0,toronto,,,,,0A6009B1-4A31-40F8-9757-A16CCE50BD96,,en_CA,"iPhone14,5",ios,18.5,CA,2025-08-31 01:55:23.991,custom
2025-08-31 01:55:27.960,2025-08-31 01:55:27.419,5.224145182020732,43.9322,-78.70217,1.0,toronto,,,,,0A6009B1-4A31-40F8-9757-A16CCE50BD96,,en_CA,"iPhone14,5",ios,18.5,CA,2025-08-31 01:55:23.991,custom
2025-08-31 01:55:28.181,2025-08-31 01:55:27.419,5.224145182020732,43.9322,-78.70217,1.0,toronto,,,,,0A6009B1-4A31-40F8-9757-A16CCE50BD96,,en_CA,"iPhone14,5",ios,18.5,CA,2025-08-31 01:55:23.991,custom
2025-08-31 01:55:28.174,2025-08-31 01:55:27.419,5.224145182020732,43.9322,-78.70217,1.0,toronto,,,,,0A6009B1-4A31-40F8-9757-A16CCE50BD96,,en_CA,"iPhone14,5",ios,18.5,CA,2025-08-31 01:55:23.991,custom
2025-08-31 01:55:28.207,2025-08-31 01:55:27.419,5.224145182020732,43.9322,-78.70217,1.0,toronto,,,,,0A6009B1-4A31-40F8-9757-A16CCE50BD96,,en_CA,"iPhone14,5",ios,18.5,CA,2025-08-31 01:55:23.991,custom
2025-08-31 01:55:28.195,2025-08-31 01:55:27.419,5.224145182020732,43.9322,-78.70217,1.0,toronto,,,,,0A6009B1-4A31-40F8-9757-A16CCE50BD96,,en_CA,"iPhone14,5",ios,18.5,CA,2025-08-31 01:55:23.991,custom
2025-08-31 01:55:28.227,2025-08-31 01:55:27.419,5.224145182020732,43.9322,-78.70217,1.0,toronto,,,,,0A6009B1-4A31-40F8-9757-A16CCE50BD96,,en_CA,"iPhone14,5",ios,18.5,CA,2025-08-31 01:55:23.991,custom
2025-08-31 01:55:28.237,2025-08-31 01:55:27.419,5.224145182020732,43.9322,-78.70217,1.0,toronto,,,,,0A6009B1-4A31-40F8-9757-A16CCE50BD96,,en_CA,"iPhone14,5",ios,18.5,CA,2025-08-31 01:55:23.991,custom
2025-08-31 01:55:28.266,2025-08-31 01:55:27.419,5.224145182020732,43.9322,-78.70217,1.0,toronto,,,,,0A6009B1-4A31-40F8-9757-A16CCE50BD96,,en_CA,"iPhone14,5",ios,18.5,CA,2025-08-31 01:55:23.991,custom
2025-08-31 01:55:28.425,2025-08-31 01:55:27.419,5.224145182020732,43.9322,-78.70217,1.0,toronto,,,,,0A6009B1-4A31-40F8-9757-A16CCE50BD96,,en_CA,"iPhone14,5",ios,18.5,CA,2025-08-31 01:55:23.991,custom
2025-08-31 01:55:25.075,2025-08-31 01:55:23.383,14.836956525541309,43.93715132543877,-78.69937122096798,-1.0,toronto,,,,,0A6009B1-4A31-40F8-9757-A16CCE50BD96,,en_CA,"iPhone14,5",ios,18.5,CA,2025-08-31 01:55:23.991,custom
2025-08-31 01:55:26.742,2025-08-31 01:55:23.383,14.836956525541309,43.93715132543877,-78.69937122096798,-1.0,toronto,,,,,0A6009B1-4A31-40F8-9757-A16CCE50BD96,,en_CA,"iPhone14,5",ios,18.5,CA,2025-08-31 01:55:23.991,custom
2025-08-31 01:55:26.942,2025-08-31 01:55:23.383,14.836956525541309,43.93715132543877,-78.69937122096798,-1.0,toronto,,,,,0A6009B1-4A31-40F8-9757-A16CCE50BD96,,en_CA,"iPhone14,5",ios,18.5,CA,2025-08-31 01:55:23.991,custom
2025-08-31 01:55:28.099,2025-08-31 01:55:27.419,5.224145182020732,43.9322,-78.70217,1.0,toronto,,,,,0A6009B1-4A31-40F8-9757-A16CCE50BD96,,en_CA,"iPhone14,5",ios,18.5,CA,2025-08-31 01:55:23.991,custom
2025-08-31 01:55:28.304,2025-08-31 01:55:27.419,5.224145182020732,43.9322,-78.70217,1.0,toronto,,,,,0A6009B1-4A31-40F8-9757-A16CCE50BD96,,en_CA,"iPhone14,5",ios,18.5,CA,2025-08-31 01:55:23.991,custom
2025-08-31 01:55:25.072,2025-08-31 01:55:23.383,14.836956525541309,43.93715132543877,-78.69937122096798,-1.0,toronto,,,,,0A6009B1-4A31-40F8-9757-A16CCE50BD96,,en_CA,"iPhone14,5",ios,18.5,CA,2025-08-31 01:55:23.991,custom
2025-08-31 01:55:28.056,2025-08-31 01:55:27.419,5.224145182020732,43.9322,-78.70217,1.0,toronto,,,,,0A6009B1-4A31-40F8-9757-A16CCE50BD96,,en_CA,"iPhone14,5",ios,18.5,CA,2025-08-31 01:55:23.991,custom
