City Name,Cellular Carrier,Carrier MCC,Carrier MNC,Device Language,Device Model,Device OS,Device OS Version,Country / Region,App Version,Event Time (UTC),GPS Time (UTC),Latitude,Longitude,Analytics Event Type
toronto,,,,en_CA,"iPhone14,5",ios,18.5,CA,6.272.10001,2025-08-24 18:48:57.696,"",,,impression
toronto,,,,en_CA,"iPhone14,5",ios,18.5,CA,6.272.10001,2025-08-24 18:48:58.214,"",,,custom
toronto,,,,en_CA,"iPhone14,5",ios,18.5,CA,6.272.10001,2025-08-24 18:48:58.269,"",,,custom
toronto,,,,en_CA,"iPhone14,5",ios,18.5,CA,6.272.10001,2025-08-24 18:48:58.414,"",,,custom
toronto,,,,en_CA,"iPhone14,5",ios,18.5,CA,6.272.10001,2025-08-24 22:49:59.744,"",,,lifecycle
toronto,,,,en_CA,"iPhone14,5",ios,18.5,CA,6.272.10001,2025-08-24 22:49:59.766,"",,,custom
toronto,,,,en_CA,"iPhone14,5",ios,18.5,CA,6.272.10001,2025-08-24 22:49:59.766,"",,,custom
toronto,,,,en_CA,"iPhone14,5",ios,18.5,CA,6.272.10001,2025-08-24 22:50:00.407,"",,,custom
toronto,,,,en_CA,"iPhone14,5",ios,18.5,CA,6.272.10001,2025-08-24 22:50:00.407,"",,,custom
toronto,,,,en_CA,"iPhone14,5",ios,18.5,CA,6.272.10001,2025-08-24 22:50:00.438,"",,,custom
toronto,,,,en_CA,"iPhone14,5",ios,18.5,CA,6.272.10001,2025-08-24 22:50:00.442,"",,,custom
toronto,,,,en_CA,"iPhone14,5",ios,18.5,CA,6.272.10001,2025-08-24 22:50:01.175,"",,,impression
toronto,,,,en_CA,"iPhone14,5",ios,18.5,CA,6.272.10001,2025-08-24 22:50:01.300,"",,,impression
toronto,,,,en_CA,"iPhone14,5",ios,18.5,CA,6.272.10001,2025-08-24 22:50:01.246,"",,,impression
toronto,,,,en_CA,"iPhone14,5",ios,18.5,CA,6.272.10001,2025-08-24 22:50:01.314,"",,,custom
toronto,,,,en_CA,"iPhone14,5",ios,18.5,CA,6.272.10001,2025-08-24 22:50:01.987,"",,,custom
toronto,,,,en_CA,"iPhone14,5",ios,18.5,CA,6.272.10001,2025-08-24 22:50:01.988,"",,,custom
toronto,,,,en_CA,"iPhone14,5",ios,18.5,CA,6.272.10001,2025-08-24 22:50:02.030,"",,,impression
toronto,,,,en_CA,"iPhone14,5",ios,18.5,CA,6.272.10001,2025-08-24 22:50:02.294,"",,,custom
toronto,,,,en_CA,"iPhone14,5",ios,18.5,CA,6.272.10001,2025-08-24 18:48:57.063,"",,,custom
toronto,,,,en_CA,"iPhone14,5",ios,18.5,CA,6.272.10001,2025-08-24 18:48:57.586,"",,,custom
toronto,,,,en_CA,"iPhone14,5",ios,18.5,CA,6.272.10001,2025-08-24 18:48:57.587,"",,,custom
toronto,,,,en_CA,"iPhone14,5",ios,18.5,CA,6.272.10001,2025-08-24 18:48:57.588,"",,,custom
toronto,,,,en_CA,"iPhone14,5",ios,18.5,CA,6.272.10001,2025-08-24 18:48:57.622,"",,,custom
toronto,,,,en_CA,"iPhone14,5",ios,18.5,CA,6.272.10001,2025-08-24 18:48:57.751,"",,,custom
toronto,,,,en_CA,"iPhone14,5",ios,18.5,CA,6.272.10001,2025-08-24 18:48:57.623,"",,,custom
toronto,,,,en_CA,"iPhone14,5",ios,18.5,CA,6.272.10001,2025-08-24 18:48:57.782,"",,,custom
toronto,,,,en_CA,"iPhone14,5",ios,18.5,CA,6.272.10001,2025-08-24 18:48:57.783,"",,,custom
toronto,,,,en_CA,"iPhone14,5",ios,18.5,CA,6.272.10001,2025-08-24 18:48:57.784,"",,,custom
toronto,,,,en_CA,"iPhone14,5",ios,18.5,CA,6.272.10001,2025-08-24 18:48:57.796,"",,,custom
toronto,,,,en_CA,"iPhone14,5",ios,18.5,CA,6.272.10001,2025-08-24 18:48:57.835,"",,,custom
toronto,,,,en_CA,"iPhone14,5",ios,18.5,CA,6.272.10001,2025-08-24 18:48:57.797,"",,,custom
toronto,,,,en_CA,"iPhone14,5",ios,18.5,CA,6.272.10001,2025-08-24 18:48:57.851,"",,,custom
toronto,,,,en_CA,"iPhone14,5",ios,18.5,CA,6.272.10001,2025-08-24 18:48:57.854,"",,,custom
toronto,,,,en_CA,"iPhone14,5",ios,18.5,CA,6.272.10001,2025-08-24 18:48:57.928,"",,,custom
toronto,,,,en_CA,"iPhone14,5",ios,18.5,CA,6.272.10001,2025-08-24 18:48:58.255,"",,,custom
toronto,,,,en_CA,"iPhone14,5",ios,18.5,CA,6.272.10001,2025-08-24 18:48:57.940,"",,,custom
toronto,,,,en_CA,"iPhone14,5",ios,18.5,CA,6.272.10001,2025-08-24 18:48:58.264,"",,,custom
toronto,,,,en_CA,"iPhone14,5",ios,18.5,CA,6.272.10001,2025-08-24 18:48:58.256,"",,,custom
toronto,,,,en_CA,"iPhone14,5",ios,18.5,CA,6.272.10001,2025-08-24 18:48:58.808,"",,,impression
toronto,,,,en_CA,"iPhone14,5",ios,18.5,CA,6.272.10001,2025-08-24 22:49:59.739,"",,,custom
toronto,,,,en_CA,"iPhone14,5",ios,18.5,CA,6.272.10001,2025-08-24 18:48:59.135,"",,,custom
toronto,,,,en_CA,"iPhone14,5",ios,18.5,CA,6.272.10001,2025-08-24 22:49:59.741,"",,,custom
toronto,,,,en_CA,"iPhone14,5",ios,18.5,CA,6.272.10001,2025-08-24 22:49:59.741,"",,,custom
toronto,,,,en_CA,"iPhone14,5",ios,18.5,CA,6.272.10001,2025-08-24 22:49:59.764,"",,,custom
toronto,,,,en_CA,"iPhone14,5",ios,18.5,CA,6.272.10001,2025-08-24 22:49:59.764,"",,,custom
toronto,,,,en_CA,"iPhone14,5",ios,18.5,CA,6.272.10001,2025-08-24 22:49:59.764,"",,,custom
toronto,,,,en_CA,"iPhone14,5",ios,18.5,CA,6.272.10001,2025-08-24 22:49:59.765,"",,,custom
toronto,,,,en_CA,"iPhone14,5",ios,18.5,CA,6.272.10001,2025-08-24 22:49:59.768,"",,,tap
toronto,,,,en_CA,"iPhone14,5",ios,18.5,CA,6.272.10001,2025-08-24 22:49:59.768,"",,,impression
toronto,,,,en_CA,"iPhone14,5",ios,18.5,CA,6.272.10001,2025-08-24 22:49:59.769,"",,,custom
toronto,,,,en_CA,"iPhone14,5",ios,18.5,CA,6.272.10001,2025-08-24 22:49:59.768,"",,,custom
toronto,,,,en_CA,"iPhone14,5",ios,18.5,CA,6.272.10001,2025-08-24 22:49:59.798,"",,,custom
toronto,,,,en_CA,"iPhone14,5",ios,18.5,CA,6.272.10001,2025-08-24 22:49:59.769,"",,,custom
toronto,,,,en_CA,"iPhone14,5",ios,18.5,CA,6.272.10001,2025-08-24 22:49:59.798,"",,,custom
toronto,,,,en_CA,"iPhone14,5",ios,18.5,CA,6.272.10001,2025-08-24 22:49:59.799,"",,,custom
toronto,,,,en_CA,"iPhone14,5",ios,18.5,CA,6.272.10001,2025-08-24 22:49:59.799,"",,,custom
toronto,,,,en_CA,"iPhone14,5",ios,18.5,CA,6.272.10001,2025-08-24 22:49:59.799,"",,,custom
toronto,,,,en_CA,"iPhone14,5",ios,18.5,CA,6.272.10001,2025-08-24 22:49:59.801,"",,,custom
toronto,,,,en_CA,"iPhone14,5",ios,18.5,CA,6.272.10001,2025-08-24 22:49:59.802,"",,,custom
toronto,,,,en_CA,"iPhone14,5",ios,18.5,CA,6.272.10001,2025-08-24 22:49:59.944,"",,,custom
toronto,,,,en_CA,"iPhone14,5",ios,18.5,CA,6.272.10001,2025-08-24 22:49:59.951,"",,,custom
toronto,,,,en_CA,"iPhone14,5",ios,18.5,CA,6.272.10001,2025-08-24 22:50:00.276,"",,,custom
toronto,,,,en_CA,"iPhone14,5",ios,18.5,CA,6.272.10001,2025-08-24 22:50:00.435,"",,,custom
toronto,,,,en_CA,"iPhone14,5",ios,18.5,CA,6.272.10001,2025-08-24 22:50:00.442,"",,,custom
toronto,,,,en_CA,"iPhone14,5",ios,18.5,CA,6.272.10001,2025-08-24 22:50:00.735,"",,,impression
toronto,,,,en_CA,"iPhone14,5",ios,18.5,CA,6.272.10001,2025-08-24 22:50:00.735,"",,,impression
toronto,,,,en_CA,"iPhone14,5",ios,18.5,CA,6.272.10001,2025-08-24 22:50:00.735,"",,,impression
toronto,,,,en_CA,"iPhone14,5",ios,18.5,CA,6.272.10001,2025-08-24 22:50:00.736,"",,,impression
toronto,,,,en_CA,"iPhone14,5",ios,18.5,CA,6.272.10001,2025-08-24 22:50:01.142,"",,,impression
toronto,,,,en_CA,"iPhone14,5",ios,18.5,CA,6.272.10001,2025-08-24 22:50:00.736,"",,,impression
toronto,,,,en_CA,"iPhone14,5",ios,18.5,CA,6.272.10001,2025-08-24 22:50:01.752,"",,,custom
toronto,,,,en_CA,"iPhone14,5",ios,18.5,CA,6.272.10001,2025-08-24 22:50:01.902,"",,,custom
toronto,,,,en_CA,"iPhone14,5",ios,18.5,CA,6.272.10001,2025-08-24 22:50:01.752,"",,,custom
toronto,,,,en_CA,"iPhone14,5",ios,18.5,CA,6.272.10001,2025-08-24 22:50:02.020,"",,,custom
toronto,,,,en_CA,"iPhone14,5",ios,18.5,CA,6.272.10001,2025-08-24 22:50:02.021,"",,,custom
toronto,,,,en_CA,"iPhone14,5",ios,18.5,CA,6.272.10001,2025-08-24 22:50:02.021,"",,,custom
toronto,,,,en_CA,"iPhone14,5",ios,18.5,CA,6.272.10001,2025-08-24 22:50:02.033,"",,,custom
toronto,,,,en_CA,"iPhone14,5",ios,18.5,CA,6.272.10001,2025-08-24 22:50:02.071,"",,,custom
toronto,,,,en_CA,"iPhone14,5",ios,18.5,CA,6.272.10001,2025-08-24 22:50:02.295,"",,,custom
toronto,,,,en_CA,"iPhone14,5",ios,18.5,CA,6.272.10001,2025-08-24 22:50:02.284,"",,,custom
toronto,,,,en_CA,"iPhone14,5",ios,18.5,CA,6.272.10001,2025-08-24 22:50:02.283,"",,,custom
toronto,,,,en_CA,"iPhone14,5",ios,18.5,CA,6.272.10001,2025-08-24 22:50:02.324,"",,,custom
toronto,,,,en_CA,"iPhone14,5",ios,18.5,CA,6.272.10001,2025-08-24 22:50:02.324,"",,,custom
toronto,,,,en_CA,"iPhone14,5",ios,18.5,CA,6.272.10001,2025-08-24 18:48:57.587,"",,,custom
toronto,,,,en_CA,"iPhone14,5",ios,18.5,CA,6.272.10001,2025-08-24 18:48:57.597,"",,,custom
toronto,,,,en_CA,"iPhone14,5",ios,18.5,CA,6.272.10001,2025-08-24 18:48:57.962,"",,,impression
toronto,,,,en_CA,"iPhone14,5",ios,18.5,CA,6.272.10001,2025-08-24 18:48:58.155,"",,,custom
toronto,,,,en_CA,"iPhone14,5",ios,18.5,CA,6.272.10001,2025-08-24 18:48:58.229,"",,,impression
toronto,,,,en_CA,"iPhone14,5",ios,18.5,CA,6.272.10001,2025-08-24 18:48:58.157,"",,,custom
toronto,,,,en_CA,"iPhone14,5",ios,18.5,CA,6.272.10001,2025-08-24 18:48:58.228,"",,,impression
toronto,,,,en_CA,"iPhone14,5",ios,18.5,CA,6.272.10001,2025-08-24 18:48:58.809,"",,,impression
toronto,,,,en_CA,"iPhone14,5",ios,18.5,CA,6.272.10001,2025-08-24 18:48:58.809,"",,,custom
toronto,,,,en_CA,"iPhone14,5",ios,18.5,CA,6.272.10001,2025-08-24 22:49:59.739,"",,,impression
toronto,,,,en_CA,"iPhone14,5",ios,18.5,CA,6.272.10001,2025-08-24 22:49:59.743,"",,,custom
toronto,,,,en_CA,"iPhone14,5",ios,18.5,CA,6.272.10001,2025-08-24 22:49:59.743,"",,,custom
toronto,,,,en_CA,"iPhone14,5",ios,18.5,CA,6.272.10001,2025-08-24 22:49:59.743,"",,,custom
toronto,,,,en_CA,"iPhone14,5",ios,18.5,CA,6.272.10001,2025-08-24 22:49:59.746,"",,,custom
toronto,,,,en_CA,"iPhone14,5",ios,18.5,CA,6.272.10001,2025-08-24 22:49:59.746,"",,,custom
toronto,,,,en_CA,"iPhone14,5",ios,18.5,CA,6.272.10001,2025-08-24 22:49:59.746,"",,,custom
toronto,,,,en_CA,"iPhone14,5",ios,18.5,CA,6.272.10001,2025-08-24 22:49:59.746,"",,,custom
toronto,,,,en_CA,"iPhone14,5",ios,18.5,CA,6.272.10001,2025-08-24 22:49:59.763,"",,,custom
toronto,,,,en_CA,"iPhone14,5",ios,18.5,CA,6.272.10001,2025-08-24 22:49:59.763,"",,,custom
toronto,,,,en_CA,"iPhone14,5",ios,18.5,CA,6.272.10001,2025-08-24 22:49:59.763,"",,,custom
toronto,,,,en_CA,"iPhone14,5",ios,18.5,CA,6.272.10001,2025-08-24 22:49:59.767,"",,,custom
toronto,,,,en_CA,"iPhone14,5",ios,18.5,CA,6.272.10001,2025-08-24 22:49:59.798,"",,,custom
toronto,,,,en_CA,"iPhone14,5",ios,18.5,CA,6.272.10001,2025-08-24 22:49:59.802,"",,,custom
toronto,,,,en_CA,"iPhone14,5",ios,18.5,CA,6.272.10001,2025-08-24 22:50:00.425,"",,,impression
toronto,,,,en_CA,"iPhone14,5",ios,18.5,CA,6.272.10001,2025-08-24 22:50:00.752,"",,,tap
toronto,,,,en_CA,"iPhone14,5",ios,18.5,CA,6.272.10001,2025-08-24 22:50:00.752,"",,,impression
toronto,,,,en_CA,"iPhone14,5",ios,18.5,CA,6.272.10001,2025-08-24 22:50:01.409,"",,,custom
toronto,,,,en_CA,"iPhone14,5",ios,18.5,CA,6.272.10001,2025-08-24 22:50:00.887,"",,,custom
toronto,,,,en_CA,"iPhone14,5",ios,18.5,CA,6.272.10001,2025-08-24 22:50:01.752,"",,,custom
toronto,,,,en_CA,"iPhone14,5",ios,18.5,CA,6.272.10001,2025-08-24 22:50:01.752,"",,,custom
toronto,,,,en_CA,"iPhone14,5",ios,18.5,CA,6.272.10001,2025-08-24 22:50:02.019,"",,,custom
toronto,,,,en_CA,"iPhone14,5",ios,18.5,CA,6.272.10001,2025-08-24 22:50:01.759,"",,,custom
toronto,,,,en_CA,"iPhone14,5",ios,18.5,CA,6.272.10001,2025-08-24 22:50:02.019,"",,,custom
toronto,,,,en_CA,"iPhone14,5",ios,18.5,CA,6.272.10001,2025-08-24 22:50:02.020,"",,,custom
toronto,,,,en_CA,"iPhone14,5",ios,18.5,CA,6.272.10001,2025-08-24 22:50:02.029,"",,,custom
toronto,,,,en_CA,"iPhone14,5",ios,18.5,CA,6.272.10001,2025-08-24 22:50:02.021,"",,,custom
toronto,,,,en_CA,"iPhone14,5",ios,18.5,CA,6.272.10001,2025-08-24 22:50:02.029,"",,,custom
toronto,,,,en_CA,"iPhone14,5",ios,18.5,CA,6.272.10001,2025-08-24 22:50:02.029,"",,,custom
toronto,,,,en_CA,"iPhone14,5",ios,18.5,CA,6.272.10001,2025-08-24 22:50:02.052,"",,,custom
toronto,,,,en_CA,"iPhone14,5",ios,18.5,CA,6.272.10001,2025-08-24 22:50:02.053,"",,,custom
toronto,,,,en_CA,"iPhone14,5",ios,18.5,CA,6.272.10001,2025-08-24 22:50:02.053,"",,,custom
toronto,,,,en_CA,"iPhone14,5",ios,18.5,CA,6.272.10001,2025-08-24 22:50:02.065,"",,,custom
toronto,,,,en_CA,"iPhone14,5",ios,18.5,CA,6.272.10001,2025-08-24 22:50:02.062,"",,,custom
toronto,,,,en_CA,"iPhone14,5",ios,18.5,CA,6.272.10001,2025-08-24 22:50:02.065,"",,,custom
toronto,,,,en_CA,"iPhone14,5",ios,18.5,CA,6.272.10001,2025-08-24 22:50:02.072,"",,,custom
toronto,,,,en_CA,"iPhone14,5",ios,18.5,CA,6.272.10001,2025-08-24 22:50:02.072,"",,,custom
toronto,,,,en_CA,"iPhone14,5",ios,18.5,CA,6.272.10001,2025-08-24 22:50:02.077,"",,,custom
toronto,,,,en_CA,"iPhone14,5",ios,18.5,CA,6.272.10001,2025-08-24 22:50:02.077,"",,,custom
toronto,,,,en_CA,"iPhone14,5",ios,18.5,CA,6.272.10001,2025-08-24 22:50:02.364,"",,,custom
toronto,,,,en_CA,"iPhone14,5",ios,18.5,CA,6.272.10001,2025-08-24 22:50:02.526,"",,,impression
toronto,,,,en_CA,"iPhone14,5",ios,18.5,CA,6.272.10001,2025-08-24 22:49:59.572,"",,,custom
toronto,,,,en_CA,"iPhone14,5",ios,18.5,CA,6.272.10001,2025-08-24 22:49:59.573,"",,,custom
toronto,,,,en_CA,"iPhone14,5",ios,18.5,CA,6.272.10001,2025-08-24 22:49:59.573,"",,,custom
toronto,,,,en_CA,"iPhone14,5",ios,18.5,CA,6.272.10001,2025-08-24 22:49:59.589,"",,,custom
toronto,,,,en_CA,"iPhone14,5",ios,18.5,CA,6.272.10001,2025-08-24 22:49:59.590,"",,,lifecycle
toronto,,,,en_CA,"iPhone14,5",ios,18.5,CA,6.272.10001,2025-08-24 22:49:59.590,"",,,custom
unknown,,,,en_CA,"iPhone14,5",ios,18.5,CA,6.272.10001,2025-08-24 18:48:53.145,"",,,lifecycle
toronto,,,,en_CA,"iPhone14,5",ios,18.5,CA,6.272.10001,2025-08-24 18:48:53.150,"",,,custom
toronto,,,,en_CA,"iPhone14,5",ios,18.5,CA,6.272.10001,2025-08-24 18:48:53.411,"",,,custom
toronto,,,,en_CA,"iPhone14,5",ios,18.5,CA,6.272.10001,2025-08-24 18:48:53.150,"",,,custom
toronto,,,,en_CA,"iPhone14,5",ios,18.5,CA,6.272.10001,2025-08-24 18:48:53.411,"",,,custom
toronto,,,,en_CA,"iPhone14,5",ios,18.5,CA,6.272.10001,2025-08-24 18:48:53.420,"",,,custom
toronto,,,,en_CA,"iPhone14,5",ios,18.5,CA,6.272.10001,2025-08-24 18:48:53.448,"",,,custom
toronto,,,,en_CA,"iPhone14,5",ios,18.5,CA,6.272.10001,2025-08-24 18:48:54.108,"",,,impression
toronto,,,,en_CA,"iPhone14,5",ios,18.5,CA,6.272.10001,2025-08-24 18:48:54.147,"",,,impression
toronto,,,,en_CA,"iPhone14,5",ios,18.5,CA,6.272.10001,2025-08-24 18:48:54.186,"",,,impression
toronto,,,,en_CA,"iPhone14,5",ios,18.5,CA,6.272.10001,2025-08-24 18:48:54.196,"",,,custom
toronto,,,,en_CA,"iPhone14,5",ios,18.5,CA,6.272.10001,2025-08-24 18:48:54.514,"",,,custom
toronto,,,,en_CA,"iPhone14,5",ios,18.5,CA,6.272.10001,2025-08-24 18:48:54.513,"",,,custom
toronto,,,,en_CA,"iPhone14,5",ios,18.5,CA,6.272.10001,2025-08-24 18:48:53.138,"",,,custom
toronto,,,,en_CA,"iPhone14,5",ios,18.5,CA,6.272.10001,2025-08-24 18:48:55.129,"",,,custom
toronto,,,,en_CA,"iPhone14,5",ios,18.5,CA,6.272.10001,2025-08-24 18:48:54.750,"",,,impression
toronto,,,,en_CA,"iPhone14,5",ios,18.5,CA,6.272.10001,2025-08-24 18:48:53.139,"",,,custom
toronto,,,,en_CA,"iPhone14,5",ios,18.5,CA,6.272.10001,2025-08-24 18:48:53.139,"",,,custom
toronto,,,,en_CA,"iPhone14,5",ios,18.5,CA,6.272.10001,2025-08-24 18:48:53.147,"",,,custom
toronto,,,,en_CA,"iPhone14,5",ios,18.5,CA,6.272.10001,2025-08-24 18:48:53.147,"",,,custom
toronto,,,,en_CA,"iPhone14,5",ios,18.5,CA,6.272.10001,2025-08-24 18:48:53.147,"",,,custom
toronto,,,,en_CA,"iPhone14,5",ios,18.5,CA,6.272.10001,2025-08-24 18:48:53.165,"",,,tap
toronto,,,,en_CA,"iPhone14,5",ios,18.5,CA,6.272.10001,2025-08-24 18:48:53.165,"",,,impression
toronto,,,,en_CA,"iPhone14,5",ios,18.5,CA,6.272.10001,2025-08-24 18:48:53.150,"",,,custom
toronto,,,,en_CA,"iPhone14,5",ios,18.5,CA,6.272.10001,2025-08-24 18:48:53.258,"",,,custom
toronto,,,,en_CA,"iPhone14,5",ios,18.5,CA,6.272.10001,2025-08-24 18:48:53.257,"",,,custom
toronto,,,,en_CA,"iPhone14,5",ios,18.5,CA,6.272.10001,2025-08-24 18:48:53.258,"",,,custom
toronto,,,,en_CA,"iPhone14,5",ios,18.5,CA,6.272.10001,2025-08-24 18:48:53.260,"",,,custom
toronto,,,,en_CA,"iPhone14,5",ios,18.5,CA,6.272.10001,2025-08-24 18:48:53.260,"",,,custom
toronto,,,,en_CA,"iPhone14,5",ios,18.5,CA,6.272.10001,2025-08-24 18:48:53.264,"",,,custom
toronto,,,,en_CA,"iPhone14,5",ios,18.5,CA,6.272.10001,2025-08-24 18:48:53.261,"",,,custom
toronto,,,,en_CA,"iPhone14,5",ios,18.5,CA,6.272.10001,2025-08-24 18:48:53.265,"",,,custom
toronto,,,,en_CA,"iPhone14,5",ios,18.5,CA,6.272.10001,2025-08-24 18:48:53.266,"",,,custom
toronto,,,,en_CA,"iPhone14,5",ios,18.5,CA,6.272.10001,2025-08-24 18:48:53.265,"",,,custom
toronto,,,,en_CA,"iPhone14,5",ios,18.5,CA,6.272.10001,2025-08-24 18:48:53.264,"",,,custom
toronto,,,,en_CA,"iPhone14,5",ios,18.5,CA,6.272.10001,2025-08-24 18:48:53.416,"",,,custom
toronto,,,,en_CA,"iPhone14,5",ios,18.5,CA,6.272.10001,2025-08-24 18:48:53.447,"",,,custom
toronto,,,,en_CA,"iPhone14,5",ios,18.5,CA,6.272.10001,2025-08-24 18:48:53.271,"",,,custom
toronto,,,,en_CA,"iPhone14,5",ios,18.5,CA,6.272.10001,2025-08-24 18:48:53.769,"",,,impression
toronto,,,,en_CA,"iPhone14,5",ios,18.5,CA,6.272.10001,2025-08-24 18:48:53.770,"",,,impression
toronto,,,,en_CA,"iPhone14,5",ios,18.5,CA,6.272.10001,2025-08-24 18:48:53.769,"",,,impression
toronto,,,,en_CA,"iPhone14,5",ios,18.5,CA,6.272.10001,2025-08-24 18:48:53.770,"",,,impression
toronto,,,,en_CA,"iPhone14,5",ios,18.5,CA,6.272.10001,2025-08-24 18:48:53.770,"",,,impression
toronto,,,,en_CA,"iPhone14,5",ios,18.5,CA,6.272.10001,2025-08-24 18:48:53.816,"",,,custom
toronto,,,,en_CA,"iPhone14,5",ios,18.5,CA,6.272.10001,2025-08-24 18:48:54.453,"",,,custom
toronto,,,,en_CA,"iPhone14,5",ios,18.5,CA,6.272.10001,2025-08-24 18:48:54.089,"",,,impression
toronto,,,,en_CA,"iPhone14,5",ios,18.5,CA,6.272.10001,2025-08-24 18:48:54.453,"",,,custom
toronto,,,,en_CA,"iPhone14,5",ios,18.5,CA,6.272.10001,2025-08-24 18:48:54.652,"",,,custom
toronto,,,,en_CA,"iPhone14,5",ios,18.5,CA,6.272.10001,2025-08-24 18:48:54.653,"",,,custom
toronto,,,,en_CA,"iPhone14,5",ios,18.5,CA,6.272.10001,2025-08-24 18:48:54.763,"",,,custom
toronto,,,,en_CA,"iPhone14,5",ios,18.5,CA,6.272.10001,2025-08-24 18:48:54.734,"",,,custom
toronto,,,,en_CA,"iPhone14,5",ios,18.5,CA,6.272.10001,2025-08-24 18:48:54.749,"",,,custom
toronto,,,,en_CA,"iPhone14,5",ios,18.5,CA,6.272.10001,2025-08-24 18:48:54.798,"",,,custom
toronto,,,,en_CA,"iPhone14,5",ios,18.5,CA,6.272.10001,2025-08-24 18:48:55.131,"",,,custom
toronto,,,,en_CA,"iPhone14,5",ios,18.5,CA,6.272.10001,2025-08-24 18:48:55.112,"",,,custom
toronto,,,,en_CA,"iPhone14,5",ios,18.5,CA,6.272.10001,2025-08-24 18:48:55.114,"",,,custom
toronto,,,,en_CA,"iPhone14,5",ios,18.5,CA,6.272.10001,2025-08-24 18:48:55.497,"",,,custom
toronto,,,,en_CA,"iPhone14,5",ios,18.5,CA,6.272.10001,2025-08-24 18:48:55.498,"",,,custom
toronto,,,,en_CA,"iPhone14,5",ios,18.5,CA,6.272.10001,2025-08-24 18:48:53.138,"",,,impression
toronto,,,,en_CA,"iPhone14,5",ios,18.5,CA,6.272.10001,2025-08-24 18:48:53.144,"",,,custom
toronto,,,,en_CA,"iPhone14,5",ios,18.5,CA,6.272.10001,2025-08-24 18:48:53.146,"",,,custom
toronto,,,,en_CA,"iPhone14,5",ios,18.5,CA,6.272.10001,2025-08-24 18:48:53.140,"",,,custom
toronto,,,,en_CA,"iPhone14,5",ios,18.5,CA,6.272.10001,2025-08-24 18:48:53.141,"",,,custom
toronto,,,,en_CA,"iPhone14,5",ios,18.5,CA,6.272.10001,2025-08-24 18:48:53.146,"",,,custom
toronto,,,,en_CA,"iPhone14,5",ios,18.5,CA,6.272.10001,2025-08-24 18:48:53.146,"",,,custom
toronto,,,,en_CA,"iPhone14,5",ios,18.5,CA,6.272.10001,2025-08-24 18:48:53.146,"",,,custom
toronto,,,,en_CA,"iPhone14,5",ios,18.5,CA,6.272.10001,2025-08-24 18:48:53.146,"",,,custom
toronto,,,,en_CA,"iPhone14,5",ios,18.5,CA,6.272.10001,2025-08-24 18:48:53.146,"",,,custom
toronto,,,,en_CA,"iPhone14,5",ios,18.5,CA,6.272.10001,2025-08-24 18:48:53.147,"",,,custom
toronto,,,,en_CA,"iPhone14,5",ios,18.5,CA,6.272.10001,2025-08-24 18:48:53.260,"",,,custom
toronto,,,,en_CA,"iPhone14,5",ios,18.5,CA,6.272.10001,2025-08-24 18:48:53.266,"",,,custom
toronto,,,,en_CA,"iPhone14,5",ios,18.5,CA,6.272.10001,2025-08-24 18:48:53.164,"",,,custom
toronto,,,,en_CA,"iPhone14,5",ios,18.5,CA,6.272.10001,2025-08-24 18:48:53.414,"",,,impression
toronto,,,,en_CA,"iPhone14,5",ios,18.5,CA,6.272.10001,2025-08-24 18:48:53.778,"",,,impression
toronto,,,,en_CA,"iPhone14,5",ios,18.5,CA,6.272.10001,2025-08-24 18:48:53.964,"",,,custom
toronto,,,,en_CA,"iPhone14,5",ios,18.5,CA,6.272.10001,2025-08-24 18:48:53.778,"",,,tap
toronto,,,,en_CA,"iPhone14,5",ios,18.5,CA,6.272.10001,2025-08-24 18:48:54.254,"",,,custom
toronto,,,,en_CA,"iPhone14,5",ios,18.5,CA,6.272.10001,2025-08-24 18:48:54.452,"",,,custom
toronto,,,,en_CA,"iPhone14,5",ios,18.5,CA,6.272.10001,2025-08-24 18:48:54.453,"",,,custom
toronto,,,,en_CA,"iPhone14,5",ios,18.5,CA,6.272.10001,2025-08-24 18:48:54.465,"",,,custom
toronto,,,,en_CA,"iPhone14,5",ios,18.5,CA,6.272.10001,2025-08-24 18:48:54.609,"",,,custom
toronto,,,,en_CA,"iPhone14,5",ios,18.5,CA,6.272.10001,2025-08-24 18:48:54.736,"",,,custom
toronto,,,,en_CA,"iPhone14,5",ios,18.5,CA,6.272.10001,2025-08-24 18:48:54.723,"",,,custom
toronto,,,,en_CA,"iPhone14,5",ios,18.5,CA,6.272.10001,2025-08-24 18:48:54.652,"",,,custom
toronto,,,,en_CA,"iPhone14,5",ios,18.5,CA,6.272.10001,2025-08-24 18:48:54.745,"",,,custom
toronto,,,,en_CA,"iPhone14,5",ios,18.5,CA,6.272.10001,2025-08-24 18:48:54.736,"",,,custom
toronto,,,,en_CA,"iPhone14,5",ios,18.5,CA,6.272.10001,2025-08-24 18:48:54.788,"",,,custom
toronto,,,,en_CA,"iPhone14,5",ios,18.5,CA,6.272.10001,2025-08-24 18:48:54.745,"",,,custom
toronto,,,,en_CA,"iPhone14,5",ios,18.5,CA,6.272.10001,2025-08-24 18:48:54.797,"",,,custom
toronto,,,,en_CA,"iPhone14,5",ios,18.5,CA,6.272.10001,2025-09-12 23:32:42.394,"",,,custom
toronto,,,,en_CA,"iPhone14,5",ios,18.5,CA,6.272.10001,2025-09-12 23:32:42.484,"",,,impression
toronto,,,,en_CA,"iPhone14,5",ios,18.5,CA,6.272.10001,2025-09-12 23:32:42.880,"",,,custom
toronto,,,,en_CA,"iPhone14,5",ios,18.5,CA,6.272.10001,2025-09-12 23:32:43.181,"",,,custom
toronto,,,,en_CA,"iPhone14,5",ios,18.5,CA,6.272.10001,2025-09-12 23:32:42.945,"",,,custom
toronto,,,,en_CA,"iPhone14,5",ios,18.5,CA,6.272.10001,2025-09-12 23:32:41.484,"",,,custom
toronto,,,,en_CA,"iPhone14,5",ios,18.5,CA,6.272.10001,2025-09-12 23:32:41.983,"",,,custom
toronto,,,,en_CA,"iPhone14,5",ios,18.5,CA,6.272.10001,2025-09-12 23:32:42.204,"",,,custom
toronto,,,,en_CA,"iPhone14,5",ios,18.5,CA,6.272.10001,2025-09-12 23:32:42.204,"",,,custom
toronto,,,,en_CA,"iPhone14,5",ios,18.5,CA,6.272.10001,2025-09-12 23:32:42.332,"",,,custom
toronto,,,,en_CA,"iPhone14,5",ios,18.5,CA,6.272.10001,2025-09-12 23:32:42.240,"",,,custom
toronto,,,,en_CA,"iPhone14,5",ios,18.5,CA,6.272.10001,2025-09-12 23:32:42.244,"",,,custom
toronto,,,,en_CA,"iPhone14,5",ios,18.5,CA,6.272.10001,2025-09-12 23:32:42.332,"",,,custom
toronto,,,,en_CA,"iPhone14,5",ios,18.5,CA,6.272.10001,2025-09-12 23:32:42.344,"",,,custom
toronto,,,,en_CA,"iPhone14,5",ios,18.5,CA,6.272.10001,2025-09-12 23:32:42.344,"",,,custom
toronto,,,,en_CA,"iPhone14,5",ios,18.5,CA,6.272.10001,2025-09-12 23:32:42.364,"",,,custom
toronto,,,,en_CA,"iPhone14,5",ios,18.5,CA,6.272.10001,2025-09-12 23:32:42.364,"",,,custom
toronto,,,,en_CA,"iPhone14,5",ios,18.5,CA,6.272.10001,2025-09-12 23:32:42.573,"",,,custom
toronto,,,,en_CA,"iPhone14,5",ios,18.5,CA,6.272.10001,2025-09-12 23:32:42.538,"",,,custom
toronto,,,,en_CA,"iPhone14,5",ios,18.5,CA,6.272.10001,2025-09-12 23:32:42.394,"",,,custom
toronto,,,,en_CA,"iPhone14,5",ios,18.5,CA,6.272.10001,2025-09-12 23:32:42.574,"",,,custom
toronto,,,,en_CA,"iPhone14,5",ios,18.5,CA,6.272.10001,2025-09-12 23:32:42.581,"",,,custom
toronto,,,,en_CA,"iPhone14,5",ios,18.5,CA,6.272.10001,2025-09-12 23:32:42.576,"",,,custom
toronto,,,,en_CA,"iPhone14,5",ios,18.5,CA,6.272.10001,2025-09-12 23:32:42.585,"",,,custom
toronto,,,,en_CA,"iPhone14,5",ios,18.5,CA,6.272.10001,2025-09-12 23:32:42.604,"",,,custom
toronto,,,,en_CA,"iPhone14,5",ios,18.5,CA,6.272.10001,2025-09-12 23:32:42.584,"",,,custom
toronto,,,,en_CA,"iPhone14,5",ios,18.5,CA,6.272.10001,2025-09-12 23:32:42.692,"",,,custom
toronto,,,,en_CA,"iPhone14,5",ios,18.5,CA,6.272.10001,2025-09-12 23:32:42.688,"",,,custom
toronto,,,,en_CA,"iPhone14,5",ios,18.5,CA,6.272.10001,2025-09-12 23:32:42.615,"",,,custom
toronto,,,,en_CA,"iPhone14,5",ios,18.5,CA,6.272.10001,2025-09-12 23:32:42.915,"",,,custom
toronto,,,,en_CA,"iPhone14,5",ios,18.5,CA,6.272.10001,2025-09-12 23:32:42.944,"",,,custom
toronto,,,,en_CA,"iPhone14,5",ios,18.5,CA,6.272.10001,2025-09-12 23:32:42.915,"",,,custom
toronto,,,,en_CA,"iPhone14,5",ios,18.5,CA,6.272.10001,2025-09-12 23:32:42.944,"",,,custom
toronto,,,,en_CA,"iPhone14,5",ios,18.5,CA,6.272.10001,2025-09-12 23:32:42.948,"",,,custom
toronto,,,,en_CA,"iPhone14,5",ios,18.5,CA,6.272.10001,2025-09-12 23:32:41.477,"",,,custom
toronto,,,,en_CA,"iPhone14,5",ios,18.5,CA,6.272.10001,2025-09-12 23:32:45.848,"",,,impression
toronto,,,,en_CA,"iPhone14,5",ios,18.5,CA,6.272.10001,2025-09-12 23:32:44.081,"",,,custom
toronto,,,,en_CA,"iPhone14,5",ios,18.5,CA,6.272.10001,2025-09-12 23:32:41.484,"",,,custom
toronto,,,,en_CA,"iPhone14,5",ios,18.5,CA,6.272.10001,2025-09-12 23:32:41.478,"",,,custom
toronto,,,,en_CA,"iPhone14,5",ios,18.5,CA,6.272.10001,2025-09-12 23:32:41.483,"",,,custom
toronto,,,,en_CA,"iPhone14,5",ios,18.5,CA,6.272.10001,2025-09-12 23:32:41.484,"",,,custom
toronto,,,,en_CA,"iPhone14,5",ios,18.5,CA,6.272.10001,2025-09-12 23:32:41.484,"",,,custom
toronto,,,,en_CA,"iPhone14,5",ios,18.5,CA,6.272.10001,2025-09-12 23:32:41.484,"",,,custom
toronto,,,,en_CA,"iPhone14,5",ios,18.5,CA,6.272.10001,2025-09-12 23:32:41.485,"",,,custom
toronto,,,,en_CA,"iPhone14,5",ios,18.5,CA,6.272.10001,2025-09-12 23:32:41.485,"",,,custom
toronto,,,,en_CA,"iPhone14,5",ios,18.5,CA,6.272.10001,2025-09-12 23:32:42.131,"",,,impression
toronto,,,,en_CA,"iPhone14,5",ios,18.5,CA,6.272.10001,2025-09-12 23:32:42.204,"",,,custom
toronto,,,,en_CA,"iPhone14,5",ios,18.5,CA,6.272.10001,2025-09-12 23:32:42.394,"",,,custom
toronto,,,,en_CA,"iPhone14,5",ios,18.5,CA,6.272.10001,2025-09-12 23:32:42.394,"",,,custom
toronto,,,,en_CA,"iPhone14,5",ios,18.5,CA,6.272.10001,2025-09-12 23:32:42.706,"",,,impression
toronto,,,,en_CA,"iPhone14,5",ios,18.5,CA,6.272.10001,2025-09-12 23:32:42.889,"",,,impression
toronto,,,,en_CA,"iPhone14,5",ios,18.5,CA,6.272.10001,2025-09-12 23:32:45.207,"",,,custom
toronto,,,,en_CA,"iPhone14,5",ios,18.5,CA,6.272.10001,2025-09-12 23:32:42.890,"",,,impression
toronto,,,,en_CA,"iPhone14,5",ios,18.5,CA,6.272.10001,2025-09-12 23:32:45.208,"",,,custom
toronto,,,,en_CA,"iPhone14,5",ios,18.5,CA,6.272.10001,2025-09-12 23:32:45.848,"",,,impression
toronto,,,,en_CA,"iPhone14,5",ios,18.5,CA,6.272.10001,2025-09-12 23:32:45.849,"",,,custom
toronto,,,,en_CA,"iPhone14,5",ios,18.5,CA,6.272.10001,2025-08-24 18:48:54.788,"",,,custom
toronto,,,,en_CA,"iPhone14,5",ios,18.5,CA,6.272.10001,2025-08-24 18:48:54.813,"",,,custom
toronto,,,,en_CA,"iPhone14,5",ios,18.5,CA,6.272.10001,2025-08-24 18:48:54.798,"",,,custom
toronto,,,,en_CA,"iPhone14,5",ios,18.5,CA,6.272.10001,2025-08-24 18:48:54.797,"",,,custom
toronto,,,,en_CA,"iPhone14,5",ios,18.5,CA,6.272.10001,2025-08-24 18:48:54.798,"",,,custom
toronto,,,,en_CA,"iPhone14,5",ios,18.5,CA,6.272.10001,2025-08-24 18:48:54.813,"",,,custom
toronto,,,,en_CA,"iPhone14,5",ios,18.5,CA,6.272.10001,2025-08-24 18:48:55.116,"",,,custom
toronto,,,,en_CA,"iPhone14,5",ios,18.5,CA,6.272.10001,2025-08-24 18:48:55.272,"",,,impression
toronto,,,,en_CA,"iPhone14,5",ios,18.5,CA,6.272.10001,2025-08-24 18:48:53.089,"",,,custom
toronto,,,,en_CA,"iPhone14,5",ios,18.5,CA,6.272.10001,2025-08-24 18:48:53.090,"",,,custom
toronto,,,,en_CA,"iPhone14,5",ios,18.5,CA,6.272.10001,2025-08-24 18:48:53.090,"",,,custom
toronto,,,,en_CA,"iPhone14,5",ios,18.5,CA,6.272.10001,2025-08-24 18:48:53.090,"",,,custom
toronto,,,,en_CA,"iPhone14,5",ios,18.5,CA,6.272.10001,2025-08-24 18:48:53.090,"",,,custom
toronto,,,,en_CA,"iPhone14,5",ios,18.5,CA,6.272.10001,2025-08-24 18:48:53.092,"",,,lifecycle
toronto,,,,en_CA,"iPhone14,5",ios,18.5,CA,6.272.10001,2025-08-17 03:36:14.152,2025-08-17 03:32:32.650,43.93829,-78.70581,lifecycle
toronto,,,,en_CA,"iPhone14,5",ios,18.5,CA,6.272.10001,2025-08-20 00:29:00.515,"",,,lifecycle
toronto,,,,en_CA,"iPhone14,5",ios,18.5,CA,6.272.10001,2025-08-17 03:36:14.821,2025-08-17 03:32:32.650,43.93829,-78.70581,custom
toronto,,,,en_CA,"iPhone14,5",ios,18.5,CA,6.272.10001,2025-08-20 00:29:00.527,"",,,custom
toronto,,,,en_CA,"iPhone14,5",ios,18.5,CA,6.272.10001,2025-08-20 00:29:00.527,"",,,custom
toronto,,,,en_CA,"iPhone14,5",ios,18.5,CA,6.272.10001,2025-08-20 00:29:00.539,"",,,custom
toronto,,,,en_CA,"iPhone14,5",ios,18.5,CA,6.272.10001,2025-08-20 00:29:00.539,"",,,custom
toronto,,,,en_CA,"iPhone14,5",ios,18.5,CA,6.272.10001,2025-08-20 00:29:00.562,"",,,custom
toronto,,,,en_CA,"iPhone14,5",ios,18.5,CA,6.272.10001,2025-08-20 00:29:00.547,"",,,custom
toronto,,,,en_CA,"iPhone14,5",ios,18.5,CA,6.272.10001,2025-08-20 00:29:01.284,"",,,impression
toronto,,,,en_CA,"iPhone14,5",ios,18.5,CA,6.272.10001,2025-08-20 00:29:01.225,"",,,impression
toronto,,,,en_CA,"iPhone14,5",ios,18.5,CA,6.272.10001,2025-08-20 00:29:01.945,"",,,custom
toronto,,,,en_CA,"iPhone14,5",ios,18.5,CA,6.272.10001,2025-08-20 00:29:01.337,"",,,impression
toronto,,,,en_CA,"iPhone14,5",ios,18.5,CA,6.272.10001,2025-08-20 00:29:01.351,"",,,custom
toronto,,,,en_CA,"iPhone14,5",ios,18.5,CA,6.272.10001,2025-08-20 00:29:01.950,"",,,custom
toronto,,,,en_CA,"iPhone14,5",ios,18.5,CA,6.272.10001,2025-08-20 00:29:02.171,"",,,custom
toronto,,,,en_CA,"iPhone14,5",ios,18.5,CA,6.272.10001,2025-08-20 00:29:02.054,"",,,impression
toronto,,,,en_CA,"iPhone14,5",ios,18.5,CA,6.272.10001,2025-08-20 00:29:03.303,"",,,custom
toronto,,,,en_CA,"iPhone14,5",ios,18.5,CA,6.272.10001,2025-08-20 00:29:02.759,"",,,impression
toronto,,,,en_CA,"iPhone14,5",ios,18.5,CA,6.272.10001,2025-08-20 00:29:03.529,"",,,custom
toronto,,,,en_CA,"iPhone14,5",ios,18.5,CA,6.272.10001,2025-08-20 00:29:03.324,"",,,custom
toronto,,,,en_CA,"iPhone14,5",ios,18.5,CA,6.272.10001,2025-08-17 03:36:14.141,2025-08-17 03:32:32.650,43.93829,-78.70581,custom
toronto,,,,en_CA,"iPhone14,5",ios,18.5,CA,6.272.10001,2025-08-17 03:36:14.151,2025-08-17 03:32:32.650,43.93829,-78.70581,custom
toronto,,,,en_CA,"iPhone14,5",ios,18.5,CA,6.272.10001,2025-08-17 03:36:14.151,2025-08-17 03:32:32.650,43.93829,-78.70581,custom
toronto,,,,en_CA,"iPhone14,5",ios,18.5,CA,6.272.10001,2025-08-17 03:36:14.151,2025-08-17 03:32:32.650,43.93829,-78.70581,custom
toronto,,,,en_CA,"iPhone14,5",ios,18.5,CA,6.272.10001,2025-08-17 03:36:14.157,2025-08-17 03:32:32.650,43.93829,-78.70581,impression
toronto,,,,en_CA,"iPhone14,5",ios,18.5,CA,6.272.10001,2025-08-17 03:36:14.247,2025-08-17 03:32:32.650,43.93829,-78.70581,custom
toronto,,,,en_CA,"iPhone14,5",ios,18.5,CA,6.272.10001,2025-08-17 03:36:14.159,2025-08-17 03:32:32.650,43.93829,-78.70581,tap
toronto,,,,en_CA,"iPhone14,5",ios,18.5,CA,6.272.10001,2025-08-17 03:36:14.249,2025-08-17 03:32:32.650,43.93829,-78.70581,custom
toronto,,,,en_CA,"iPhone14,5",ios,18.5,CA,6.272.10001,2025-08-17 03:36:14.247,2025-08-17 03:32:32.650,43.93829,-78.70581,custom
toronto,,,,en_CA,"iPhone14,5",ios,18.5,CA,6.272.10001,2025-08-17 03:36:14.862,2025-08-17 03:32:32.650,43.93829,-78.70581,custom
toronto,,,,en_CA,"iPhone14,5",ios,18.5,CA,6.272.10001,2025-08-17 03:36:14.861,2025-08-17 03:32:32.650,43.93829,-78.70581,custom
toronto,,,,en_CA,"iPhone14,5",ios,18.5,CA,6.272.10001,2025-08-17 03:36:14.821,2025-08-17 03:32:32.650,43.93829,-78.70581,custom
toronto,,,,en_CA,"iPhone14,5",ios,18.5,CA,6.272.10001,2025-08-20 00:29:00.513,"",,,custom
toronto,,,,en_CA,"iPhone14,5",ios,18.5,CA,6.272.10001,2025-08-20 00:29:00.513,"",,,custom
toronto,,,,en_CA,"iPhone14,5",ios,18.5,CA,6.272.10001,2025-08-20 00:29:00.513,"",,,custom
toronto,,,,en_CA,"iPhone14,5",ios,18.5,CA,6.272.10001,2025-08-20 00:29:00.525,"",,,custom
toronto,,,,en_CA,"iPhone14,5",ios,18.5,CA,6.272.10001,2025-08-20 00:29:00.526,"",,,custom
toronto,,,,en_CA,"iPhone14,5",ios,18.5,CA,6.272.10001,2025-08-20 00:29:00.526,"",,,custom
toronto,,,,en_CA,"iPhone14,5",ios,18.5,CA,6.272.10001,2025-08-20 00:29:00.527,"",,,custom
toronto,,,,en_CA,"iPhone14,5",ios,18.5,CA,6.272.10001,2025-08-20 00:29:00.528,"",,,impression
toronto,,,,en_CA,"iPhone14,5",ios,18.5,CA,6.272.10001,2025-08-20 00:29:00.534,"",,,custom
toronto,,,,en_CA,"iPhone14,5",ios,18.5,CA,6.272.10001,2025-08-20 00:29:00.534,"",,,custom
toronto,,,,en_CA,"iPhone14,5",ios,18.5,CA,6.272.10001,2025-08-20 00:29:00.528,"",,,tap
toronto,,,,en_CA,"iPhone14,5",ios,18.5,CA,6.272.10001,2025-08-20 00:29:00.535,"",,,custom
toronto,,,,en_CA,"iPhone14,5",ios,18.5,CA,6.272.10001,2025-08-20 00:29:00.535,"",,,custom
toronto,,,,en_CA,"iPhone14,5",ios,18.5,CA,6.272.10001,2025-08-20 00:29:00.535,"",,,custom
toronto,,,,en_CA,"iPhone14,5",ios,18.5,CA,6.272.10001,2025-08-20 00:29:00.536,"",,,custom
toronto,,,,en_CA,"iPhone14,5",ios,18.5,CA,6.272.10001,2025-08-20 00:29:00.536,"",,,custom
toronto,,,,en_CA,"iPhone14,5",ios,18.5,CA,6.272.10001,2025-08-20 00:29:00.536,"",,,custom
toronto,,,,en_CA,"iPhone14,5",ios,18.5,CA,6.272.10001,2025-08-20 00:29:00.537,"",,,custom
toronto,,,,en_CA,"iPhone14,5",ios,18.5,CA,6.272.10001,2025-08-20 00:29:00.537,"",,,custom
toronto,,,,en_CA,"iPhone14,5",ios,18.5,CA,6.272.10001,2025-08-20 00:29:00.538,"",,,custom
toronto,,,,en_CA,"iPhone14,5",ios,18.5,CA,6.272.10001,2025-08-20 00:29:00.540,"",,,custom
toronto,,,,en_CA,"iPhone14,5",ios,18.5,CA,6.272.10001,2025-08-20 00:29:00.559,"",,,custom
toronto,,,,en_CA,"iPhone14,5",ios,18.5,CA,6.272.10001,2025-08-20 00:29:00.538,"",,,custom
toronto,,,,en_CA,"iPhone14,5",ios,18.5,CA,6.272.10001,2025-08-20 00:29:00.951,"",,,impression
toronto,,,,en_CA,"iPhone14,5",ios,18.5,CA,6.272.10001,2025-08-20 00:29:00.952,"",,,impression
toronto,,,,en_CA,"iPhone14,5",ios,18.5,CA,6.272.10001,2025-08-20 00:29:00.952,"",,,impression
toronto,,,,en_CA,"iPhone14,5",ios,18.5,CA,6.272.10001,2025-08-20 00:29:00.952,"",,,impression
toronto,,,,en_CA,"iPhone14,5",ios,18.5,CA,6.272.10001,2025-08-20 00:29:00.952,"",,,impression
toronto,,,,en_CA,"iPhone14,5",ios,18.5,CA,6.272.10001,2025-08-20 00:29:01.705,"",,,custom
toronto,,,,en_CA,"iPhone14,5",ios,18.5,CA,6.272.10001,2025-08-20 00:29:01.705,"",,,custom
toronto,,,,en_CA,"iPhone14,5",ios,18.5,CA,6.272.10001,2025-08-20 00:29:01.204,"",,,impression
toronto,,,,en_CA,"iPhone14,5",ios,18.5,CA,6.272.10001,2025-08-20 00:29:01.217,"",,,custom
toronto,,,,en_CA,"iPhone14,5",ios,18.5,CA,6.272.10001,2025-08-20 00:29:02.039,"",,,custom
toronto,,,,en_CA,"iPhone14,5",ios,18.5,CA,6.272.10001,2025-08-20 00:29:01.953,"",,,custom
toronto,,,,en_CA,"iPhone14,5",ios,18.5,CA,6.272.10001,2025-08-20 00:29:02.043,"",,,custom
toronto,,,,en_CA,"iPhone14,5",ios,18.5,CA,6.272.10001,2025-08-20 00:29:02.069,"",,,custom
toronto,,,,en_CA,"iPhone14,5",ios,18.5,CA,6.272.10001,2025-08-20 00:29:02.104,"",,,custom
toronto,,,,en_CA,"iPhone14,5",ios,18.5,CA,6.272.10001,2025-08-20 00:29:02.079,"",,,custom
toronto,,,,en_CA,"iPhone14,5",ios,18.5,CA,6.272.10001,2025-08-20 00:29:02.168,"",,,custom
toronto,,,,en_CA,"iPhone14,5",ios,18.5,CA,6.272.10001,2025-08-20 00:29:02.173,"",,,custom
toronto,,,,en_CA,"iPhone14,5",ios,18.5,CA,6.272.10001,2025-08-20 00:29:02.162,"",,,custom
toronto,,,,en_CA,"iPhone14,5",ios,18.5,CA,6.272.10001,2025-08-20 00:29:02.383,"",,,custom
toronto,,,,en_CA,"iPhone14,5",ios,18.5,CA,6.272.10001,2025-08-20 00:29:02.384,"",,,custom
toronto,,,,en_CA,"iPhone14,5",ios,18.5,CA,6.272.10001,2025-08-20 00:29:02.618,"",,,custom
toronto,,,,en_CA,"iPhone14,5",ios,18.5,CA,6.272.10001,2025-08-20 00:29:02.623,"",,,custom
toronto,,,,en_CA,"iPhone14,5",ios,18.5,CA,6.272.10001,2025-08-20 00:29:02.621,"",,,custom
toronto,,,,en_CA,"iPhone14,5",ios,18.5,CA,6.272.10001,2025-08-20 00:29:02.633,"",,,custom
toronto,,,,en_CA,"iPhone14,5",ios,18.5,CA,6.272.10001,2025-08-20 00:29:02.623,"",,,custom
toronto,,,,en_CA,"iPhone14,5",ios,18.5,CA,6.272.10001,2025-08-20 00:29:02.623,"",,,custom
toronto,,,,en_CA,"iPhone14,5",ios,18.5,CA,6.272.10001,2025-08-20 00:29:02.812,"",,,custom
toronto,,,,en_CA,"iPhone14,5",ios,18.5,CA,6.272.10001,2025-08-20 00:29:02.813,"",,,custom
toronto,,,,en_CA,"iPhone14,5",ios,18.5,CA,6.272.10001,2025-08-20 00:29:02.807,"",,,custom
toronto,,,,en_CA,"iPhone14,5",ios,18.5,CA,6.272.10001,2025-08-20 00:29:02.857,"",,,custom
toronto,,,,en_CA,"iPhone14,5",ios,18.5,CA,6.272.10001,2025-08-20 00:29:02.858,"",,,custom
toronto,,,,en_CA,"iPhone14,5",ios,18.5,CA,6.272.10001,2025-08-20 00:29:02.817,"",,,custom
toronto,,,,en_CA,"iPhone14,5",ios,18.5,CA,6.272.10001,2025-08-20 00:29:02.887,"",,,custom
toronto,,,,en_CA,"iPhone14,5",ios,18.5,CA,6.272.10001,2025-08-20 00:29:03.136,"",,,custom
toronto,,,,en_CA,"iPhone14,5",ios,18.5,CA,6.272.10001,2025-08-20 00:29:02.921,"",,,custom
toronto,,,,en_CA,"iPhone14,5",ios,18.5,CA,6.272.10001,2025-08-20 00:29:03.116,"",,,custom
toronto,,,,en_CA,"iPhone14,5",ios,18.5,CA,6.272.10001,2025-08-20 00:29:03.326,"",,,custom
toronto,,,,en_CA,"iPhone14,5",ios,18.5,CA,6.272.10001,2025-08-20 00:29:03.318,"",,,custom
toronto,,,,en_CA,"iPhone14,5",ios,18.5,CA,6.272.10001,2025-08-20 00:29:03.324,"",,,custom
toronto,,,,en_CA,"iPhone14,5",ios,18.5,CA,6.272.10001,2025-08-17 03:36:14.869,2025-08-17 03:32:32.650,43.93829,-78.70581,impression
toronto,,,,en_CA,"iPhone14,5",ios,18.5,CA,6.272.10001,2025-08-20 00:29:00.512,"",,,impression
toronto,,,,en_CA,"iPhone14,5",ios,18.5,CA,6.272.10001,2025-08-20 00:29:00.514,"",,,custom
toronto,,,,en_CA,"iPhone14,5",ios,18.5,CA,6.272.10001,2025-08-20 00:29:00.516,"",,,custom
toronto,,,,en_CA,"iPhone14,5",ios,18.5,CA,6.272.10001,2025-08-20 00:29:00.514,"",,,custom
toronto,,,,en_CA,"iPhone14,5",ios,18.5,CA,6.272.10001,2025-08-20 00:29:00.516,"",,,custom
toronto,,,,en_CA,"iPhone14,5",ios,18.5,CA,6.272.10001,2025-08-20 00:29:00.514,"",,,custom
toronto,,,,en_CA,"iPhone14,5",ios,18.5,CA,6.272.10001,2025-08-20 00:29:00.516,"",,,custom
toronto,,,,en_CA,"iPhone14,5",ios,18.5,CA,6.272.10001,2025-08-20 00:29:00.516,"",,,custom
toronto,,,,en_CA,"iPhone14,5",ios,18.5,CA,6.272.10001,2025-08-20 00:29:00.516,"",,,custom
toronto,,,,en_CA,"iPhone14,5",ios,18.5,CA,6.272.10001,2025-08-20 00:29:00.516,"",,,custom
toronto,,,,en_CA,"iPhone14,5",ios,18.5,CA,6.272.10001,2025-08-20 00:29:00.516,"",,,custom
toronto,,,,en_CA,"iPhone14,5",ios,18.5,CA,6.272.10001,2025-08-20 00:29:00.535,"",,,custom
toronto,,,,en_CA,"iPhone14,5",ios,18.5,CA,6.272.10001,2025-08-20 00:29:00.527,"",,,custom
toronto,,,,en_CA,"iPhone14,5",ios,18.5,CA,6.272.10001,2025-08-20 00:29:00.538,"",,,custom
toronto,,,,en_CA,"iPhone14,5",ios,18.5,CA,6.272.10001,2025-08-20 00:29:00.540,"",,,impression
toronto,,,,en_CA,"iPhone14,5",ios,18.5,CA,6.272.10001,2025-08-20 00:29:00.965,"",,,tap
toronto,,,,en_CA,"iPhone14,5",ios,18.5,CA,6.272.10001,2025-08-20 00:29:00.965,"",,,impression
toronto,,,,en_CA,"iPhone14,5",ios,18.5,CA,6.272.10001,2025-08-20 00:29:01.051,"",,,custom
toronto,,,,en_CA,"iPhone14,5",ios,18.5,CA,6.272.10001,2025-08-20 00:29:01.416,"",,,custom
toronto,,,,en_CA,"iPhone14,5",ios,18.5,CA,6.272.10001,2025-08-20 00:29:01.718,"",,,custom
toronto,,,,en_CA,"iPhone14,5",ios,18.5,CA,6.272.10001,2025-08-20 00:29:01.705,"",,,custom
toronto,,,,en_CA,"iPhone14,5",ios,18.5,CA,6.272.10001,2025-08-20 00:29:01.705,"",,,custom
toronto,,,,en_CA,"iPhone14,5",ios,18.5,CA,6.272.10001,2025-08-20 00:29:02.032,"",,,custom
toronto,,,,en_CA,"iPhone14,5",ios,18.5,CA,6.272.10001,2025-08-20 00:29:02.036,"",,,custom
toronto,,,,en_CA,"iPhone14,5",ios,18.5,CA,6.272.10001,2025-08-20 00:29:02.035,"",,,custom
toronto,,,,en_CA,"iPhone14,5",ios,18.5,CA,6.272.10001,2025-08-20 00:29:02.035,"",,,custom
toronto,,,,en_CA,"iPhone14,5",ios,18.5,CA,6.272.10001,2025-08-20 00:29:02.036,"",,,custom
toronto,,,,en_CA,"iPhone14,5",ios,18.5,CA,6.272.10001,2025-08-20 00:29:02.039,"",,,custom
toronto,,,,en_CA,"iPhone14,5",ios,18.5,CA,6.272.10001,2025-08-20 00:29:02.039,"",,,custom
toronto,,,,en_CA,"iPhone14,5",ios,18.5,CA,6.272.10001,2025-08-20 00:29:02.087,"",,,custom
toronto,,,,en_CA,"iPhone14,5",ios,18.5,CA,6.272.10001,2025-08-20 00:29:02.088,"",,,custom
toronto,,,,en_CA,"iPhone14,5",ios,18.5,CA,6.272.10001,2025-08-20 00:29:02.088,"",,,custom
toronto,,,,en_CA,"iPhone14,5",ios,18.5,CA,6.272.10001,2025-08-20 00:29:02.103,"",,,custom
toronto,,,,en_CA,"iPhone14,5",ios,18.5,CA,6.272.10001,2025-08-20 00:29:02.104,"",,,custom
toronto,,,,en_CA,"iPhone14,5",ios,18.5,CA,6.272.10001,2025-08-20 00:29:02.104,"",,,custom
toronto,,,,en_CA,"iPhone14,5",ios,18.5,CA,6.272.10001,2025-08-20 00:29:02.110,"",,,custom
toronto,,,,en_CA,"iPhone14,5",ios,18.5,CA,6.272.10001,2025-08-20 00:29:02.107,"",,,custom
toronto,,,,en_CA,"iPhone14,5",ios,18.5,CA,6.272.10001,2025-08-20 00:29:02.110,"",,,custom
toronto,,,,en_CA,"iPhone14,5",ios,18.5,CA,6.272.10001,2025-08-20 00:29:02.107,"",,,custom
toronto,,,,en_CA,"iPhone14,5",ios,18.5,CA,6.272.10001,2025-08-20 00:29:02.504,"",,,impression
toronto,,,,en_CA,"iPhone14,5",ios,18.5,CA,6.272.10001,2025-08-20 00:29:02.633,"",,,custom
toronto,,,,en_CA,"iPhone14,5",ios,18.5,CA,6.272.10001,2025-08-20 00:29:02.645,"",,,custom
toronto,,,,en_CA,"iPhone14,5",ios,18.5,CA,6.272.10001,2025-08-20 00:29:02.645,"",,,custom
toronto,,,,en_CA,"iPhone14,5",ios,18.5,CA,6.272.10001,2025-08-20 00:29:03.314,"",,,impression
toronto,,,,en_CA,"iPhone14,5",ios,18.5,CA,6.272.10001,2025-08-20 00:29:03.135,"",,,impression
toronto,,,,en_CA,"iPhone14,5",ios,18.5,CA,6.272.10001,2025-08-20 00:29:03.142,"",,,impression
toronto,,,,en_CA,"iPhone14,5",ios,18.5,CA,6.272.10001,2025-08-20 00:29:03.315,"",,,impression
toronto,,,,en_CA,"iPhone14,5",ios,18.5,CA,6.272.10001,2025-08-20 00:29:03.324,"",,,impression
toronto,,,,en_CA,"iPhone14,5",ios,18.5,CA,6.272.10001,2025-08-20 00:29:00.469,"",,,custom
toronto,,,,en_CA,"iPhone14,5",ios,18.5,CA,6.272.10001,2025-08-20 00:29:00.469,"",,,custom
toronto,,,,en_CA,"iPhone14,5",ios,18.5,CA,6.272.10001,2025-08-20 00:29:00.469,"",,,custom
toronto,,,,en_CA,"iPhone14,5",ios,18.5,CA,6.272.10001,2025-08-20 00:29:00.470,"",,,custom
toronto,,,,en_CA,"iPhone14,5",ios,18.5,CA,6.272.10001,2025-08-20 00:29:00.470,"",,,custom
toronto,,,,en_CA,"iPhone14,5",ios,18.5,CA,6.272.10001,2025-08-20 00:29:00.472,"",,,lifecycle
toronto,,,,en_CA,"iPhone14,5",ios,18.5,CA,6.272.10001,2025-09-07 18:17:41.345,2025-09-07 18:17:40.282,43.93835,-78.70572,lifecycle
toronto,,,,en_CA,"iPhone14,5",ios,18.5,CA,6.272.10001,2025-09-07 18:17:41.348,2025-09-07 18:17:40.282,43.93835,-78.70572,custom
toronto,,,,en_CA,"iPhone14,5",ios,18.5,CA,6.272.10001,2025-09-07 18:17:41.383,2025-09-07 18:17:40.282,43.93835,-78.70572,custom
toronto,,,,en_CA,"iPhone14,5",ios,18.5,CA,6.272.10001,2025-09-07 18:17:41.383,2025-09-07 18:17:40.282,43.93835,-78.70572,custom
toronto,,,,en_CA,"iPhone14,5",ios,18.5,CA,6.272.10001,2025-09-07 18:17:41.385,2025-09-07 18:17:40.282,43.93835,-78.70572,impression
toronto,,,,en_CA,"iPhone14,5",ios,18.5,CA,6.272.10001,2025-09-07 18:17:41.385,2025-09-07 18:17:40.282,43.93835,-78.70572,impression
toronto,,,,en_CA,"iPhone14,5",ios,18.5,CA,6.272.10001,2025-09-07 18:17:41.386,2025-09-07 18:17:40.282,43.93835,-78.70572,impression
toronto,,,,en_CA,"iPhone14,5",ios,18.5,CA,6.272.10001,2025-09-07 18:17:41.387,2025-09-07 18:17:40.282,43.93835,-78.70572,custom
toronto,,,,en_CA,"iPhone14,5",ios,18.5,CA,6.272.10001,2025-09-07 18:17:41.386,2025-09-07 18:17:40.282,43.93835,-78.70572,custom
toronto,,,,en_CA,"iPhone14,5",ios,18.5,CA,6.272.10001,2025-09-07 18:17:41.387,2025-09-07 18:17:40.282,43.93835,-78.70572,custom
toronto,,,,en_CA,"iPhone14,5",ios,18.5,CA,6.272.10001,2025-09-07 18:17:41.388,2025-09-07 18:17:40.282,43.93835,-78.70572,custom
toronto,,,,en_CA,"iPhone14,5",ios,18.5,CA,6.272.10001,2025-09-07 18:17:41.388,2025-09-07 18:17:40.282,43.93835,-78.70572,custom
toronto,,,,en_CA,"iPhone14,5",ios,18.5,CA,6.272.10001,2025-09-07 18:17:41.389,2025-09-07 18:17:40.282,43.93835,-78.70572,impression
toronto,,,,en_CA,"iPhone14,5",ios,18.5,CA,6.272.10001,2025-09-07 18:17:41.520,2025-09-07 18:17:40.282,43.93835,-78.70572,impression
toronto,,,,en_CA,"iPhone14,5",ios,18.5,CA,6.272.10001,2025-09-07 18:17:41.701,2025-09-07 18:17:40.282,43.93835,-78.70572,impression
toronto,,,,en_CA,"iPhone14,5",ios,18.5,CA,6.272.10001,2025-09-07 18:17:41.642,2025-09-07 18:17:40.282,43.93835,-78.70572,custom
toronto,,,,en_CA,"iPhone14,5",ios,18.5,CA,6.272.10001,2025-09-07 18:17:41.578,2025-09-07 18:17:40.282,43.93835,-78.70572,custom
toronto,,,,en_CA,"iPhone14,5",ios,18.5,CA,6.272.10001,2025-09-07 18:17:42.765,2025-09-07 18:17:42.069,43.93839,-78.70569,impression
toronto,,,,en_CA,"iPhone14,5",ios,18.5,CA,6.272.10001,2025-09-07 18:17:41.701,2025-09-07 18:17:40.282,43.93835,-78.70572,impression
toronto,,,,en_CA,"iPhone14,5",ios,18.5,CA,6.272.10001,2025-09-07 18:17:43.058,2025-09-07 18:17:42.069,43.93839,-78.70569,custom
toronto,,,,en_CA,"iPhone14,5",ios,18.5,CA,6.272.10001,2025-09-07 18:17:42.784,2025-09-07 18:17:42.069,43.93839,-78.70569,custom
toronto,,,,en_CA,"iPhone14,5",ios,18.5,CA,6.272.10001,2025-09-07 18:17:43.216,2025-09-07 18:17:42.069,43.93839,-78.70569,custom
toronto,,,,en_CA,"iPhone14,5",ios,18.5,CA,6.272.10001,2025-09-07 18:17:43.474,2025-09-07 18:17:43.217,43.93841,-78.70573,custom
toronto,,,,en_CA,"iPhone14,5",ios,18.5,CA,6.272.10001,2025-08-29 10:18:01.742,"",,,impression
toronto,,,,en_CA,"iPhone14,5",ios,18.5,CA,6.272.10001,2025-08-29 10:18:01.742,"",,,tap
toronto,,,,en_CA,"iPhone14,5",ios,18.5,CA,6.272.10001,2025-08-29 10:18:01.892,"",,,custom
toronto,,,,en_CA,"iPhone14,5",ios,18.5,CA,6.272.10001,2025-09-07 18:17:41.344,2025-09-07 18:17:40.282,43.93835,-78.70572,custom
toronto,,,,en_CA,"iPhone14,5",ios,18.5,CA,6.272.10001,2025-09-07 18:17:41.344,2025-09-07 18:17:40.282,43.93835,-78.70572,custom
toronto,,,,en_CA,"iPhone14,5",ios,18.5,CA,6.272.10001,2025-09-07 18:17:41.344,2025-09-07 18:17:40.282,43.93835,-78.70572,custom
toronto,,,,en_CA,"iPhone14,5",ios,18.5,CA,6.272.10001,2025-09-07 18:17:41.346,2025-09-07 18:17:40.282,43.93835,-78.70572,custom
toronto,,,,en_CA,"iPhone14,5",ios,18.5,CA,6.272.10001,2025-09-07 18:17:41.347,2025-09-07 18:17:40.282,43.93835,-78.70572,custom
toronto,,,,en_CA,"iPhone14,5",ios,18.5,CA,6.272.10001,2025-09-07 18:17:41.347,2025-09-07 18:17:40.282,43.93835,-78.70572,custom
toronto,,,,en_CA,"iPhone14,5",ios,18.5,CA,6.272.10001,2025-09-07 18:17:41.347,2025-09-07 18:17:40.282,43.93835,-78.70572,custom
toronto,,,,en_CA,"iPhone14,5",ios,18.5,CA,6.272.10001,2025-09-07 18:17:41.347,2025-09-07 18:17:40.282,43.93835,-78.70572,custom
toronto,,,,en_CA,"iPhone14,5",ios,18.5,CA,6.272.10001,2025-09-07 18:17:41.378,2025-09-07 18:17:40.282,43.93835,-78.70572,custom
toronto,,,,en_CA,"iPhone14,5",ios,18.5,CA,6.272.10001,2025-09-07 18:17:41.379,2025-09-07 18:17:40.282,43.93835,-78.70572,custom
toronto,,,,en_CA,"iPhone14,5",ios,18.5,CA,6.272.10001,2025-09-07 18:17:41.379,2025-09-07 18:17:40.282,43.93835,-78.70572,custom
toronto,,,,en_CA,"iPhone14,5",ios,18.5,CA,6.272.10001,2025-09-07 18:17:41.379,2025-09-07 18:17:40.282,43.93835,-78.70572,custom
toronto,,,,en_CA,"iPhone14,5",ios,18.5,CA,6.272.10001,2025-09-07 18:17:41.380,2025-09-07 18:17:40.282,43.93835,-78.70572,custom
toronto,,,,en_CA,"iPhone14,5",ios,18.5,CA,6.272.10001,2025-09-07 18:17:41.379,2025-09-07 18:17:40.282,43.93835,-78.70572,custom
toronto,,,,en_CA,"iPhone14,5",ios,18.5,CA,6.272.10001,2025-09-07 18:17:41.380,2025-09-07 18:17:40.282,43.93835,-78.70572,custom
toronto,,,,en_CA,"iPhone14,5",ios,18.5,CA,6.272.10001,2025-09-07 18:17:41.380,2025-09-07 18:17:40.282,43.93835,-78.70572,custom
toronto,,,,en_CA,"iPhone14,5",ios,18.5,CA,6.272.10001,2025-09-07 18:17:41.380,2025-09-07 18:17:40.282,43.93835,-78.70572,custom
toronto,,,,en_CA,"iPhone14,5",ios,18.5,CA,6.272.10001,2025-09-07 18:17:41.380,2025-09-07 18:17:40.282,43.93835,-78.70572,custom
toronto,,,,en_CA,"iPhone14,5",ios,18.5,CA,6.272.10001,2025-09-07 18:17:41.380,2025-09-07 18:17:40.282,43.93835,-78.70572,custom
toronto,,,,en_CA,"iPhone14,5",ios,18.5,CA,6.272.10001,2025-09-07 18:17:41.381,2025-09-07 18:17:40.282,43.93835,-78.70572,custom
toronto,,,,en_CA,"iPhone14,5",ios,18.5,CA,6.272.10001,2025-09-07 18:17:41.381,2025-09-07 18:17:40.282,43.93835,-78.70572,custom
toronto,,,,en_CA,"iPhone14,5",ios,18.5,CA,6.272.10001,2025-09-07 18:17:41.382,2025-09-07 18:17:40.282,43.93835,-78.70572,custom
toronto,,,,en_CA,"iPhone14,5",ios,18.5,CA,6.272.10001,2025-09-07 18:17:41.383,2025-09-07 18:17:40.282,43.93835,-78.70572,custom
toronto,,,,en_CA,"iPhone14,5",ios,18.5,CA,6.272.10001,2025-09-07 18:17:41.382,2025-09-07 18:17:40.282,43.93835,-78.70572,custom
toronto,,,,en_CA,"iPhone14,5",ios,18.5,CA,6.272.10001,2025-09-07 18:17:41.382,2025-09-07 18:17:40.282,43.93835,-78.70572,custom
toronto,,,,en_CA,"iPhone14,5",ios,18.5,CA,6.272.10001,2025-09-07 18:17:41.383,2025-09-07 18:17:40.282,43.93835,-78.70572,impression
toronto,,,,en_CA,"iPhone14,5",ios,18.5,CA,6.272.10001,2025-09-07 18:17:41.384,2025-09-07 18:17:40.282,43.93835,-78.70572,impression
toronto,,,,en_CA,"iPhone14,5",ios,18.5,CA,6.272.10001,2025-09-07 18:17:41.385,2025-09-07 18:17:40.282,43.93835,-78.70572,impression
toronto,,,,en_CA,"iPhone14,5",ios,18.5,CA,6.272.10001,2025-09-07 18:17:41.384,2025-09-07 18:17:40.282,43.93835,-78.70572,impression
toronto,,,,en_CA,"iPhone14,5",ios,18.5,CA,6.272.10001,2025-09-07 18:17:41.384,2025-09-07 18:17:40.282,43.93835,-78.70572,impression
toronto,,,,en_CA,"iPhone14,5",ios,18.5,CA,6.272.10001,2025-09-07 18:17:41.384,2025-09-07 18:17:40.282,43.93835,-78.70572,impression
toronto,,,,en_CA,"iPhone14,5",ios,18.5,CA,6.272.10001,2025-09-07 18:17:41.386,2025-09-07 18:17:40.282,43.93835,-78.70572,custom
toronto,,,,en_CA,"iPhone14,5",ios,18.5,CA,6.272.10001,2025-09-07 18:17:41.386,2025-09-07 18:17:40.282,43.93835,-78.70572,custom
toronto,,,,en_CA,"iPhone14,5",ios,18.5,CA,6.272.10001,2025-09-07 18:17:41.389,2025-09-07 18:17:40.282,43.93835,-78.70572,custom
toronto,,,,en_CA,"iPhone14,5",ios,18.5,CA,6.272.10001,2025-09-07 18:17:41.389,2025-09-07 18:17:40.282,43.93835,-78.70572,custom
toronto,,,,en_CA,"iPhone14,5",ios,18.5,CA,6.272.10001,2025-09-07 18:17:41.390,2025-09-07 18:17:40.282,43.93835,-78.70572,custom
toronto,,,,en_CA,"iPhone14,5",ios,18.5,CA,6.272.10001,2025-09-07 18:17:41.390,2025-09-07 18:17:40.282,43.93835,-78.70572,custom
toronto,,,,en_CA,"iPhone14,5",ios,18.5,CA,6.272.10001,2025-09-07 18:17:41.390,2025-09-07 18:17:40.282,43.93835,-78.70572,custom
toronto,,,,en_CA,"iPhone14,5",ios,18.5,CA,6.272.10001,2025-09-07 18:17:41.395,2025-09-07 18:17:40.282,43.93835,-78.70572,custom
toronto,,,,en_CA,"iPhone14,5",ios,18.5,CA,6.272.10001,2025-09-07 18:17:41.579,2025-09-07 18:17:40.282,43.93835,-78.70572,custom
toronto,,,,en_CA,"iPhone14,5",ios,18.5,CA,6.272.10001,2025-09-07 18:17:41.581,2025-09-07 18:17:40.282,43.93835,-78.70572,custom
toronto,,,,en_CA,"iPhone14,5",ios,18.5,CA,6.272.10001,2025-09-07 18:17:41.578,2025-09-07 18:17:40.282,43.93835,-78.70572,custom
toronto,,,,en_CA,"iPhone14,5",ios,18.5,CA,6.272.10001,2025-09-07 18:17:41.706,2025-09-07 18:17:40.282,43.93835,-78.70572,custom
toronto,,,,en_CA,"iPhone14,5",ios,18.5,CA,6.272.10001,2025-09-07 18:17:42.104,2025-09-07 18:17:42.069,43.93839,-78.70569,custom
toronto,,,,en_CA,"iPhone14,5",ios,18.5,CA,6.272.10001,2025-09-07 18:17:41.706,2025-09-07 18:17:40.282,43.93835,-78.70572,custom
toronto,,,,en_CA,"iPhone14,5",ios,18.5,CA,6.272.10001,2025-09-07 18:17:42.157,2025-09-07 18:17:42.069,43.93839,-78.70569,custom
toronto,,,,en_CA,"iPhone14,5",ios,18.5,CA,6.272.10001,2025-09-07 18:17:42.326,2025-09-07 18:17:42.069,43.93839,-78.70569,custom
toronto,,,,en_CA,"iPhone14,5",ios,18.5,CA,6.272.10001,2025-09-07 18:17:42.330,2025-09-07 18:17:42.069,43.93839,-78.70569,custom
toronto,,,,en_CA,"iPhone14,5",ios,18.5,CA,6.272.10001,2025-09-07 18:17:42.329,2025-09-07 18:17:42.069,43.93839,-78.70569,custom
toronto,,,,en_CA,"iPhone14,5",ios,18.5,CA,6.272.10001,2025-09-07 18:17:42.544,2025-09-07 18:17:42.069,43.93839,-78.70569,custom
toronto,,,,en_CA,"iPhone14,5",ios,18.5,CA,6.272.10001,2025-09-07 18:17:42.330,2025-09-07 18:17:42.069,43.93839,-78.70569,custom
toronto,,,,en_CA,"iPhone14,5",ios,18.5,CA,6.272.10001,2025-09-07 18:17:42.395,2025-09-07 18:17:42.069,43.93839,-78.70569,custom
toronto,,,,en_CA,"iPhone14,5",ios,18.5,CA,6.272.10001,2025-09-07 18:17:42.568,2025-09-07 18:17:42.069,43.93839,-78.70569,custom
toronto,,,,en_CA,"iPhone14,5",ios,18.5,CA,6.272.10001,2025-09-07 18:17:42.566,2025-09-07 18:17:42.069,43.93839,-78.70569,custom
toronto,,,,en_CA,"iPhone14,5",ios,18.5,CA,6.272.10001,2025-09-07 18:17:42.550,2025-09-07 18:17:42.069,43.93839,-78.70569,custom
toronto,,,,en_CA,"iPhone14,5",ios,18.5,CA,6.272.10001,2025-09-07 18:17:42.595,2025-09-07 18:17:42.069,43.93839,-78.70569,custom
toronto,,,,en_CA,"iPhone14,5",ios,18.5,CA,6.272.10001,2025-09-07 18:17:42.702,2025-09-07 18:17:42.069,43.93839,-78.70569,custom
toronto,,,,en_CA,"iPhone14,5",ios,18.5,CA,6.272.10001,2025-09-07 18:17:42.703,2025-09-07 18:17:42.069,43.93839,-78.70569,custom
toronto,,,,en_CA,"iPhone14,5",ios,18.5,CA,6.272.10001,2025-09-07 18:17:42.751,2025-09-07 18:17:42.069,43.93839,-78.70569,custom
toronto,,,,en_CA,"iPhone14,5",ios,18.5,CA,6.272.10001,2025-09-07 18:17:42.720,2025-09-07 18:17:42.069,43.93839,-78.70569,custom
toronto,,,,en_CA,"iPhone14,5",ios,18.5,CA,6.272.10001,2025-09-07 18:17:42.751,2025-09-07 18:17:42.069,43.93839,-78.70569,custom
toronto,,,,en_CA,"iPhone14,5",ios,18.5,CA,6.272.10001,2025-09-07 18:17:42.776,2025-09-07 18:17:42.069,43.93839,-78.70569,custom
toronto,,,,en_CA,"iPhone14,5",ios,18.5,CA,6.272.10001,2025-09-07 18:17:42.781,2025-09-07 18:17:42.069,43.93839,-78.70569,custom
toronto,,,,en_CA,"iPhone14,5",ios,18.5,CA,6.272.10001,2025-09-07 18:17:42.781,2025-09-07 18:17:42.069,43.93839,-78.70569,custom
toronto,,,,en_CA,"iPhone14,5",ios,18.5,CA,6.272.10001,2025-09-07 18:17:42.784,2025-09-07 18:17:42.069,43.93839,-78.70569,custom
toronto,,,,en_CA,"iPhone14,5",ios,18.5,CA,6.272.10001,2025-09-07 18:17:42.782,2025-09-07 18:17:42.069,43.93839,-78.70569,custom
toronto,,,,en_CA,"iPhone14,5",ios,18.5,CA,6.272.10001,2025-09-07 18:17:42.786,2025-09-07 18:17:42.069,43.93839,-78.70569,custom
toronto,,,,en_CA,"iPhone14,5",ios,18.5,CA,6.272.10001,2025-09-07 18:17:42.808,2025-09-07 18:17:42.069,43.93839,-78.70569,custom
toronto,,,,en_CA,"iPhone14,5",ios,18.5,CA,6.272.10001,2025-09-07 18:17:42.832,2025-09-07 18:17:42.069,43.93839,-78.70569,custom
toronto,,,,en_CA,"iPhone14,5",ios,18.5,CA,6.272.10001,2025-09-07 18:17:42.833,2025-09-07 18:17:42.069,43.93839,-78.70569,custom
toronto,,,,en_CA,"iPhone14,5",ios,18.5,CA,6.272.10001,2025-09-07 18:17:42.956,2025-09-07 18:17:42.069,43.93839,-78.70569,custom
toronto,,,,en_CA,"iPhone14,5",ios,18.5,CA,6.272.10001,2025-09-07 18:17:42.956,2025-09-07 18:17:42.069,43.93839,-78.70569,custom
toronto,,,,en_CA,"iPhone14,5",ios,18.5,CA,6.272.10001,2025-09-07 18:17:42.956,2025-09-07 18:17:42.069,43.93839,-78.70569,custom
toronto,,,,en_CA,"iPhone14,5",ios,18.5,CA,6.272.10001,2025-09-07 18:17:43.472,2025-09-07 18:17:43.217,43.93841,-78.70573,custom
toronto,,,,en_CA,"iPhone14,5",ios,18.5,CA,6.272.10001,2025-09-07 18:17:42.957,2025-09-07 18:17:42.069,43.93839,-78.70569,custom
toronto,,,,en_CA,"iPhone14,5",ios,18.5,CA,6.272.10001,2025-09-07 18:17:43.473,2025-09-07 18:17:43.217,43.93841,-78.70573,custom
toronto,,,,en_CA,"iPhone14,5",ios,18.5,CA,6.272.10001,2025-09-07 18:17:43.475,2025-09-07 18:17:43.217,43.93841,-78.70573,custom
toronto,,,,en_CA,"iPhone14,5",ios,18.5,CA,6.272.10001,2025-09-07 18:17:41.343,2025-09-07 18:17:40.282,43.93835,-78.70572,impression
toronto,,,,en_CA,"iPhone14,5",ios,18.5,CA,6.272.10001,2025-09-07 18:17:41.345,2025-09-07 18:17:40.282,43.93835,-78.70572,custom
toronto,,,,en_CA,"iPhone14,5",ios,18.5,CA,6.272.10001,2025-09-07 18:17:41.345,2025-09-07 18:17:40.282,43.93835,-78.70572,custom
toronto,,,,en_CA,"iPhone14,5",ios,18.5,CA,6.272.10001,2025-09-07 18:17:41.345,2025-09-07 18:17:40.282,43.93835,-78.70572,custom
toronto,,,,en_CA,"iPhone14,5",ios,18.5,CA,6.272.10001,2025-09-07 18:17:41.346,2025-09-07 18:17:40.282,43.93835,-78.70572,custom
toronto,,,,en_CA,"iPhone14,5",ios,18.5,CA,6.272.10001,2025-09-07 18:17:41.346,2025-09-07 18:17:40.282,43.93835,-78.70572,custom
toronto,,,,en_CA,"iPhone14,5",ios,18.5,CA,6.272.10001,2025-09-07 18:17:41.346,2025-09-07 18:17:40.282,43.93835,-78.70572,custom
toronto,,,,en_CA,"iPhone14,5",ios,18.5,CA,6.272.10001,2025-09-07 18:17:41.346,2025-09-07 18:17:40.282,43.93835,-78.70572,custom
toronto,,,,en_CA,"iPhone14,5",ios,18.5,CA,6.272.10001,2025-09-07 18:17:41.346,2025-09-07 18:17:40.282,43.93835,-78.70572,custom
toronto,,,,en_CA,"iPhone14,5",ios,18.5,CA,6.272.10001,2025-09-07 18:17:41.347,2025-09-07 18:17:40.282,43.93835,-78.70572,custom
toronto,,,,en_CA,"iPhone14,5",ios,18.5,CA,6.272.10001,2025-09-07 18:17:41.347,2025-09-07 18:17:40.282,43.93835,-78.70572,custom
toronto,,,,en_CA,"iPhone14,5",ios,18.5,CA,6.272.10001,2025-09-07 18:17:41.348,2025-09-07 18:17:40.282,43.93835,-78.70572,custom
toronto,,,,en_CA,"iPhone14,5",ios,18.5,CA,6.272.10001,2025-09-07 18:17:41.379,2025-09-07 18:17:40.282,43.93835,-78.70572,custom
toronto,,,,en_CA,"iPhone14,5",ios,18.5,CA,6.272.10001,2025-09-07 18:17:41.381,2025-09-07 18:17:40.282,43.93835,-78.70572,custom
toronto,,,,en_CA,"iPhone14,5",ios,18.5,CA,6.272.10001,2025-09-07 18:17:41.382,2025-09-07 18:17:40.282,43.93835,-78.70572,custom
toronto,,,,en_CA,"iPhone14,5",ios,18.5,CA,6.272.10001,2025-09-07 18:17:41.382,2025-09-07 18:17:40.282,43.93835,-78.70572,custom
toronto,,,,en_CA,"iPhone14,5",ios,18.5,CA,6.272.10001,2025-09-07 18:17:41.384,2025-09-07 18:17:40.282,43.93835,-78.70572,tap
toronto,,,,en_CA,"iPhone14,5",ios,18.5,CA,6.272.10001,2025-09-07 18:17:41.382,2025-09-07 18:17:40.282,43.93835,-78.70572,custom
toronto,,,,en_CA,"iPhone14,5",ios,18.5,CA,6.272.10001,2025-09-07 18:17:41.386,2025-09-07 18:17:40.282,43.93835,-78.70572,custom
toronto,,,,en_CA,"iPhone14,5",ios,18.5,CA,6.272.10001,2025-09-07 18:17:41.384,2025-09-07 18:17:40.282,43.93835,-78.70572,impression
toronto,,,,en_CA,"iPhone14,5",ios,18.5,CA,6.272.10001,2025-09-07 18:17:41.385,2025-09-07 18:17:40.282,43.93835,-78.70572,custom
toronto,,,,en_CA,"iPhone14,5",ios,18.5,CA,6.272.10001,2025-09-07 18:17:41.386,2025-09-07 18:17:40.282,43.93835,-78.70572,custom
toronto,,,,en_CA,"iPhone14,5",ios,18.5,CA,6.272.10001,2025-09-07 18:17:41.386,2025-09-07 18:17:40.282,43.93835,-78.70572,custom
toronto,,,,en_CA,"iPhone14,5",ios,18.5,CA,6.272.10001,2025-09-07 18:17:41.387,2025-09-07 18:17:40.282,43.93835,-78.70572,custom
toronto,,,,en_CA,"iPhone14,5",ios,18.5,CA,6.272.10001,2025-09-07 18:17:41.387,2025-09-07 18:17:40.282,43.93835,-78.70572,impression
toronto,,,,en_CA,"iPhone14,5",ios,18.5,CA,6.272.10001,2025-09-07 18:17:41.388,2025-09-07 18:17:40.282,43.93835,-78.70572,custom
toronto,,,,en_CA,"iPhone14,5",ios,18.5,CA,6.272.10001,2025-09-07 18:17:41.388,2025-09-07 18:17:40.282,43.93835,-78.70572,custom
toronto,,,,en_CA,"iPhone14,5",ios,18.5,CA,6.272.10001,2025-09-07 18:17:41.391,2025-09-07 18:17:40.282,43.93835,-78.70572,custom
toronto,,,,en_CA,"iPhone14,5",ios,18.5,CA,6.272.10001,2025-09-07 18:17:41.389,2025-09-07 18:17:40.282,43.93835,-78.70572,custom
toronto,,,,en_CA,"iPhone14,5",ios,18.5,CA,6.272.10001,2025-09-07 18:17:41.390,2025-09-07 18:17:40.282,43.93835,-78.70572,custom
toronto,,,,en_CA,"iPhone14,5",ios,18.5,CA,6.272.10001,2025-09-07 18:17:41.449,2025-09-07 18:17:40.282,43.93835,-78.70572,custom
toronto,,,,en_CA,"iPhone14,5",ios,18.5,CA,6.272.10001,2025-09-07 18:17:41.391,2025-09-07 18:17:40.282,43.93835,-78.70572,custom
toronto,,,,en_CA,"iPhone14,5",ios,18.5,CA,6.272.10001,2025-09-07 18:17:41.470,2025-09-07 18:17:40.282,43.93835,-78.70572,custom
toronto,,,,en_CA,"iPhone14,5",ios,18.5,CA,6.272.10001,2025-09-07 18:17:41.470,2025-09-07 18:17:40.282,43.93835,-78.70572,custom
toronto,,,,en_CA,"iPhone14,5",ios,18.5,CA,6.272.10001,2025-09-07 18:17:41.348,2025-09-07 18:17:40.282,43.93835,-78.70572,custom
toronto,,,,en_CA,"iPhone14,5",ios,18.5,CA,6.272.10001,2025-09-07 18:17:42.808,2025-09-07 18:17:42.069,43.93839,-78.70569,custom
toronto,,,,en_CA,"iPhone14,5",ios,18.5,CA,6.272.10001,2025-09-07 18:17:41.477,2025-09-07 18:17:40.282,43.93835,-78.70572,custom
toronto,,,,en_CA,"iPhone14,5",ios,18.5,CA,6.272.10001,2025-09-07 18:17:41.477,2025-09-07 18:17:40.282,43.93835,-78.70572,custom
toronto,,,,en_CA,"iPhone14,5",ios,18.5,CA,6.272.10001,2025-09-07 18:17:41.537,2025-09-07 18:17:40.282,43.93835,-78.70572,impression
toronto,,,,en_CA,"iPhone14,5",ios,18.5,CA,6.272.10001,2025-09-07 18:17:41.537,2025-09-07 18:17:40.282,43.93835,-78.70572,impression
toronto,,,,en_CA,"iPhone14,5",ios,18.5,CA,6.272.10001,2025-09-07 18:17:41.538,2025-09-07 18:17:40.282,43.93835,-78.70572,impression
toronto,,,,en_CA,"iPhone14,5",ios,18.5,CA,6.272.10001,2025-09-07 18:17:41.538,2025-09-07 18:17:40.282,43.93835,-78.70572,impression
toronto,,,,en_CA,"iPhone14,5",ios,18.5,CA,6.272.10001,2025-09-07 18:17:41.538,2025-09-07 18:17:40.282,43.93835,-78.70572,impression
toronto,,,,en_CA,"iPhone14,5",ios,18.5,CA,6.272.10001,2025-09-07 18:17:41.538,2025-09-07 18:17:40.282,43.93835,-78.70572,impression
toronto,,,,en_CA,"iPhone14,5",ios,18.5,CA,6.272.10001,2025-09-07 18:17:41.541,2025-09-07 18:17:40.282,43.93835,-78.70572,impression
toronto,,,,en_CA,"iPhone14,5",ios,18.5,CA,6.272.10001,2025-09-07 18:17:41.540,2025-09-07 18:17:40.282,43.93835,-78.70572,impression
toronto,,,,en_CA,"iPhone14,5",ios,18.5,CA,6.272.10001,2025-09-07 18:17:41.541,2025-09-07 18:17:40.282,43.93835,-78.70572,impression
toronto,,,,en_CA,"iPhone14,5",ios,18.5,CA,6.272.10001,2025-09-07 18:17:41.541,2025-09-07 18:17:40.282,43.93835,-78.70572,impression
toronto,,,,en_CA,"iPhone14,5",ios,18.5,CA,6.272.10001,2025-09-07 18:17:41.541,2025-09-07 18:17:40.282,43.93835,-78.70572,impression
toronto,,,,en_CA,"iPhone14,5",ios,18.5,CA,6.272.10001,2025-09-07 18:17:41.542,2025-09-07 18:17:40.282,43.93835,-78.70572,impression
toronto,,,,en_CA,"iPhone14,5",ios,18.5,CA,6.272.10001,2025-09-07 18:17:41.542,2025-09-07 18:17:40.282,43.93835,-78.70572,impression
toronto,,,,en_CA,"iPhone14,5",ios,18.5,CA,6.272.10001,2025-09-07 18:17:41.542,2025-09-07 18:17:40.282,43.93835,-78.70572,impression
toronto,,,,en_CA,"iPhone14,5",ios,18.5,CA,6.272.10001,2025-09-07 18:17:41.543,2025-09-07 18:17:40.282,43.93835,-78.70572,impression
toronto,,,,en_CA,"iPhone14,5",ios,18.5,CA,6.272.10001,2025-09-07 18:17:41.543,2025-09-07 18:17:40.282,43.93835,-78.70572,impression
toronto,,,,en_CA,"iPhone14,5",ios,18.5,CA,6.272.10001,2025-09-07 18:17:41.702,2025-09-07 18:17:40.282,43.93835,-78.70572,impression
toronto,,,,en_CA,"iPhone14,5",ios,18.5,CA,6.272.10001,2025-09-07 18:17:41.701,2025-09-07 18:17:40.282,43.93835,-78.70572,impression
toronto,,,,en_CA,"iPhone14,5",ios,18.5,CA,6.272.10001,2025-09-07 18:17:41.701,2025-09-07 18:17:40.282,43.93835,-78.70572,impression
toronto,,,,en_CA,"iPhone14,5",ios,18.5,CA,6.272.10001,2025-09-07 18:17:41.702,2025-09-07 18:17:40.282,43.93835,-78.70572,custom
toronto,,,,en_CA,"iPhone14,5",ios,18.5,CA,6.272.10001,2025-09-07 18:17:41.723,2025-09-07 18:17:40.282,43.93835,-78.70572,custom
toronto,,,,en_CA,"iPhone14,5",ios,18.5,CA,6.272.10001,2025-09-07 18:17:41.702,2025-09-07 18:17:40.282,43.93835,-78.70572,custom
toronto,,,,en_CA,"iPhone14,5",ios,18.5,CA,6.272.10001,2025-09-07 18:17:41.732,2025-09-07 18:17:40.282,43.93835,-78.70572,impression
toronto,,,,en_CA,"iPhone14,5",ios,18.5,CA,6.272.10001,2025-09-07 18:17:41.723,2025-09-07 18:17:40.282,43.93835,-78.70572,custom
toronto,,,,en_CA,"iPhone14,5",ios,18.5,CA,6.272.10001,2025-09-07 18:17:41.852,2025-09-07 18:17:40.282,43.93835,-78.70572,impression
toronto,,,,en_CA,"iPhone14,5",ios,18.5,CA,6.272.10001,2025-09-07 18:17:42.053,2025-09-07 18:17:40.282,43.93835,-78.70572,custom
toronto,,,,en_CA,"iPhone14,5",ios,18.5,CA,6.272.10001,2025-09-07 18:17:41.997,2025-09-07 18:17:40.282,43.93835,-78.70572,custom
toronto,,,,en_CA,"iPhone14,5",ios,18.5,CA,6.272.10001,2025-09-07 18:17:42.167,2025-09-07 18:17:42.069,43.93839,-78.70569,custom
toronto,,,,en_CA,"iPhone14,5",ios,18.5,CA,6.272.10001,2025-09-07 18:17:42.167,2025-09-07 18:17:42.069,43.93839,-78.70569,custom
toronto,,,,en_CA,"iPhone14,5",ios,18.5,CA,6.272.10001,2025-09-07 18:17:42.053,2025-09-07 18:17:40.282,43.93835,-78.70572,custom
toronto,,,,en_CA,"iPhone14,5",ios,18.5,CA,6.272.10001,2025-09-07 18:17:42.248,2025-09-07 18:17:42.069,43.93839,-78.70569,custom
toronto,,,,en_CA,"iPhone14,5",ios,18.5,CA,6.272.10001,2025-09-07 18:17:42.248,2025-09-07 18:17:42.069,43.93839,-78.70569,custom
toronto,,,,en_CA,"iPhone14,5",ios,18.5,CA,6.272.10001,2025-09-07 18:17:42.544,2025-09-07 18:17:42.069,43.93839,-78.70569,custom
toronto,,,,en_CA,"iPhone14,5",ios,18.5,CA,6.272.10001,2025-09-07 18:17:42.395,2025-09-07 18:17:42.069,43.93839,-78.70569,custom
toronto,,,,en_CA,"iPhone14,5",ios,18.5,CA,6.272.10001,2025-09-07 18:17:42.550,2025-09-07 18:17:42.069,43.93839,-78.70569,custom
toronto,,,,en_CA,"iPhone14,5",ios,18.5,CA,6.272.10001,2025-09-07 18:17:42.871,2025-09-07 18:17:42.069,43.93839,-78.70569,impression
toronto,,,,en_CA,"iPhone14,5",ios,18.5,CA,6.272.10001,2025-09-07 18:17:42.551,2025-09-07 18:17:42.069,43.93839,-78.70569,custom
toronto,,,,en_CA,"iPhone14,5",ios,18.5,CA,6.272.10001,2025-09-07 18:17:42.703,2025-09-07 18:17:42.069,43.93839,-78.70569,custom
toronto,,,,en_CA,"iPhone14,5",ios,18.5,CA,6.272.10001,2025-09-07 18:17:43.061,2025-09-07 18:17:42.069,43.93839,-78.70569,impression
toronto,,,,en_CA,"iPhone14,5",ios,18.5,CA,6.272.10001,2025-09-07 18:17:43.061,2025-09-07 18:17:42.069,43.93839,-78.70569,impression
toronto,,,,en_CA,"iPhone14,5",ios,18.5,CA,6.272.10001,2025-09-07 18:17:43.145,2025-09-07 18:17:42.069,43.93839,-78.70569,impression
toronto,,,,en_CA,"iPhone14,5",ios,18.5,CA,6.272.10001,2025-09-07 18:17:41.336,2025-09-07 18:17:40.282,43.93835,-78.70572,custom
toronto,,,,en_CA,"iPhone14,5",ios,18.5,CA,6.272.10001,2025-09-07 18:17:41.337,2025-09-07 18:17:40.282,43.93835,-78.70572,custom
toronto,,,,en_CA,"iPhone14,5",ios,18.5,CA,6.272.10001,2025-09-07 18:17:41.337,2025-09-07 18:17:40.282,43.93835,-78.70572,custom
toronto,,,,en_CA,"iPhone14,5",ios,18.5,CA,6.272.10001,2025-09-07 18:17:41.337,2025-09-07 18:17:40.282,43.93835,-78.70572,custom
toronto,,,,en_CA,"iPhone14,5",ios,18.5,CA,6.272.10001,2025-09-07 18:17:41.337,2025-09-07 18:17:40.282,43.93835,-78.70572,custom
toronto,,,,en_CA,"iPhone14,5",ios,18.5,CA,6.272.10001,2025-09-07 18:17:41.338,2025-09-07 18:17:40.282,43.93835,-78.70572,lifecycle
unknown,,,,en_CA,"iPhone14,5",ios,18.5,CA,6.272.10001,2025-09-12 23:32:38.046,"",,,lifecycle
toronto,,,,en_CA,"iPhone14,5",ios,18.5,CA,6.272.10001,2025-09-12 23:32:38.063,"",,,custom
toronto,,,,en_CA,"iPhone14,5",ios,18.5,CA,6.272.10001,2025-09-12 23:32:38.063,"",,,custom
toronto,,,,en_CA,"iPhone14,5",ios,18.5,CA,6.272.10001,2025-09-12 23:32:38.076,"",,,custom
toronto,,,,en_CA,"iPhone14,5",ios,18.5,CA,6.272.10001,2025-09-12 23:32:38.076,"",,,custom
toronto,,,,en_CA,"iPhone14,5",ios,18.5,CA,6.272.10001,2025-09-12 23:32:38.079,"",,,custom
toronto,,,,en_CA,"iPhone14,5",ios,18.5,CA,6.272.10001,2025-09-12 23:32:38.080,"",,,custom
toronto,,,,en_CA,"iPhone14,5",ios,18.5,CA,6.272.10001,2025-09-12 23:32:39.804,"",,,impression
toronto,,,,en_CA,"iPhone14,5",ios,18.5,CA,6.272.10001,2025-09-12 23:32:39.840,"",,,impression
toronto,,,,en_CA,"iPhone14,5",ios,18.5,CA,6.272.10001,2025-09-12 23:32:40.595,"",,,impression
toronto,,,,en_CA,"iPhone14,5",ios,18.5,CA,6.272.10001,2025-09-12 23:32:40.624,"",,,custom
toronto,,,,en_CA,"iPhone14,5",ios,18.5,CA,6.272.10001,2025-09-12 23:32:41.226,"",,,custom
toronto,,,,en_CA,"iPhone14,5",ios,18.5,CA,6.272.10001,2025-09-12 23:32:41.301,"",,,custom
toronto,,,,en_CA,"iPhone14,5",ios,18.5,CA,6.272.10001,2025-09-12 23:32:41.347,"",,,impression
toronto,,,,en_CA,"iPhone14,5",ios,18.5,CA,6.272.10001,2025-09-12 18:47:44.776,"",,,custom
toronto,,,,en_CA,"iPhone14,5",ios,18.5,CA,6.272.10001,2025-09-12 23:32:38.040,"",,,custom
toronto,,,,en_CA,"iPhone14,5",ios,18.5,CA,6.272.10001,2025-09-12 23:32:38.040,"",,,custom
toronto,,,,en_CA,"iPhone14,5",ios,18.5,CA,6.272.10001,2025-09-12 23:32:38.041,"",,,custom
toronto,,,,en_CA,"iPhone14,5",ios,18.5,CA,6.272.10001,2025-09-12 23:32:38.061,"",,,custom
toronto,,,,en_CA,"iPhone14,5",ios,18.5,CA,6.272.10001,2025-09-12 23:32:38.062,"",,,custom
toronto,,,,en_CA,"iPhone14,5",ios,18.5,CA,6.272.10001,2025-09-12 23:32:38.062,"",,,custom
toronto,,,,en_CA,"iPhone14,5",ios,18.5,CA,6.272.10001,2025-09-12 23:32:38.061,"",,,custom
toronto,,,,en_CA,"iPhone14,5",ios,18.5,CA,6.272.10001,2025-09-12 23:32:38.065,"",,,tap
toronto,,,,en_CA,"iPhone14,5",ios,18.5,CA,6.272.10001,2025-09-12 23:32:38.064,"",,,impression
toronto,,,,en_CA,"iPhone14,5",ios,18.5,CA,6.272.10001,2025-09-12 23:32:38.067,"",,,custom
toronto,,,,en_CA,"iPhone14,5",ios,18.5,CA,6.272.10001,2025-09-12 23:32:38.068,"",,,custom
toronto,,,,en_CA,"iPhone14,5",ios,18.5,CA,6.272.10001,2025-09-12 23:32:38.069,"",,,custom
toronto,,,,en_CA,"iPhone14,5",ios,18.5,CA,6.272.10001,2025-09-12 23:32:38.071,"",,,custom
toronto,,,,en_CA,"iPhone14,5",ios,18.5,CA,6.272.10001,2025-09-12 23:32:38.070,"",,,custom
toronto,,,,en_CA,"iPhone14,5",ios,18.5,CA,6.272.10001,2025-09-12 23:32:38.074,"",,,custom
toronto,,,,en_CA,"iPhone14,5",ios,18.5,CA,6.272.10001,2025-09-12 23:32:38.073,"",,,custom
toronto,,,,en_CA,"iPhone14,5",ios,18.5,CA,6.272.10001,2025-09-12 23:32:38.073,"",,,custom
toronto,,,,en_CA,"iPhone14,5",ios,18.5,CA,6.272.10001,2025-09-12 23:32:38.075,"",,,custom
toronto,,,,en_CA,"iPhone14,5",ios,18.5,CA,6.272.10001,2025-09-12 23:32:38.077,"",,,custom
toronto,,,,en_CA,"iPhone14,5",ios,18.5,CA,6.272.10001,2025-09-12 23:32:38.076,"",,,custom
toronto,,,,en_CA,"iPhone14,5",ios,18.5,CA,6.272.10001,2025-09-12 23:32:38.076,"",,,custom
toronto,,,,en_CA,"iPhone14,5",ios,18.5,CA,6.272.10001,2025-09-12 23:32:38.080,"",,,custom
toronto,,,,en_CA,"iPhone14,5",ios,18.5,CA,6.272.10001,2025-09-12 23:32:38.078,"",,,custom
toronto,,,,en_CA,"iPhone14,5",ios,18.5,CA,6.272.10001,2025-09-12 23:32:38.081,"",,,impression
toronto,,,,en_CA,"iPhone14,5",ios,18.5,CA,6.272.10001,2025-09-12 23:32:38.081,"",,,impression
toronto,,,,en_CA,"iPhone14,5",ios,18.5,CA,6.272.10001,2025-09-12 23:32:38.083,"",,,impression
toronto,,,,en_CA,"iPhone14,5",ios,18.5,CA,6.272.10001,2025-09-12 23:32:38.082,"",,,impression
toronto,,,,en_CA,"iPhone14,5",ios,18.5,CA,6.272.10001,2025-09-12 23:32:38.710,"",,,custom
toronto,,,,en_CA,"iPhone14,5",ios,18.5,CA,6.272.10001,2025-09-12 23:32:38.082,"",,,impression
toronto,,,,en_CA,"iPhone14,5",ios,18.5,CA,6.272.10001,2025-09-12 23:32:40.916,"",,,custom
toronto,,,,en_CA,"iPhone14,5",ios,18.5,CA,6.272.10001,2025-09-12 23:32:40.916,"",,,custom
toronto,,,,en_CA,"iPhone14,5",ios,18.5,CA,6.272.10001,2025-09-12 23:32:39.601,"",,,impression
toronto,,,,en_CA,"iPhone14,5",ios,18.5,CA,6.272.10001,2025-09-12 23:32:41.299,"",,,custom
toronto,,,,en_CA,"iPhone14,5",ios,18.5,CA,6.272.10001,2025-09-12 23:32:41.252,"",,,custom
toronto,,,,en_CA,"iPhone14,5",ios,18.5,CA,6.272.10001,2025-09-12 23:32:41.303,"",,,custom
toronto,,,,en_CA,"iPhone14,5",ios,18.5,CA,6.272.10001,2025-09-12 23:32:41.332,"",,,custom
toronto,,,,en_CA,"iPhone14,5",ios,18.5,CA,6.272.10001,2025-09-12 23:32:41.354,"",,,custom
toronto,,,,en_CA,"iPhone14,5",ios,18.5,CA,6.272.10001,2025-09-12 23:32:38.042,"",,,custom
toronto,,,,en_CA,"iPhone14,5",ios,18.5,CA,6.272.10001,2025-09-12 23:32:38.040,"",,,impression
toronto,,,,en_CA,"iPhone14,5",ios,18.5,CA,6.272.10001,2025-09-12 23:32:38.042,"",,,custom
toronto,,,,en_CA,"iPhone14,5",ios,18.5,CA,6.272.10001,2025-09-12 23:32:38.046,"",,,custom
toronto,,,,en_CA,"iPhone14,5",ios,18.5,CA,6.272.10001,2025-09-12 23:32:38.047,"",,,custom
toronto,,,,en_CA,"iPhone14,5",ios,18.5,CA,6.272.10001,2025-09-12 23:32:38.046,"",,,custom
toronto,,,,en_CA,"iPhone14,5",ios,18.5,CA,6.272.10001,2025-09-12 23:32:38.046,"",,,custom
toronto,,,,en_CA,"iPhone14,5",ios,18.5,CA,6.272.10001,2025-09-12 23:32:38.046,"",,,custom
toronto,,,,en_CA,"iPhone14,5",ios,18.5,CA,6.272.10001,2025-09-12 23:32:38.046,"",,,custom
toronto,,,,en_CA,"iPhone14,5",ios,18.5,CA,6.272.10001,2025-09-12 23:32:38.047,"",,,custom
toronto,,,,en_CA,"iPhone14,5",ios,18.5,CA,6.272.10001,2025-09-12 23:32:38.047,"",,,custom
toronto,,,,en_CA,"iPhone14,5",ios,18.5,CA,6.272.10001,2025-09-12 23:32:38.073,"",,,custom
toronto,,,,en_CA,"iPhone14,5",ios,18.5,CA,6.272.10001,2025-09-12 23:32:38.064,"",,,custom
toronto,,,,en_CA,"iPhone14,5",ios,18.5,CA,6.272.10001,2025-09-12 23:32:38.077,"",,,custom
toronto,,,,en_CA,"iPhone14,5",ios,18.5,CA,6.272.10001,2025-09-12 23:32:38.077,"",,,impression
toronto,,,,en_CA,"iPhone14,5",ios,18.5,CA,6.272.10001,2025-09-12 23:32:38.083,"",,,tap
toronto,,,,en_CA,"iPhone14,5",ios,18.5,CA,6.272.10001,2025-09-12 23:32:38.479,"",,,custom
toronto,,,,en_CA,"iPhone14,5",ios,18.5,CA,6.272.10001,2025-09-12 23:32:38.083,"",,,impression
toronto,,,,en_CA,"iPhone14,5",ios,18.5,CA,6.272.10001,2025-09-12 23:32:40.915,"",,,custom
toronto,,,,en_CA,"iPhone14,5",ios,18.5,CA,6.272.10001,2025-09-12 23:32:40.678,"",,,custom
toronto,,,,en_CA,"iPhone14,5",ios,18.5,CA,6.272.10001,2025-09-12 23:32:40.916,"",,,custom
toronto,,,,en_CA,"iPhone14,5",ios,18.5,CA,6.272.10001,2025-09-12 23:32:40.938,"",,,custom
toronto,,,,en_CA,"iPhone14,5",ios,18.5,CA,6.272.10001,2025-09-12 23:32:41.305,"",,,custom
toronto,,,,en_CA,"iPhone14,5",ios,18.5,CA,6.272.10001,2025-09-12 23:32:41.305,"",,,custom
toronto,,,,en_CA,"iPhone14,5",ios,18.5,CA,6.272.10001,2025-09-12 23:32:41.308,"",,,custom
toronto,,,,en_CA,"iPhone14,5",ios,18.5,CA,6.272.10001,2025-09-12 23:32:41.307,"",,,custom
toronto,,,,en_CA,"iPhone14,5",ios,18.5,CA,6.272.10001,2025-09-12 23:32:41.308,"",,,custom
toronto,,,,en_CA,"iPhone14,5",ios,18.5,CA,6.272.10001,2025-09-12 23:32:41.309,"",,,custom
toronto,,,,en_CA,"iPhone14,5",ios,18.5,CA,6.272.10001,2025-09-12 23:32:41.309,"",,,custom
toronto,,,,en_CA,"iPhone14,5",ios,18.5,CA,6.272.10001,2025-09-12 23:32:41.310,"",,,custom
toronto,,,,en_CA,"iPhone14,5",ios,18.5,CA,6.272.10001,2025-09-12 23:32:41.309,"",,,custom
toronto,,,,en_CA,"iPhone14,5",ios,18.5,CA,6.272.10001,2025-09-12 23:32:41.365,"",,,custom
toronto,,,,en_CA,"iPhone14,5",ios,18.5,CA,6.272.10001,2025-09-12 23:32:37.982,"",,,custom
toronto,,,,en_CA,"iPhone14,5",ios,18.5,CA,6.272.10001,2025-09-12 23:32:37.981,"",,,custom
toronto,,,,en_CA,"iPhone14,5",ios,18.5,CA,6.272.10001,2025-09-12 23:32:37.982,"",,,custom
toronto,,,,en_CA,"iPhone14,5",ios,18.5,CA,6.272.10001,2025-09-12 23:32:37.989,"",,,custom
toronto,,,,en_CA,"iPhone14,5",ios,18.5,CA,6.272.10001,2025-09-12 23:32:37.986,"",,,custom
toronto,,,,en_CA,"iPhone14,5",ios,18.5,CA,6.272.10001,2025-09-12 23:32:37.991,"",,,lifecycle
unknown,,,,en_CA,"iPhone14,5",ios,18.5,CA,6.272.10001,2025-09-09 23:54:12.902,"",,,lifecycle
toronto,,,,en_CA,"iPhone14,5",ios,18.5,CA,6.272.10001,2025-09-09 23:54:12.904,"",,,custom
toronto,,,,en_CA,"iPhone14,5",ios,18.5,CA,6.272.10001,2025-09-09 23:54:12.921,"",,,custom
toronto,,,,en_CA,"iPhone14,5",ios,18.5,CA,6.272.10001,2025-09-09 23:54:12.904,"",,,custom
toronto,,,,en_CA,"iPhone14,5",ios,18.5,CA,6.272.10001,2025-09-09 23:54:12.922,"",,,custom
toronto,,,,en_CA,"iPhone14,5",ios,18.5,CA,6.272.10001,2025-09-09 23:54:12.921,"",,,custom
toronto,,,,en_CA,"iPhone14,5",ios,18.5,CA,6.272.10001,2025-09-09 23:54:13.845,"",,,impression
toronto,,,,en_CA,"iPhone14,5",ios,18.5,CA,6.272.10001,2025-09-09 23:54:13.887,"",,,custom
toronto,,,,en_CA,"iPhone14,5",ios,18.5,CA,6.272.10001,2025-09-09 23:54:14.293,"",,,custom
toronto,,,,en_CA,"iPhone14,5",ios,18.5,CA,6.272.10001,2025-09-09 23:54:14.876,"",,,custom
toronto,,,,en_CA,"iPhone14,5",ios,18.5,CA,6.272.10001,2025-09-09 23:54:14.331,"",,,impression
toronto,,,,en_CA,"iPhone14,5",ios,18.5,CA,6.272.10001,2025-09-09 23:54:16.352,"",,,impression
toronto,,,,en_CA,"iPhone14,5",ios,18.5,CA,6.272.10001,2025-09-09 23:54:12.900,"",,,custom
toronto,,,,en_CA,"iPhone14,5",ios,18.5,CA,6.272.10001,2025-09-09 23:54:12.901,"",,,custom
toronto,,,,en_CA,"iPhone14,5",ios,18.5,CA,6.272.10001,2025-09-09 23:54:12.903,"",,,custom
toronto,,,,en_CA,"iPhone14,5",ios,18.5,CA,6.272.10001,2025-09-09 23:54:12.903,"",,,custom
toronto,,,,en_CA,"iPhone14,5",ios,18.5,CA,6.272.10001,2025-09-09 23:54:12.903,"",,,custom
toronto,,,,en_CA,"iPhone14,5",ios,18.5,CA,6.272.10001,2025-09-09 23:54:12.904,"",,,custom
toronto,,,,en_CA,"iPhone14,5",ios,18.5,CA,6.272.10001,2025-09-09 23:54:12.916,"",,,custom
toronto,,,,en_CA,"iPhone14,5",ios,18.5,CA,6.272.10001,2025-09-09 23:54:12.911,"",,,tap
toronto,,,,en_CA,"iPhone14,5",ios,18.5,CA,6.272.10001,2025-09-09 23:54:12.916,"",,,custom
toronto,,,,en_CA,"iPhone14,5",ios,18.5,CA,6.272.10001,2025-09-09 23:54:12.917,"",,,custom
toronto,,,,en_CA,"iPhone14,5",ios,18.5,CA,6.272.10001,2025-09-09 23:54:12.918,"",,,custom
toronto,,,,en_CA,"iPhone14,5",ios,18.5,CA,6.272.10001,2025-09-09 23:54:12.919,"",,,custom
toronto,,,,en_CA,"iPhone14,5",ios,18.5,CA,6.272.10001,2025-09-09 23:54:12.919,"",,,custom
toronto,,,,en_CA,"iPhone14,5",ios,18.5,CA,6.272.10001,2025-09-09 23:54:12.921,"",,,custom
toronto,,,,en_CA,"iPhone14,5",ios,18.5,CA,6.272.10001,2025-09-09 23:54:12.921,"",,,custom
toronto,,,,en_CA,"iPhone14,5",ios,18.5,CA,6.272.10001,2025-09-09 23:54:12.920,"",,,custom
toronto,,,,en_CA,"iPhone14,5",ios,18.5,CA,6.272.10001,2025-09-09 23:54:12.922,"",,,custom
toronto,,,,en_CA,"iPhone14,5",ios,18.5,CA,6.272.10001,2025-09-09 23:54:13.591,"",,,impression
toronto,,,,en_CA,"iPhone14,5",ios,18.5,CA,6.272.10001,2025-09-09 23:54:13.591,"",,,impression
toronto,,,,en_CA,"iPhone14,5",ios,18.5,CA,6.272.10001,2025-09-09 23:54:13.591,"",,,impression
toronto,,,,en_CA,"iPhone14,5",ios,18.5,CA,6.272.10001,2025-09-09 23:54:13.804,"",,,impression
toronto,,,,en_CA,"iPhone14,5",ios,18.5,CA,6.272.10001,2025-09-09 23:54:13.841,"",,,custom
toronto,,,,en_CA,"iPhone14,5",ios,18.5,CA,6.272.10001,2025-09-09 23:54:14.227,"",,,custom
toronto,,,,en_CA,"iPhone14,5",ios,18.5,CA,6.272.10001,2025-09-09 23:54:14.227,"",,,custom
toronto,,,,en_CA,"iPhone14,5",ios,18.5,CA,6.272.10001,2025-09-09 23:54:14.341,"",,,custom
toronto,,,,en_CA,"iPhone14,5",ios,18.5,CA,6.272.10001,2025-09-09 23:54:14.364,"",,,custom
toronto,,,,en_CA,"iPhone14,5",ios,18.5,CA,6.272.10001,2025-09-09 23:54:14.373,"",,,custom
toronto,,,,en_CA,"iPhone14,5",ios,18.5,CA,6.272.10001,2025-09-09 23:54:14.676,"",,,custom
toronto,,,,en_CA,"iPhone14,5",ios,18.5,CA,6.272.10001,2025-09-09 23:54:16.044,"",,,custom
toronto,,,,en_CA,"iPhone14,5",ios,18.5,CA,6.272.10001,2025-09-09 23:54:16.045,"",,,custom
toronto,,,,en_CA,"iPhone14,5",ios,18.5,CA,6.272.10001,2025-09-09 23:54:12.900,"",,,impression
toronto,,,,en_CA,"iPhone14,5",ios,18.5,CA,6.272.10001,2025-09-09 23:54:12.901,"",,,custom
toronto,,,,en_CA,"iPhone14,5",ios,18.5,CA,6.272.10001,2025-09-09 23:54:12.901,"",,,custom
toronto,,,,en_CA,"iPhone14,5",ios,18.5,CA,6.272.10001,2025-09-09 23:54:12.903,"",,,custom
toronto,,,,en_CA,"iPhone14,5",ios,18.5,CA,6.272.10001,2025-09-09 23:54:12.903,"",,,custom
toronto,,,,en_CA,"iPhone14,5",ios,18.5,CA,6.272.10001,2025-09-09 23:54:12.903,"",,,custom
toronto,,,,en_CA,"iPhone14,5",ios,18.5,CA,6.272.10001,2025-09-09 23:54:12.903,"",,,custom
toronto,,,,en_CA,"iPhone14,5",ios,18.5,CA,6.272.10001,2025-09-09 23:54:12.911,"",,,custom
toronto,,,,en_CA,"iPhone14,5",ios,18.5,CA,6.272.10001,2025-09-09 23:54:12.920,"",,,custom
toronto,,,,en_CA,"iPhone14,5",ios,18.5,CA,6.272.10001,2025-09-09 23:54:12.918,"",,,custom
toronto,,,,en_CA,"iPhone14,5",ios,18.5,CA,6.272.10001,2025-09-09 23:54:12.921,"",,,impression
toronto,,,,en_CA,"iPhone14,5",ios,18.5,CA,6.272.10001,2025-09-09 23:54:13.609,"",,,tap
toronto,,,,en_CA,"iPhone14,5",ios,18.5,CA,6.272.10001,2025-09-09 23:54:13.609,"",,,impression
toronto,,,,en_CA,"iPhone14,5",ios,18.5,CA,6.272.10001,2025-09-09 23:54:14.227,"",,,custom
toronto,,,,en_CA,"iPhone14,5",ios,18.5,CA,6.272.10001,2025-09-09 23:54:14.227,"",,,custom
toronto,,,,en_CA,"iPhone14,5",ios,18.5,CA,6.272.10001,2025-09-09 23:54:14.323,"",,,custom
toronto,,,,en_CA,"iPhone14,5",ios,18.5,CA,6.272.10001,2025-09-09 23:54:14.245,"",,,custom
toronto,,,,en_CA,"iPhone14,5",ios,18.5,CA,6.272.10001,2025-09-09 23:54:14.330,"",,,custom
toronto,,,,en_CA,"iPhone14,5",ios,18.5,CA,6.272.10001,2025-09-09 23:54:14.342,"",,,custom
toronto,,,,en_CA,"iPhone14,5",ios,18.5,CA,6.272.10001,2025-09-09 23:54:14.365,"",,,custom
toronto,,,,en_CA,"iPhone14,5",ios,18.5,CA,6.272.10001,2025-09-09 23:54:14.341,"",,,custom
toronto,,,,en_CA,"iPhone14,5",ios,18.5,CA,6.272.10001,2025-09-09 23:54:14.372,"",,,custom
toronto,,,,en_CA,"iPhone14,5",ios,18.5,CA,6.272.10001,2025-09-09 23:54:14.373,"",,,custom
toronto,,,,en_CA,"iPhone14,5",ios,18.5,CA,6.272.10001,2025-09-09 23:54:14.368,"",,,custom
toronto,,,,en_CA,"iPhone14,5",ios,18.5,CA,6.272.10001,2025-09-09 23:54:14.417,"",,,custom
toronto,,,,en_CA,"iPhone14,5",ios,18.5,CA,6.272.10001,2025-09-09 23:54:14.676,"",,,custom
toronto,,,,en_CA,"iPhone14,5",ios,18.5,CA,6.272.10001,2025-09-09 23:54:16.045,"",,,custom
toronto,,,,en_CA,"iPhone14,5",ios,18.5,CA,6.272.10001,2025-09-09 23:54:15.156,"",,,impression
toronto,,,,en_CA,"iPhone14,5",ios,18.5,CA,6.272.10001,2025-09-09 23:54:12.891,"",,,custom
toronto,,,,en_CA,"iPhone14,5",ios,18.5,CA,6.272.10001,2025-09-09 23:54:12.892,"",,,custom
toronto,,,,en_CA,"iPhone14,5",ios,18.5,CA,6.272.10001,2025-09-09 23:54:12.891,"",,,custom
toronto,,,,en_CA,"iPhone14,5",ios,18.5,CA,6.272.10001,2025-09-09 23:54:12.892,"",,,custom
toronto,,,,en_CA,"iPhone14,5",ios,18.5,CA,6.272.10001,2025-09-09 23:54:12.894,"",,,lifecycle
toronto,,,,en_CA,"iPhone14,5",ios,18.5,CA,6.272.10001,2025-09-09 23:54:12.922,"",,,custom
toronto,,,,en_CA,"iPhone14,5",ios,18.5,CA,6.272.10001,2025-09-09 23:54:13.820,"",,,impression
toronto,,,,en_CA,"iPhone14,5",ios,18.5,CA,6.272.10001,2025-09-09 23:54:13.882,"",,,impression
toronto,,,,en_CA,"iPhone14,5",ios,18.5,CA,6.272.10001,2025-09-09 23:54:14.295,"",,,custom
toronto,,,,en_CA,"iPhone14,5",ios,18.5,CA,6.272.10001,2025-09-09 23:54:12.901,"",,,custom
toronto,,,,en_CA,"iPhone14,5",ios,18.5,CA,6.272.10001,2025-09-09 23:54:12.911,"",,,impression
toronto,,,,en_CA,"iPhone14,5",ios,18.5,CA,6.272.10001,2025-09-09 23:54:12.917,"",,,custom
toronto,,,,en_CA,"iPhone14,5",ios,18.5,CA,6.272.10001,2025-09-09 23:54:12.917,"",,,custom
toronto,,,,en_CA,"iPhone14,5",ios,18.5,CA,6.272.10001,2025-09-09 23:54:12.918,"",,,custom
toronto,,,,en_CA,"iPhone14,5",ios,18.5,CA,6.272.10001,2025-09-09 23:54:12.918,"",,,custom
toronto,,,,en_CA,"iPhone14,5",ios,18.5,CA,6.272.10001,2025-09-09 23:54:13.592,"",,,impression
toronto,,,,en_CA,"iPhone14,5",ios,18.5,CA,6.272.10001,2025-09-09 23:54:13.592,"",,,impression
toronto,,,,en_CA,"iPhone14,5",ios,18.5,CA,6.272.10001,2025-09-09 23:54:14.331,"",,,custom
toronto,,,,en_CA,"iPhone14,5",ios,18.5,CA,6.272.10001,2025-09-09 23:54:14.299,"",,,custom
toronto,,,,en_CA,"iPhone14,5",ios,18.5,CA,6.272.10001,2025-09-09 23:54:14.385,"",,,custom
toronto,,,,en_CA,"iPhone14,5",ios,18.5,CA,6.272.10001,2025-09-09 23:54:14.877,"",,,custom
toronto,,,,en_CA,"iPhone14,5",ios,18.5,CA,6.272.10001,2025-09-09 23:54:14.676,"",,,custom
toronto,,,,en_CA,"iPhone14,5",ios,18.5,CA,6.272.10001,2025-09-09 23:54:15.254,"",,,custom
toronto,,,,en_CA,"iPhone14,5",ios,18.5,CA,6.272.10001,2025-09-09 23:54:16.038,"",,,custom
toronto,,,,en_CA,"iPhone14,5",ios,18.5,CA,6.272.10001,2025-09-09 23:54:16.038,"",,,custom
toronto,,,,en_CA,"iPhone14,5",ios,18.5,CA,6.272.10001,2025-09-09 23:54:16.038,"",,,custom
toronto,,,,en_CA,"iPhone14,5",ios,18.5,CA,6.272.10001,2025-09-09 23:54:15.254,"",,,custom
toronto,,,,en_CA,"iPhone14,5",ios,18.5,CA,6.272.10001,2025-09-09 23:54:16.040,"",,,custom
toronto,,,,en_CA,"iPhone14,5",ios,18.5,CA,6.272.10001,2025-09-09 23:54:16.040,"",,,custom
toronto,,,,en_CA,"iPhone14,5",ios,18.5,CA,6.272.10001,2025-09-09 23:54:12.902,"",,,custom
toronto,,,,en_CA,"iPhone14,5",ios,18.5,CA,6.272.10001,2025-09-09 23:54:12.901,"",,,custom
toronto,,,,en_CA,"iPhone14,5",ios,18.5,CA,6.272.10001,2025-09-09 23:54:12.902,"",,,custom
toronto,,,,en_CA,"iPhone14,5",ios,18.5,CA,6.272.10001,2025-09-09 23:54:12.903,"",,,custom
toronto,,,,en_CA,"iPhone14,5",ios,18.5,CA,6.272.10001,2025-09-09 23:54:13.930,"",,,custom
toronto,,,,en_CA,"iPhone14,5",ios,18.5,CA,6.272.10001,2025-09-09 23:54:13.705,"",,,custom
toronto,,,,en_CA,"iPhone14,5",ios,18.5,CA,6.272.10001,2025-09-09 23:54:14.324,"",,,custom
toronto,,,,en_CA,"iPhone14,5",ios,18.5,CA,6.272.10001,2025-09-09 23:54:14.323,"",,,custom
toronto,,,,en_CA,"iPhone14,5",ios,18.5,CA,6.272.10001,2025-09-09 23:54:14.331,"",,,custom
toronto,,,,en_CA,"iPhone14,5",ios,18.5,CA,6.272.10001,2025-09-09 23:54:14.365,"",,,custom
toronto,,,,en_CA,"iPhone14,5",ios,18.5,CA,6.272.10001,2025-09-09 23:54:14.373,"",,,custom
toronto,,,,en_CA,"iPhone14,5",ios,18.5,CA,6.272.10001,2025-09-09 23:54:14.373,"",,,custom
toronto,,,,en_CA,"iPhone14,5",ios,18.5,CA,6.272.10001,2025-09-09 23:54:14.373,"",,,custom
toronto,,,,en_CA,"iPhone14,5",ios,18.5,CA,6.272.10001,2025-09-09 23:54:14.418,"",,,custom
toronto,,,,en_CA,"iPhone14,5",ios,18.5,CA,6.272.10001,2025-09-09 23:54:14.418,"",,,custom
toronto,,,,en_CA,"iPhone14,5",ios,18.5,CA,6.272.10001,2025-09-09 23:54:14.417,"",,,custom
toronto,,,,en_CA,"iPhone14,5",ios,18.5,CA,6.272.10001,2025-09-09 23:54:16.045,"",,,custom
toronto,,,,en_CA,"iPhone14,5",ios,18.5,CA,6.272.10001,2025-09-09 23:54:12.892,"",,,custom
unknown,,,,en_CA,"iPhone14,5",ios,18.5,CA,6.272.10001,2025-09-10 23:35:21.535,"",,,lifecycle
toronto,,,,en_CA,"iPhone14,5",ios,18.5,CA,6.272.10001,2025-09-10 23:35:21.538,"",,,custom
toronto,,,,en_CA,"iPhone14,5",ios,18.5,CA,6.272.10001,2025-09-10 23:35:21.902,"",,,custom
toronto,,,,en_CA,"iPhone14,5",ios,18.5,CA,6.272.10001,2025-09-10 23:35:21.538,"",,,custom
toronto,,,,en_CA,"iPhone14,5",ios,18.5,CA,6.272.10001,2025-09-10 23:35:22.489,"",,,custom
toronto,,,,en_CA,"iPhone14,5",ios,18.5,CA,6.272.10001,2025-09-10 23:35:21.904,"",,,custom
toronto,,,,en_CA,"iPhone14,5",ios,18.5,CA,6.272.10001,2025-09-10 23:35:22.561,"",,,custom
toronto,,,,en_CA,"iPhone14,5",ios,18.5,CA,6.272.10001,2025-09-10 23:35:23.694,"",,,impression
toronto,,,,en_CA,"iPhone14,5",ios,18.5,CA,6.272.10001,2025-09-10 23:35:23.658,"",,,impression
toronto,,,,en_CA,"iPhone14,5",ios,18.5,CA,6.272.10001,2025-09-10 23:35:23.794,"",,,impression
toronto,,,,en_CA,"iPhone14,5",ios,18.5,CA,6.272.10001,2025-09-10 23:35:23.815,"",,,custom
toronto,,,,en_CA,"iPhone14,5",ios,18.5,CA,6.272.10001,2025-09-10 23:35:24.719,"",,,custom
toronto,,,,en_CA,"iPhone14,5",ios,18.5,CA,6.272.10001,2025-09-10 23:35:24.720,"",,,custom
toronto,,,,en_CA,"iPhone14,5",ios,18.5,CA,6.272.10001,2025-09-10 23:35:24.806,"",,,impression
toronto,,,,en_CA,"iPhone14,5",ios,18.5,CA,6.272.10001,2025-09-10 23:35:21.530,"",,,custom
toronto,,,,en_CA,"iPhone14,5",ios,18.5,CA,6.272.10001,2025-09-10 23:35:21.530,"",,,custom
toronto,,,,en_CA,"iPhone14,5",ios,18.5,CA,6.272.10001,2025-09-10 23:35:21.530,"",,,custom
toronto,,,,en_CA,"iPhone14,5",ios,18.5,CA,6.272.10001,2025-09-10 23:35:21.537,"",,,custom
toronto,,,,en_CA,"iPhone14,5",ios,18.5,CA,6.272.10001,2025-09-10 23:35:21.538,"",,,custom
toronto,,,,en_CA,"iPhone14,5",ios,18.5,CA,6.272.10001,2025-09-10 23:35:21.537,"",,,custom
toronto,,,,en_CA,"iPhone14,5",ios,18.5,CA,6.272.10001,2025-09-10 23:35:21.537,"",,,custom
toronto,,,,en_CA,"iPhone14,5",ios,18.5,CA,6.272.10001,2025-09-10 23:35:21.548,"",,,tap
toronto,,,,en_CA,"iPhone14,5",ios,18.5,CA,6.272.10001,2025-09-10 23:35:21.547,"",,,impression
toronto,,,,en_CA,"iPhone14,5",ios,18.5,CA,6.272.10001,2025-09-10 23:35:21.647,"",,,custom
toronto,,,,en_CA,"iPhone14,5",ios,18.5,CA,6.272.10001,2025-09-10 23:35:21.654,"",,,custom
toronto,,,,en_CA,"iPhone14,5",ios,18.5,CA,6.272.10001,2025-09-10 23:35:21.648,"",,,custom
toronto,,,,en_CA,"iPhone14,5",ios,18.5,CA,6.272.10001,2025-09-10 23:35:21.654,"",,,custom
toronto,,,,en_CA,"iPhone14,5",ios,18.5,CA,6.272.10001,2025-09-10 23:35:21.653,"",,,custom
toronto,,,,en_CA,"iPhone14,5",ios,18.5,CA,6.272.10001,2025-09-10 23:35:21.661,"",,,custom
toronto,,,,en_CA,"iPhone14,5",ios,18.5,CA,6.272.10001,2025-09-10 23:35:21.664,"",,,custom
toronto,,,,en_CA,"iPhone14,5",ios,18.5,CA,6.272.10001,2025-09-10 23:35:21.671,"",,,custom
toronto,,,,en_CA,"iPhone14,5",ios,18.5,CA,6.272.10001,2025-09-10 23:35:21.672,"",,,custom
toronto,,,,en_CA,"iPhone14,5",ios,18.5,CA,6.272.10001,2025-09-10 23:35:21.671,"",,,custom
toronto,,,,en_CA,"iPhone14,5",ios,18.5,CA,6.272.10001,2025-09-10 23:35:21.665,"",,,custom
toronto,,,,en_CA,"iPhone14,5",ios,18.5,CA,6.272.10001,2025-09-10 23:35:21.932,"",,,custom
toronto,,,,en_CA,"iPhone14,5",ios,18.5,CA,6.272.10001,2025-09-10 23:35:21.953,"",,,custom
toronto,,,,en_CA,"iPhone14,5",ios,18.5,CA,6.272.10001,2025-09-10 23:35:22.398,"",,,custom
toronto,,,,en_CA,"iPhone14,5",ios,18.5,CA,6.272.10001,2025-09-10 23:35:22.560,"",,,custom
toronto,,,,en_CA,"iPhone14,5",ios,18.5,CA,6.272.10001,2025-09-10 23:35:23.413,"",,,impression
toronto,,,,en_CA,"iPhone14,5",ios,18.5,CA,6.272.10001,2025-09-10 23:35:23.413,"",,,impression
toronto,,,,en_CA,"iPhone14,5",ios,18.5,CA,6.272.10001,2025-09-10 23:35:23.413,"",,,impression
toronto,,,,en_CA,"iPhone14,5",ios,18.5,CA,6.272.10001,2025-09-10 23:35:23.413,"",,,impression
toronto,,,,en_CA,"iPhone14,5",ios,18.5,CA,6.272.10001,2025-09-10 23:35:23.413,"",,,impression
toronto,,,,en_CA,"iPhone14,5",ios,18.5,CA,6.272.10001,2025-09-10 23:35:23.632,"",,,impression
toronto,,,,en_CA,"iPhone14,5",ios,18.5,CA,6.272.10001,2025-09-10 23:35:24.468,"",,,custom
toronto,,,,en_CA,"iPhone14,5",ios,18.5,CA,6.272.10001,2025-09-10 23:35:24.469,"",,,custom
toronto,,,,en_CA,"iPhone14,5",ios,18.5,CA,6.272.10001,2025-09-10 23:35:24.702,"",,,custom
toronto,,,,en_CA,"iPhone14,5",ios,18.5,CA,6.272.10001,2025-09-10 23:35:24.721,"",,,custom
toronto,,,,en_CA,"iPhone14,5",ios,18.5,CA,6.272.10001,2025-09-10 23:35:24.734,"",,,custom
toronto,,,,en_CA,"iPhone14,5",ios,18.5,CA,6.272.10001,2025-09-10 23:35:24.722,"",,,custom
toronto,,,,en_CA,"iPhone14,5",ios,18.5,CA,6.272.10001,2025-09-10 23:35:24.813,"",,,custom
toronto,,,,en_CA,"iPhone14,5",ios,18.5,CA,6.272.10001,2025-09-10 23:35:21.529,"",,,impression
toronto,,,,en_CA,"iPhone14,5",ios,18.5,CA,6.272.10001,2025-09-10 23:35:21.533,"",,,custom
toronto,,,,en_CA,"iPhone14,5",ios,18.5,CA,6.272.10001,2025-09-10 23:35:21.533,"",,,custom
toronto,,,,en_CA,"iPhone14,5",ios,18.5,CA,6.272.10001,2025-09-10 23:35:21.533,"",,,custom
toronto,,,,en_CA,"iPhone14,5",ios,18.5,CA,6.272.10001,2025-09-10 23:35:21.536,"",,,custom
toronto,,,,en_CA,"iPhone14,5",ios,18.5,CA,6.272.10001,2025-09-10 23:35:21.536,"",,,custom
toronto,,,,en_CA,"iPhone14,5",ios,18.5,CA,6.272.10001,2025-09-10 23:35:21.536,"",,,custom
toronto,,,,en_CA,"iPhone14,5",ios,18.5,CA,6.272.10001,2025-09-10 23:35:21.537,"",,,custom
toronto,,,,en_CA,"iPhone14,5",ios,18.5,CA,6.272.10001,2025-09-10 23:35:21.536,"",,,custom
toronto,,,,en_CA,"iPhone14,5",ios,18.5,CA,6.272.10001,2025-09-10 23:35:21.536,"",,,custom
toronto,,,,en_CA,"iPhone14,5",ios,18.5,CA,6.272.10001,2025-09-10 23:35:21.537,"",,,custom
toronto,,,,en_CA,"iPhone14,5",ios,18.5,CA,6.272.10001,2025-09-10 23:35:21.547,"",,,custom
toronto,,,,en_CA,"iPhone14,5",ios,18.5,CA,6.272.10001,2025-09-10 23:35:21.658,"",,,custom
toronto,,,,en_CA,"iPhone14,5",ios,18.5,CA,6.272.10001,2025-09-10 23:35:21.666,"",,,custom
toronto,,,,en_CA,"iPhone14,5",ios,18.5,CA,6.272.10001,2025-09-10 23:35:21.913,"",,,impression
toronto,,,,en_CA,"iPhone14,5",ios,18.5,CA,6.272.10001,2025-09-10 23:35:23.427,"",,,tap
toronto,,,,en_CA,"iPhone14,5",ios,18.5,CA,6.272.10001,2025-09-10 23:35:23.427,"",,,impression
toronto,,,,en_CA,"iPhone14,5",ios,18.5,CA,6.272.10001,2025-09-10 23:35:23.521,"",,,custom
toronto,,,,en_CA,"iPhone14,5",ios,18.5,CA,6.272.10001,2025-09-10 23:35:23.927,"",,,custom
toronto,,,,en_CA,"iPhone14,5",ios,18.5,CA,6.272.10001,2025-09-10 23:35:24.469,"",,,custom
toronto,,,,en_CA,"iPhone14,5",ios,18.5,CA,6.272.10001,2025-09-10 23:35:24.484,"",,,custom
toronto,,,,en_CA,"iPhone14,5",ios,18.5,CA,6.272.10001,2025-09-10 23:35:24.552,"",,,custom
toronto,,,,en_CA,"iPhone14,5",ios,18.5,CA,6.272.10001,2025-09-10 23:35:24.720,"",,,custom
toronto,,,,en_CA,"iPhone14,5",ios,18.5,CA,6.272.10001,2025-09-10 23:35:24.726,"",,,custom
toronto,,,,en_CA,"iPhone14,5",ios,18.5,CA,6.272.10001,2025-09-10 23:35:24.722,"",,,custom
toronto,,,,en_CA,"iPhone14,5",ios,18.5,CA,6.272.10001,2025-09-10 23:35:24.728,"",,,custom
toronto,,,,en_CA,"iPhone14,5",ios,18.5,CA,6.272.10001,2025-09-10 23:35:24.728,"",,,custom
toronto,,,,en_CA,"iPhone14,5",ios,18.5,CA,6.272.10001,2025-09-10 23:35:24.734,"",,,custom
toronto,,,,en_CA,"iPhone14,5",ios,18.5,CA,6.272.10001,2025-09-10 23:35:24.734,"",,,custom
toronto,,,,en_CA,"iPhone14,5",ios,18.5,CA,6.272.10001,2025-09-10 23:35:24.805,"",,,custom
toronto,,,,en_CA,"iPhone14,5",ios,18.5,CA,6.272.10001,2025-09-10 23:35:24.806,"",,,custom
toronto,,,,en_CA,"iPhone14,5",ios,18.5,CA,6.272.10001,2025-09-10 23:35:24.858,"",,,custom
toronto,,,,en_CA,"iPhone14,5",ios,18.5,CA,6.272.10001,2025-09-10 23:35:21.470,"",,,custom
toronto,,,,en_CA,"iPhone14,5",ios,18.5,CA,6.272.10001,2025-09-10 23:35:21.471,"",,,custom
toronto,,,,en_CA,"iPhone14,5",ios,18.5,CA,6.272.10001,2025-09-10 23:35:21.471,"",,,custom
toronto,,,,en_CA,"iPhone14,5",ios,18.5,CA,6.272.10001,2025-09-10 23:35:21.471,"",,,custom
toronto,,,,en_CA,"iPhone14,5",ios,18.5,CA,6.272.10001,2025-09-10 23:35:21.472,"",,,custom
toronto,,,,en_CA,"iPhone14,5",ios,18.5,CA,6.272.10001,2025-09-10 23:35:21.473,"",,,lifecycle
toronto,,,,en_CA,"iPhone14,5",ios,18.5,CA,6.272.10001,2025-08-24 22:50:04.143,"",,,custom
toronto,,,,en_CA,"iPhone14,5",ios,18.5,CA,6.272.10001,2025-08-24 22:50:03.701,"",,,impression
toronto,,,,en_CA,"iPhone14,5",ios,18.5,CA,6.272.10001,2025-08-28 20:25:18.049,"",,,custom
toronto,,,,en_CA,"iPhone14,5",ios,18.5,CA,6.272.10001,2025-08-24 22:50:04.378,"",,,custom
toronto,,,,en_CA,"iPhone14,5",ios,18.5,CA,6.272.10001,2025-08-24 22:50:04.218,"",,,custom
toronto,,,,en_CA,"iPhone14,5",ios,18.5,CA,6.272.10001,2025-08-28 20:25:18.032,"",,,lifecycle
toronto,,,,en_CA,"iPhone14,5",ios,18.5,CA,6.272.10001,2025-08-28 20:25:18.049,"",,,custom
toronto,,,,en_CA,"iPhone14,5",ios,18.5,CA,6.272.10001,2025-08-28 20:25:18.253,"",,,custom
toronto,,,,en_CA,"iPhone14,5",ios,18.5,CA,6.272.10001,2025-08-28 20:25:18.313,"",,,custom
toronto,,,,en_CA,"iPhone14,5",ios,18.5,CA,6.272.10001,2025-08-28 20:25:18.322,"",,,custom
toronto,,,,en_CA,"iPhone14,5",ios,18.5,CA,6.272.10001,2025-08-28 20:25:18.257,"",,,custom
toronto,,,,en_CA,"iPhone14,5",ios,18.5,CA,6.272.10001,2025-08-28 20:25:19.648,"",,,impression
toronto,,,,en_CA,"iPhone14,5",ios,18.5,CA,6.272.10001,2025-08-28 20:25:19.700,"",,,impression
toronto,,,,en_CA,"iPhone14,5",ios,18.5,CA,6.272.10001,2025-08-28 20:25:19.751,"",,,impression
toronto,,,,en_CA,"iPhone14,5",ios,18.5,CA,6.272.10001,2025-08-28 20:25:19.768,"",,,custom
toronto,,,,en_CA,"iPhone14,5",ios,18.5,CA,6.272.10001,2025-08-28 20:25:20.407,"",,,custom
toronto,,,,en_CA,"iPhone14,5",ios,18.5,CA,6.272.10001,2025-08-28 20:25:20.407,"",,,custom
toronto,,,,en_CA,"iPhone14,5",ios,18.5,CA,6.272.10001,2025-08-28 20:25:20.453,"",,,impression
toronto,,,,en_CA,"iPhone14,5",ios,18.5,CA,6.272.10001,2025-08-28 20:25:21.085,"",,,custom
toronto,,,,en_CA,"iPhone14,5",ios,18.5,CA,6.272.10001,2025-08-24 22:50:03.449,"",,,custom
toronto,,,,en_CA,"iPhone14,5",ios,18.5,CA,6.272.10001,2025-08-24 22:50:03.593,"",,,custom
toronto,,,,en_CA,"iPhone14,5",ios,18.5,CA,6.272.10001,2025-08-24 22:50:03.631,"",,,custom
toronto,,,,en_CA,"iPhone14,5",ios,18.5,CA,6.272.10001,2025-08-24 22:50:03.631,"",,,custom
toronto,,,,en_CA,"iPhone14,5",ios,18.5,CA,6.272.10001,2025-08-24 22:50:03.604,"",,,custom
toronto,,,,en_CA,"iPhone14,5",ios,18.5,CA,6.272.10001,2025-08-24 22:50:03.595,"",,,custom
toronto,,,,en_CA,"iPhone14,5",ios,18.5,CA,6.272.10001,2025-08-24 22:50:03.782,"",,,custom
toronto,,,,en_CA,"iPhone14,5",ios,18.5,CA,6.272.10001,2025-08-24 22:50:03.782,"",,,custom
toronto,,,,en_CA,"iPhone14,5",ios,18.5,CA,6.272.10001,2025-08-24 22:50:03.753,"",,,custom
toronto,,,,en_CA,"iPhone14,5",ios,18.5,CA,6.272.10001,2025-08-24 22:50:03.785,"",,,custom
toronto,,,,en_CA,"iPhone14,5",ios,18.5,CA,6.272.10001,2025-08-24 22:50:03.835,"",,,custom
toronto,,,,en_CA,"iPhone14,5",ios,18.5,CA,6.272.10001,2025-08-24 22:50:03.797,"",,,custom
toronto,,,,en_CA,"iPhone14,5",ios,18.5,CA,6.272.10001,2025-08-24 22:50:03.801,"",,,custom
toronto,,,,en_CA,"iPhone14,5",ios,18.5,CA,6.272.10001,2025-08-24 22:50:03.821,"",,,custom
toronto,,,,en_CA,"iPhone14,5",ios,18.5,CA,6.272.10001,2025-08-24 22:50:04.221,"",,,custom
toronto,,,,en_CA,"iPhone14,5",ios,18.5,CA,6.272.10001,2025-08-24 22:50:04.218,"",,,custom
toronto,,,,en_CA,"iPhone14,5",ios,18.5,CA,6.272.10001,2025-08-24 22:50:04.217,"",,,custom
toronto,,,,en_CA,"iPhone14,5",ios,18.5,CA,6.272.10001,2025-08-24 22:50:03.887,"",,,custom
toronto,,,,en_CA,"iPhone14,5",ios,18.5,CA,6.272.10001,2025-08-24 22:50:03.837,"",,,custom
toronto,,,,en_CA,"iPhone14,5",ios,18.5,CA,6.272.10001,2025-08-24 22:50:03.895,"",,,custom
toronto,,,,en_CA,"iPhone14,5",ios,18.5,CA,6.272.10001,2025-08-24 22:50:05.498,"",,,custom
toronto,,,,en_CA,"iPhone14,5",ios,18.5,CA,6.272.10001,2025-08-24 22:50:06.038,"",,,impression
toronto,,,,en_CA,"iPhone14,5",ios,18.5,CA,6.272.10001,2025-08-28 20:25:18.025,"",,,custom
toronto,,,,en_CA,"iPhone14,5",ios,18.5,CA,6.272.10001,2025-08-28 20:25:18.031,"",,,custom
toronto,,,,en_CA,"iPhone14,5",ios,18.5,CA,6.272.10001,2025-08-28 20:25:18.025,"",,,custom
toronto,,,,en_CA,"iPhone14,5",ios,18.5,CA,6.272.10001,2025-08-28 20:25:18.047,"",,,custom
toronto,,,,en_CA,"iPhone14,5",ios,18.5,CA,6.272.10001,2025-08-28 20:25:18.047,"",,,custom
toronto,,,,en_CA,"iPhone14,5",ios,18.5,CA,6.272.10001,2025-08-28 20:25:18.047,"",,,custom
toronto,,,,en_CA,"iPhone14,5",ios,18.5,CA,6.272.10001,2025-08-28 20:25:18.048,"",,,custom
toronto,,,,en_CA,"iPhone14,5",ios,18.5,CA,6.272.10001,2025-08-28 20:25:18.050,"",,,tap
toronto,,,,en_CA,"iPhone14,5",ios,18.5,CA,6.272.10001,2025-08-28 20:25:18.050,"",,,impression
toronto,,,,en_CA,"iPhone14,5",ios,18.5,CA,6.272.10001,2025-08-28 20:25:18.053,"",,,custom
toronto,,,,en_CA,"iPhone14,5",ios,18.5,CA,6.272.10001,2025-08-28 20:25:18.055,"",,,custom
toronto,,,,en_CA,"iPhone14,5",ios,18.5,CA,6.272.10001,2025-08-28 20:25:18.066,"",,,custom
toronto,,,,en_CA,"iPhone14,5",ios,18.5,CA,6.272.10001,2025-08-28 20:25:18.066,"",,,custom
toronto,,,,en_CA,"iPhone14,5",ios,18.5,CA,6.272.10001,2025-08-28 20:25:18.067,"",,,custom
toronto,,,,en_CA,"iPhone14,5",ios,18.5,CA,6.272.10001,2025-08-28 20:25:18.270,"",,,custom
toronto,,,,en_CA,"iPhone14,5",ios,18.5,CA,6.272.10001,2025-08-28 20:25:18.089,"",,,custom
toronto,,,,en_CA,"iPhone14,5",ios,18.5,CA,6.272.10001,2025-08-28 20:25:18.270,"",,,custom
toronto,,,,en_CA,"iPhone14,5",ios,18.5,CA,6.272.10001,2025-08-28 20:25:18.302,"",,,custom
toronto,,,,en_CA,"iPhone14,5",ios,18.5,CA,6.272.10001,2025-08-28 20:25:18.302,"",,,custom
toronto,,,,en_CA,"iPhone14,5",ios,18.5,CA,6.272.10001,2025-08-28 20:25:18.304,"",,,custom
toronto,,,,en_CA,"iPhone14,5",ios,18.5,CA,6.272.10001,2025-08-28 20:25:18.317,"",,,custom
toronto,,,,en_CA,"iPhone14,5",ios,18.5,CA,6.272.10001,2025-08-28 20:25:18.864,"",,,custom
toronto,,,,en_CA,"iPhone14,5",ios,18.5,CA,6.272.10001,2025-08-28 20:25:19.168,"",,,impression
toronto,,,,en_CA,"iPhone14,5",ios,18.5,CA,6.272.10001,2025-08-28 20:25:19.168,"",,,impression
toronto,,,,en_CA,"iPhone14,5",ios,18.5,CA,6.272.10001,2025-08-28 20:25:19.168,"",,,impression
toronto,,,,en_CA,"iPhone14,5",ios,18.5,CA,6.272.10001,2025-08-28 20:25:19.168,"",,,impression
toronto,,,,en_CA,"iPhone14,5",ios,18.5,CA,6.272.10001,2025-08-28 20:25:19.168,"",,,impression
toronto,,,,en_CA,"iPhone14,5",ios,18.5,CA,6.272.10001,2025-08-28 20:25:20.338,"",,,custom
toronto,,,,en_CA,"iPhone14,5",ios,18.5,CA,6.272.10001,2025-08-28 20:25:20.338,"",,,custom
toronto,,,,en_CA,"iPhone14,5",ios,18.5,CA,6.272.10001,2025-08-28 20:25:19.617,"",,,impression
toronto,,,,en_CA,"iPhone14,5",ios,18.5,CA,6.272.10001,2025-08-28 20:25:20.399,"",,,custom
toronto,,,,en_CA,"iPhone14,5",ios,18.5,CA,6.272.10001,2025-08-28 20:25:20.413,"",,,custom
toronto,,,,en_CA,"iPhone14,5",ios,18.5,CA,6.272.10001,2025-08-28 20:25:20.423,"",,,custom
toronto,,,,en_CA,"iPhone14,5",ios,18.5,CA,6.272.10001,2025-08-28 20:25:20.477,"",,,custom
toronto,,,,en_CA,"iPhone14,5",ios,18.5,CA,6.272.10001,2025-08-28 20:25:20.469,"",,,custom
toronto,,,,en_CA,"iPhone14,5",ios,18.5,CA,6.272.10001,2025-08-28 20:25:20.416,"",,,custom
toronto,,,,en_CA,"iPhone14,5",ios,18.5,CA,6.272.10001,2025-08-28 20:25:20.507,"",,,custom
toronto,,,,en_CA,"iPhone14,5",ios,18.5,CA,6.272.10001,2025-08-28 20:25:20.508,"",,,custom
toronto,,,,en_CA,"iPhone14,5",ios,18.5,CA,6.272.10001,2025-08-28 20:25:20.815,"",,,custom
toronto,,,,en_CA,"iPhone14,5",ios,18.5,CA,6.272.10001,2025-08-28 20:25:21.077,"",,,custom
toronto,,,,en_CA,"iPhone14,5",ios,18.5,CA,6.272.10001,2025-08-28 20:25:21.086,"",,,custom
toronto,,,,en_CA,"iPhone14,5",ios,18.5,CA,6.272.10001,2025-08-24 22:50:03.595,"",,,custom
toronto,,,,en_CA,"iPhone14,5",ios,18.5,CA,6.272.10001,2025-08-28 20:25:20.815,"",,,custom
toronto,,,,en_CA,"iPhone14,5",ios,18.5,CA,6.272.10001,2025-08-28 20:25:21.083,"",,,custom
toronto,,,,en_CA,"iPhone14,5",ios,18.5,CA,6.272.10001,2025-08-24 22:50:03.910,"",,,impression
toronto,,,,en_CA,"iPhone14,5",ios,18.5,CA,6.272.10001,2025-08-24 22:50:03.603,"",,,custom
toronto,,,,en_CA,"iPhone14,5",ios,18.5,CA,6.272.10001,2025-08-24 22:50:04.168,"",,,impression
toronto,,,,en_CA,"iPhone14,5",ios,18.5,CA,6.272.10001,2025-08-24 22:50:04.169,"",,,impression
toronto,,,,en_CA,"iPhone14,5",ios,18.5,CA,6.272.10001,2025-08-24 22:50:05.456,"",,,custom
toronto,,,,en_CA,"iPhone14,5",ios,18.5,CA,6.272.10001,2025-08-24 22:50:05.455,"",,,custom
toronto,,,,en_CA,"iPhone14,5",ios,18.5,CA,6.272.10001,2025-08-24 22:50:06.038,"",,,impression
toronto,,,,en_CA,"iPhone14,5",ios,18.5,CA,6.272.10001,2025-08-24 22:50:06.039,"",,,custom
toronto,,,,en_CA,"iPhone14,5",ios,18.5,CA,6.272.10001,2025-08-28 20:25:18.022,"",,,impression
toronto,,,,en_CA,"iPhone14,5",ios,18.5,CA,6.272.10001,2025-08-28 20:25:18.033,"",,,custom
toronto,,,,en_CA,"iPhone14,5",ios,18.5,CA,6.272.10001,2025-08-28 20:25:18.031,"",,,custom
toronto,,,,en_CA,"iPhone14,5",ios,18.5,CA,6.272.10001,2025-08-28 20:25:18.032,"",,,custom
toronto,,,,en_CA,"iPhone14,5",ios,18.5,CA,6.272.10001,2025-08-28 20:25:18.031,"",,,custom
toronto,,,,en_CA,"iPhone14,5",ios,18.5,CA,6.272.10001,2025-08-28 20:25:18.047,"",,,custom
toronto,,,,en_CA,"iPhone14,5",ios,18.5,CA,6.272.10001,2025-08-28 20:25:18.046,"",,,custom
toronto,,,,en_CA,"iPhone14,5",ios,18.5,CA,6.272.10001,2025-08-28 20:25:18.046,"",,,custom
toronto,,,,en_CA,"iPhone14,5",ios,18.5,CA,6.272.10001,2025-08-28 20:25:18.046,"",,,custom
toronto,,,,en_CA,"iPhone14,5",ios,18.5,CA,6.272.10001,2025-08-28 20:25:18.045,"",,,custom
toronto,,,,en_CA,"iPhone14,5",ios,18.5,CA,6.272.10001,2025-08-28 20:25:18.045,"",,,custom
toronto,,,,en_CA,"iPhone14,5",ios,18.5,CA,6.272.10001,2025-08-28 20:25:18.067,"",,,custom
toronto,,,,en_CA,"iPhone14,5",ios,18.5,CA,6.272.10001,2025-08-28 20:25:18.050,"",,,custom
toronto,,,,en_CA,"iPhone14,5",ios,18.5,CA,6.272.10001,2025-08-28 20:25:18.332,"",,,custom
toronto,,,,en_CA,"iPhone14,5",ios,18.5,CA,6.272.10001,2025-08-28 20:25:18.261,"",,,impression
toronto,,,,en_CA,"iPhone14,5",ios,18.5,CA,6.272.10001,2025-08-28 20:25:19.213,"",,,tap
toronto,,,,en_CA,"iPhone14,5",ios,18.5,CA,6.272.10001,2025-08-28 20:25:19.887,"",,,custom
toronto,,,,en_CA,"iPhone14,5",ios,18.5,CA,6.272.10001,2025-08-28 20:25:19.426,"",,,custom
toronto,,,,en_CA,"iPhone14,5",ios,18.5,CA,6.272.10001,2025-08-28 20:25:19.213,"",,,impression
toronto,,,,en_CA,"iPhone14,5",ios,18.5,CA,6.272.10001,2025-08-28 20:25:20.339,"",,,custom
toronto,,,,en_CA,"iPhone14,5",ios,18.5,CA,6.272.10001,2025-08-28 20:25:20.338,"",,,custom
toronto,,,,en_CA,"iPhone14,5",ios,18.5,CA,6.272.10001,2025-08-28 20:25:20.355,"",,,custom
toronto,,,,en_CA,"iPhone14,5",ios,18.5,CA,6.272.10001,2025-08-28 20:25:20.412,"",,,custom
toronto,,,,en_CA,"iPhone14,5",ios,18.5,CA,6.272.10001,2025-08-28 20:25:20.417,"",,,custom
toronto,,,,en_CA,"iPhone14,5",ios,18.5,CA,6.272.10001,2025-08-28 20:25:20.433,"",,,custom
toronto,,,,en_CA,"iPhone14,5",ios,18.5,CA,6.272.10001,2025-08-28 20:25:20.434,"",,,custom
toronto,,,,en_CA,"iPhone14,5",ios,18.5,CA,6.272.10001,2025-08-28 20:25:20.435,"",,,custom
toronto,,,,en_CA,"iPhone14,5",ios,18.5,CA,6.272.10001,2025-08-28 20:25:20.434,"",,,custom
toronto,,,,en_CA,"iPhone14,5",ios,18.5,CA,6.272.10001,2025-08-28 20:25:20.508,"",,,custom
toronto,,,,en_CA,"iPhone14,5",ios,18.5,CA,6.272.10001,2025-08-28 20:25:20.495,"",,,custom
toronto,,,,en_CA,"iPhone14,5",ios,18.5,CA,6.272.10001,2025-08-28 20:25:20.435,"",,,custom
toronto,,,,en_CA,"iPhone14,5",ios,18.5,CA,6.272.10001,2025-08-28 20:25:20.508,"",,,custom
toronto,,,,en_CA,"iPhone14,5",ios,18.5,CA,6.272.10001,2025-08-28 20:25:20.509,"",,,custom
toronto,,,,en_CA,"iPhone14,5",ios,18.5,CA,6.272.10001,2025-08-28 20:25:20.508,"",,,custom
toronto,,,,en_CA,"iPhone14,5",ios,18.5,CA,6.272.10001,2025-08-28 20:25:20.508,"",,,custom
toronto,,,,en_CA,"iPhone14,5",ios,18.5,CA,6.272.10001,2025-08-28 20:25:20.508,"",,,custom
toronto,,,,en_CA,"iPhone14,5",ios,18.5,CA,6.272.10001,2025-08-28 20:25:20.802,"",,,custom
toronto,,,,en_CA,"iPhone14,5",ios,18.5,CA,6.272.10001,2025-08-28 20:25:20.550,"",,,custom
toronto,,,,en_CA,"iPhone14,5",ios,18.5,CA,6.272.10001,2025-08-28 20:25:17.946,"",,,custom
toronto,,,,en_CA,"iPhone14,5",ios,18.5,CA,6.272.10001,2025-08-28 20:25:17.946,"",,,custom
toronto,,,,en_CA,"iPhone14,5",ios,18.5,CA,6.272.10001,2025-08-28 20:25:17.946,"",,,custom
toronto,,,,en_CA,"iPhone14,5",ios,18.5,CA,6.272.10001,2025-08-28 20:25:17.951,"",,,custom
toronto,,,,en_CA,"iPhone14,5",ios,18.5,CA,6.272.10001,2025-08-28 20:25:17.951,"",,,lifecycle
toronto,,,,en_CA,"iPhone14,5",ios,18.5,CA,6.272.10001,2025-08-28 20:25:17.951,"",,,custom
unknown,,,,en_CA,"iPhone14,5",ios,18.5,CA,6.272.10001,2025-08-24 05:30:57.288,"",,,lifecycle
toronto,,,,en_CA,"iPhone14,5",ios,18.5,CA,6.272.10001,2025-08-24 05:30:57.507,"",,,custom
toronto,,,,en_CA,"iPhone14,5",ios,18.5,CA,6.272.10001,2025-08-24 05:30:57.559,"",,,custom
toronto,,,,en_CA,"iPhone14,5",ios,18.5,CA,6.272.10001,2025-08-24 05:30:57.507,"",,,custom
toronto,,,,en_CA,"iPhone14,5",ios,18.5,CA,6.272.10001,2025-08-24 05:30:57.821,"",,,impression
toronto,,,,en_CA,"iPhone14,5",ios,18.5,CA,6.272.10001,2025-08-24 05:30:57.560,"",,,custom
toronto,,,,en_CA,"iPhone14,5",ios,18.5,CA,6.272.10001,2025-08-24 05:30:58.538,"",,,custom
toronto,,,,en_CA,"iPhone14,5",ios,18.5,CA,6.272.10001,2025-08-24 05:30:58.047,"",,,custom
toronto,,,,en_CA,"iPhone14,5",ios,18.5,CA,6.272.10001,2025-08-24 05:30:58.031,"",,,impression
toronto,,,,en_CA,"iPhone14,5",ios,18.5,CA,6.272.10001,2025-08-24 05:30:57.935,"",,,impression
toronto,,,,en_CA,"iPhone14,5",ios,18.5,CA,6.272.10001,2025-08-24 05:30:58.563,"",,,custom
toronto,,,,en_CA,"iPhone14,5",ios,18.5,CA,6.272.10001,2025-08-24 05:30:58.538,"",,,custom
toronto,,,,en_CA,"iPhone14,5",ios,18.5,CA,6.272.10001,2025-08-24 05:30:58.562,"",,,custom
toronto,,,,en_CA,"iPhone14,5",ios,18.5,CA,6.272.10001,2025-08-24 05:30:58.853,"",,,impression
toronto,,,,en_CA,"iPhone14,5",ios,18.5,CA,6.272.10001,2025-08-24 05:30:58.684,"",,,custom
toronto,,,,en_CA,"iPhone14,5",ios,18.5,CA,6.272.10001,2025-08-24 05:30:58.612,"",,,impression
toronto,,,,en_CA,"iPhone14,5",ios,18.5,CA,6.272.10001,2025-08-24 05:30:58.929,"",,,custom
toronto,,,,en_CA,"iPhone14,5",ios,18.5,CA,6.272.10001,2025-08-24 05:31:00.020,"",,,custom
toronto,,,,en_CA,"iPhone14,5",ios,18.5,CA,6.272.10001,2025-08-24 05:31:00.034,"",,,custom
toronto,,,,en_CA,"iPhone14,5",ios,18.5,CA,6.272.10001,2025-08-24 05:31:00.258,"",,,custom
toronto,,,,en_CA,"iPhone14,5",ios,18.5,CA,6.272.10001,2025-08-24 05:30:57.272,"",,,custom
toronto,,,,en_CA,"iPhone14,5",ios,18.5,CA,6.272.10001,2025-08-24 05:30:57.272,"",,,custom
toronto,,,,en_CA,"iPhone14,5",ios,18.5,CA,6.272.10001,2025-08-24 05:30:57.273,"",,,custom
toronto,,,,en_CA,"iPhone14,5",ios,18.5,CA,6.272.10001,2025-08-24 05:30:57.470,"",,,custom
toronto,,,,en_CA,"iPhone14,5",ios,18.5,CA,6.272.10001,2025-08-24 05:30:57.475,"",,,custom
toronto,,,,en_CA,"iPhone14,5",ios,18.5,CA,6.272.10001,2025-08-24 05:30:57.471,"",,,custom
toronto,,,,en_CA,"iPhone14,5",ios,18.5,CA,6.272.10001,2025-08-24 05:30:57.474,"",,,custom
toronto,,,,en_CA,"iPhone14,5",ios,18.5,CA,6.272.10001,2025-08-24 05:30:57.513,"",,,impression
toronto,,,,en_CA,"iPhone14,5",ios,18.5,CA,6.272.10001,2025-08-24 05:30:57.538,"",,,custom
toronto,,,,en_CA,"iPhone14,5",ios,18.5,CA,6.272.10001,2025-08-24 05:30:57.545,"",,,custom
toronto,,,,en_CA,"iPhone14,5",ios,18.5,CA,6.272.10001,2025-08-24 05:30:57.514,"",,,tap
toronto,,,,en_CA,"iPhone14,5",ios,18.5,CA,6.272.10001,2025-08-24 05:30:57.537,"",,,custom
toronto,,,,en_CA,"iPhone14,5",ios,18.5,CA,6.272.10001,2025-08-24 05:30:57.538,"",,,custom
toronto,,,,en_CA,"iPhone14,5",ios,18.5,CA,6.272.10001,2025-08-24 05:30:57.539,"",,,custom
toronto,,,,en_CA,"iPhone14,5",ios,18.5,CA,6.272.10001,2025-08-24 05:30:57.547,"",,,custom
toronto,,,,en_CA,"iPhone14,5",ios,18.5,CA,6.272.10001,2025-08-24 05:30:57.548,"",,,custom
toronto,,,,en_CA,"iPhone14,5",ios,18.5,CA,6.272.10001,2025-08-24 05:30:57.548,"",,,custom
toronto,,,,en_CA,"iPhone14,5",ios,18.5,CA,6.272.10001,2025-08-24 05:30:57.546,"",,,custom
toronto,,,,en_CA,"iPhone14,5",ios,18.5,CA,6.272.10001,2025-08-24 05:30:57.551,"",,,custom
toronto,,,,en_CA,"iPhone14,5",ios,18.5,CA,6.272.10001,2025-08-24 05:30:57.558,"",,,custom
toronto,,,,en_CA,"iPhone14,5",ios,18.5,CA,6.272.10001,2025-08-24 05:30:57.560,"",,,custom
toronto,,,,en_CA,"iPhone14,5",ios,18.5,CA,6.272.10001,2025-08-24 05:30:57.549,"",,,custom
toronto,,,,en_CA,"iPhone14,5",ios,18.5,CA,6.272.10001,2025-08-24 05:30:57.548,"",,,custom
toronto,,,,en_CA,"iPhone14,5",ios,18.5,CA,6.272.10001,2025-08-24 05:30:57.562,"",,,impression
toronto,,,,en_CA,"iPhone14,5",ios,18.5,CA,6.272.10001,2025-08-24 05:30:57.790,"",,,impression
toronto,,,,en_CA,"iPhone14,5",ios,18.5,CA,6.272.10001,2025-08-24 05:30:57.563,"",,,impression
toronto,,,,en_CA,"iPhone14,5",ios,18.5,CA,6.272.10001,2025-08-24 05:30:57.565,"",,,impression
toronto,,,,en_CA,"iPhone14,5",ios,18.5,CA,6.272.10001,2025-08-24 05:30:57.563,"",,,impression
toronto,,,,en_CA,"iPhone14,5",ios,18.5,CA,6.272.10001,2025-08-24 05:30:57.564,"",,,impression
toronto,,,,en_CA,"iPhone14,5",ios,18.5,CA,6.272.10001,2025-08-24 05:30:58.016,"",,,custom
toronto,,,,en_CA,"iPhone14,5",ios,18.5,CA,6.272.10001,2025-08-24 05:30:58.449,"",,,custom
toronto,,,,en_CA,"iPhone14,5",ios,18.5,CA,6.272.10001,2025-08-24 05:30:58.524,"",,,custom
toronto,,,,en_CA,"iPhone14,5",ios,18.5,CA,6.272.10001,2025-08-24 05:30:58.449,"",,,custom
toronto,,,,en_CA,"iPhone14,5",ios,18.5,CA,6.272.10001,2025-08-24 05:30:58.536,"",,,custom
toronto,,,,en_CA,"iPhone14,5",ios,18.5,CA,6.272.10001,2025-08-24 05:30:58.524,"",,,custom
toronto,,,,en_CA,"iPhone14,5",ios,18.5,CA,6.272.10001,2025-08-24 05:30:58.537,"",,,custom
toronto,,,,en_CA,"iPhone14,5",ios,18.5,CA,6.272.10001,2025-08-24 05:30:58.537,"",,,custom
toronto,,,,en_CA,"iPhone14,5",ios,18.5,CA,6.272.10001,2025-08-24 05:30:58.537,"",,,custom
toronto,,,,en_CA,"iPhone14,5",ios,18.5,CA,6.272.10001,2025-08-24 05:30:58.537,"",,,custom
toronto,,,,en_CA,"iPhone14,5",ios,18.5,CA,6.272.10001,2025-08-24 05:30:58.586,"",,,custom
toronto,,,,en_CA,"iPhone14,5",ios,18.5,CA,6.272.10001,2025-08-24 05:30:58.586,"",,,custom
toronto,,,,en_CA,"iPhone14,5",ios,18.5,CA,6.272.10001,2025-08-24 05:30:58.643,"",,,custom
toronto,,,,en_CA,"iPhone14,5",ios,18.5,CA,6.272.10001,2025-08-24 05:30:58.587,"",,,custom
toronto,,,,en_CA,"iPhone14,5",ios,18.5,CA,6.272.10001,2025-08-24 05:30:58.587,"",,,custom
toronto,,,,en_CA,"iPhone14,5",ios,18.5,CA,6.272.10001,2025-08-24 05:30:58.693,"",,,custom
toronto,,,,en_CA,"iPhone14,5",ios,18.5,CA,6.272.10001,2025-08-24 05:30:58.643,"",,,custom
toronto,,,,en_CA,"iPhone14,5",ios,18.5,CA,6.272.10001,2025-08-24 05:30:58.643,"",,,custom
toronto,,,,en_CA,"iPhone14,5",ios,18.5,CA,6.272.10001,2025-08-24 05:30:58.892,"",,,custom
toronto,,,,en_CA,"iPhone14,5",ios,18.5,CA,6.272.10001,2025-08-24 05:30:58.897,"",,,custom
toronto,,,,en_CA,"iPhone14,5",ios,18.5,CA,6.272.10001,2025-08-24 05:30:58.929,"",,,custom
toronto,,,,en_CA,"iPhone14,5",ios,18.5,CA,6.272.10001,2025-08-24 05:30:58.898,"",,,custom
toronto,,,,en_CA,"iPhone14,5",ios,18.5,CA,6.272.10001,2025-08-24 05:30:58.928,"",,,custom
toronto,,,,en_CA,"iPhone14,5",ios,18.5,CA,6.272.10001,2025-08-24 05:30:58.896,"",,,custom
toronto,,,,en_CA,"iPhone14,5",ios,18.5,CA,6.272.10001,2025-08-24 05:30:59.155,"",,,custom
toronto,,,,en_CA,"iPhone14,5",ios,18.5,CA,6.272.10001,2025-08-24 05:30:59.146,"",,,custom
toronto,,,,en_CA,"iPhone14,5",ios,18.5,CA,6.272.10001,2025-08-24 05:30:59.146,"",,,custom
toronto,,,,en_CA,"iPhone14,5",ios,18.5,CA,6.272.10001,2025-08-24 05:30:59.170,"",,,custom
toronto,,,,en_CA,"iPhone14,5",ios,18.5,CA,6.272.10001,2025-08-24 05:30:59.009,"",,,custom
toronto,,,,en_CA,"iPhone14,5",ios,18.5,CA,6.272.10001,2025-08-24 05:31:00.029,"",,,custom
toronto,,,,en_CA,"iPhone14,5",ios,18.5,CA,6.272.10001,2025-08-24 05:30:57.270,"",,,impression
toronto,,,,en_CA,"iPhone14,5",ios,18.5,CA,6.272.10001,2025-08-24 05:31:00.029,"",,,custom
toronto,,,,en_CA,"iPhone14,5",ios,18.5,CA,6.272.10001,2025-08-24 05:30:59.821,"",,,custom
toronto,,,,en_CA,"iPhone14,5",ios,18.5,CA,6.272.10001,2025-08-24 05:30:59.799,"",,,custom
toronto,,,,en_CA,"iPhone14,5",ios,18.5,CA,6.272.10001,2025-08-24 05:31:00.031,"",,,custom
toronto,,,,en_CA,"iPhone14,5",ios,18.5,CA,6.272.10001,2025-08-24 05:30:57.285,"",,,custom
toronto,,,,en_CA,"iPhone14,5",ios,18.5,CA,6.272.10001,2025-08-24 05:30:57.282,"",,,custom
toronto,,,,en_CA,"iPhone14,5",ios,18.5,CA,6.272.10001,2025-08-24 05:30:57.286,"",,,custom
toronto,,,,en_CA,"iPhone14,5",ios,18.5,CA,6.272.10001,2025-08-24 05:30:57.456,"",,,custom
toronto,,,,en_CA,"iPhone14,5",ios,18.5,CA,6.272.10001,2025-08-24 05:30:57.464,"",,,custom
toronto,,,,en_CA,"iPhone14,5",ios,18.5,CA,6.272.10001,2025-08-24 05:30:57.464,"",,,custom
toronto,,,,en_CA,"iPhone14,5",ios,18.5,CA,6.272.10001,2025-08-24 05:30:57.289,"",,,custom
toronto,,,,en_CA,"iPhone14,5",ios,18.5,CA,6.272.10001,2025-08-24 05:30:57.457,"",,,custom
toronto,,,,en_CA,"iPhone14,5",ios,18.5,CA,6.272.10001,2025-08-24 05:30:57.456,"",,,custom
toronto,,,,en_CA,"iPhone14,5",ios,18.5,CA,6.272.10001,2025-08-24 05:30:57.538,"",,,custom
toronto,,,,en_CA,"iPhone14,5",ios,18.5,CA,6.272.10001,2025-08-24 05:30:57.469,"",,,custom
toronto,,,,en_CA,"iPhone14,5",ios,18.5,CA,6.272.10001,2025-08-24 05:30:57.512,"",,,custom
toronto,,,,en_CA,"iPhone14,5",ios,18.5,CA,6.272.10001,2025-08-24 05:30:57.549,"",,,custom
toronto,,,,en_CA,"iPhone14,5",ios,18.5,CA,6.272.10001,2025-08-24 05:30:57.565,"",,,impression
toronto,,,,en_CA,"iPhone14,5",ios,18.5,CA,6.272.10001,2025-08-24 05:30:57.565,"",,,tap
toronto,,,,en_CA,"iPhone14,5",ios,18.5,CA,6.272.10001,2025-08-24 05:30:58.131,"",,,custom
toronto,,,,en_CA,"iPhone14,5",ios,18.5,CA,6.272.10001,2025-08-24 05:30:57.565,"",,,custom
toronto,,,,en_CA,"iPhone14,5",ios,18.5,CA,6.272.10001,2025-08-24 05:30:58.448,"",,,custom
toronto,,,,en_CA,"iPhone14,5",ios,18.5,CA,6.272.10001,2025-08-24 05:30:58.460,"",,,custom
toronto,,,,en_CA,"iPhone14,5",ios,18.5,CA,6.272.10001,2025-08-24 05:30:58.448,"",,,custom
toronto,,,,en_CA,"iPhone14,5",ios,18.5,CA,6.272.10001,2025-08-24 05:30:58.586,"",,,custom
toronto,,,,en_CA,"iPhone14,5",ios,18.5,CA,6.272.10001,2025-08-24 05:30:58.586,"",,,custom
toronto,,,,en_CA,"iPhone14,5",ios,18.5,CA,6.272.10001,2025-08-24 05:30:58.550,"",,,impression
toronto,,,,en_CA,"iPhone14,5",ios,18.5,CA,6.272.10001,2025-08-24 05:30:58.563,"",,,custom
toronto,,,,en_CA,"iPhone14,5",ios,18.5,CA,6.272.10001,2025-08-24 05:30:58.610,"",,,custom
toronto,,,,en_CA,"iPhone14,5",ios,18.5,CA,6.272.10001,2025-08-24 05:30:58.587,"",,,custom
toronto,,,,en_CA,"iPhone14,5",ios,18.5,CA,6.272.10001,2025-08-24 05:30:58.610,"",,,custom
toronto,,,,en_CA,"iPhone14,5",ios,18.5,CA,6.272.10001,2025-08-24 05:30:58.611,"",,,custom
toronto,,,,en_CA,"iPhone14,5",ios,18.5,CA,6.272.10001,2025-08-24 05:30:58.611,"",,,custom
toronto,,,,en_CA,"iPhone14,5",ios,18.5,CA,6.272.10001,2025-08-24 05:30:58.611,"",,,custom
toronto,,,,en_CA,"iPhone14,5",ios,18.5,CA,6.272.10001,2025-08-24 05:30:58.684,"",,,custom
toronto,,,,en_CA,"iPhone14,5",ios,18.5,CA,6.272.10001,2025-08-24 05:30:58.684,"",,,custom
toronto,,,,en_CA,"iPhone14,5",ios,18.5,CA,6.272.10001,2025-08-24 05:30:58.695,"",,,custom
toronto,,,,en_CA,"iPhone14,5",ios,18.5,CA,6.272.10001,2025-08-24 05:30:58.695,"",,,custom
toronto,,,,en_CA,"iPhone14,5",ios,18.5,CA,6.272.10001,2025-08-24 05:30:58.694,"",,,custom
toronto,,,,en_CA,"iPhone14,5",ios,18.5,CA,6.272.10001,2025-08-24 05:30:58.695,"",,,custom
toronto,,,,en_CA,"iPhone14,5",ios,18.5,CA,6.272.10001,2025-08-24 05:30:58.695,"",,,custom
toronto,,,,en_CA,"iPhone14,5",ios,18.5,CA,6.272.10001,2025-08-24 05:30:58.696,"",,,custom
toronto,,,,en_CA,"iPhone14,5",ios,18.5,CA,6.272.10001,2025-08-24 05:30:58.696,"",,,custom
toronto,,,,en_CA,"iPhone14,5",ios,18.5,CA,6.272.10001,2025-08-24 05:30:58.719,"",,,custom
toronto,,,,en_CA,"iPhone14,5",ios,18.5,CA,6.272.10001,2025-08-24 05:30:58.696,"",,,custom
toronto,,,,en_CA,"iPhone14,5",ios,18.5,CA,6.272.10001,2025-08-24 05:30:59.926,"",,,impression
toronto,,,,en_CA,"iPhone14,5",ios,18.5,CA,6.272.10001,2025-08-24 05:30:59.279,"",,,impression
toronto,,,,en_CA,"iPhone14,5",ios,18.5,CA,6.272.10001,2025-08-24 05:30:58.994,"",,,custom
toronto,,,,en_CA,"iPhone14,5",ios,18.5,CA,6.272.10001,2025-08-24 05:30:59.987,"",,,impression
toronto,,,,en_CA,"iPhone14,5",ios,18.5,CA,6.272.10001,2025-08-24 05:31:00.028,"",,,impression
toronto,,,,en_CA,"iPhone14,5",ios,18.5,CA,6.272.10001,2025-08-24 05:31:00.028,"",,,impression
toronto,,,,en_CA,"iPhone14,5",ios,18.5,CA,6.272.10001,2025-08-24 05:30:57.238,"",,,custom
toronto,,,,en_CA,"iPhone14,5",ios,18.5,CA,6.272.10001,2025-08-24 05:30:57.239,"",,,custom
toronto,,,,en_CA,"iPhone14,5",ios,18.5,CA,6.272.10001,2025-08-24 05:30:57.240,"",,,custom
toronto,,,,en_CA,"iPhone14,5",ios,18.5,CA,6.272.10001,2025-08-24 05:30:57.240,"",,,custom
toronto,,,,en_CA,"iPhone14,5",ios,18.5,CA,6.272.10001,2025-08-24 05:30:57.240,"",,,lifecycle
toronto,,,,en_CA,"iPhone14,5",ios,18.5,CA,6.272.10001,2025-08-24 05:30:57.240,"",,,custom
unknown,,,,en_CA,"iPhone14,5",ios,18.5,CA,6.272.10001,2025-09-12 18:47:32.400,"",,,lifecycle
toronto,,,,en_CA,"iPhone14,5",ios,18.5,CA,6.272.10001,2025-09-12 18:47:32.431,"",,,custom
toronto,,,,en_CA,"iPhone14,5",ios,18.5,CA,6.272.10001,2025-09-12 18:47:32.431,"",,,custom
toronto,,,,en_CA,"iPhone14,5",ios,18.5,CA,6.272.10001,2025-09-12 18:47:32.458,"",,,custom
toronto,,,,en_CA,"iPhone14,5",ios,18.5,CA,6.272.10001,2025-09-12 18:47:32.458,"",,,custom
toronto,,,,en_CA,"iPhone14,5",ios,18.5,CA,6.272.10001,2025-09-12 18:47:32.462,"",,,custom
toronto,,,,en_CA,"iPhone14,5",ios,18.5,CA,6.272.10001,2025-09-12 18:47:32.462,"",,,custom
toronto,,,,en_CA,"iPhone14,5",ios,18.5,CA,6.272.10001,2025-09-12 18:47:33.082,"",,,impression
toronto,,,,en_CA,"iPhone14,5",ios,18.5,CA,6.272.10001,2025-09-12 18:47:33.218,"",,,impression
toronto,,,,en_CA,"iPhone14,5",ios,18.5,CA,6.272.10001,2025-09-12 18:47:33.274,"",,,impression
toronto,,,,en_CA,"iPhone14,5",ios,18.5,CA,6.272.10001,2025-09-12 18:47:34.005,"",,,custom
toronto,,,,en_CA,"iPhone14,5",ios,18.5,CA,6.272.10001,2025-09-12 18:47:34.006,"",,,custom
toronto,,,,en_CA,"iPhone14,5",ios,18.5,CA,6.272.10001,2025-09-12 18:47:33.292,"",,,custom
toronto,,,,en_CA,"iPhone14,5",ios,18.5,CA,6.272.10001,2025-09-12 18:47:34.024,"",,,impression
toronto,,,,en_CA,"iPhone14,5",ios,18.5,CA,6.272.10001,2025-09-12 18:47:34.334,"",,,custom
toronto,,,,en_CA,"iPhone14,5",ios,18.5,CA,6.272.10001,2025-09-12 18:47:35.313,"",,,custom
toronto,,,,en_CA,"iPhone14,5",ios,18.5,CA,6.272.10001,2025-09-12 18:47:34.976,"",,,impression
toronto,,,,en_CA,"iPhone14,5",ios,18.5,CA,6.272.10001,2025-09-12 18:47:35.552,"",,,custom
toronto,,,,en_CA,"iPhone14,5",ios,18.5,CA,6.272.10001,2025-09-12 18:47:35.345,"",,,custom
toronto,,,,en_CA,"iPhone14,5",ios,18.5,CA,6.272.10001,2025-09-12 18:47:32.391,"",,,custom
toronto,,,,en_CA,"iPhone14,5",ios,18.5,CA,6.272.10001,2025-09-12 18:47:32.391,"",,,custom
toronto,,,,en_CA,"iPhone14,5",ios,18.5,CA,6.272.10001,2025-09-12 18:47:32.393,"",,,custom
toronto,,,,en_CA,"iPhone14,5",ios,18.5,CA,6.272.10001,2025-09-12 18:47:32.429,"",,,custom
toronto,,,,en_CA,"iPhone14,5",ios,18.5,CA,6.272.10001,2025-09-12 18:47:32.429,"",,,custom
toronto,,,,en_CA,"iPhone14,5",ios,18.5,CA,6.272.10001,2025-09-12 18:47:32.429,"",,,custom
toronto,,,,en_CA,"iPhone14,5",ios,18.5,CA,6.272.10001,2025-09-12 18:47:32.432,"",,,impression
toronto,,,,en_CA,"iPhone14,5",ios,18.5,CA,6.272.10001,2025-09-12 18:47:32.449,"",,,custom
toronto,,,,en_CA,"iPhone14,5",ios,18.5,CA,6.272.10001,2025-09-12 18:47:32.430,"",,,custom
toronto,,,,en_CA,"iPhone14,5",ios,18.5,CA,6.272.10001,2025-09-12 18:47:32.432,"",,,tap
toronto,,,,en_CA,"iPhone14,5",ios,18.5,CA,6.272.10001,2025-09-12 18:47:32.452,"",,,custom
toronto,,,,en_CA,"iPhone14,5",ios,18.5,CA,6.272.10001,2025-09-12 18:47:32.451,"",,,custom
toronto,,,,en_CA,"iPhone14,5",ios,18.5,CA,6.272.10001,2025-09-12 18:47:32.455,"",,,custom
toronto,,,,en_CA,"iPhone14,5",ios,18.5,CA,6.272.10001,2025-09-12 18:47:32.455,"",,,custom
toronto,,,,en_CA,"iPhone14,5",ios,18.5,CA,6.272.10001,2025-09-12 18:47:32.456,"",,,custom
toronto,,,,en_CA,"iPhone14,5",ios,18.5,CA,6.272.10001,2025-09-12 18:47:32.456,"",,,custom
toronto,,,,en_CA,"iPhone14,5",ios,18.5,CA,6.272.10001,2025-09-12 18:47:32.457,"",,,custom
toronto,,,,en_CA,"iPhone14,5",ios,18.5,CA,6.272.10001,2025-09-12 18:47:32.456,"",,,custom
toronto,,,,en_CA,"iPhone14,5",ios,18.5,CA,6.272.10001,2025-09-12 18:47:32.457,"",,,custom
toronto,,,,en_CA,"iPhone14,5",ios,18.5,CA,6.272.10001,2025-09-12 18:47:32.462,"",,,custom
toronto,,,,en_CA,"iPhone14,5",ios,18.5,CA,6.272.10001,2025-09-12 18:47:32.457,"",,,custom
toronto,,,,en_CA,"iPhone14,5",ios,18.5,CA,6.272.10001,2025-09-12 18:47:32.462,"",,,custom
toronto,,,,en_CA,"iPhone14,5",ios,18.5,CA,6.272.10001,2025-09-12 18:47:32.462,"",,,custom
toronto,,,,en_CA,"iPhone14,5",ios,18.5,CA,6.272.10001,2025-09-12 18:47:32.627,"",,,impression
toronto,,,,en_CA,"iPhone14,5",ios,18.5,CA,6.272.10001,2025-09-12 18:47:32.628,"",,,impression
toronto,,,,en_CA,"iPhone14,5",ios,18.5,CA,6.272.10001,2025-09-12 18:47:32.628,"",,,impression
toronto,,,,en_CA,"iPhone14,5",ios,18.5,CA,6.272.10001,2025-09-12 18:47:32.999,"",,,impression
toronto,,,,en_CA,"iPhone14,5",ios,18.5,CA,6.272.10001,2025-09-12 18:47:33.218,"",,,custom
toronto,,,,en_CA,"iPhone14,5",ios,18.5,CA,6.272.10001,2025-09-12 18:47:32.630,"",,,impression
toronto,,,,en_CA,"iPhone14,5",ios,18.5,CA,6.272.10001,2025-09-12 18:47:32.629,"",,,impression
toronto,,,,en_CA,"iPhone14,5",ios,18.5,CA,6.272.10001,2025-09-12 18:47:33.861,"",,,custom
toronto,,,,en_CA,"iPhone14,5",ios,18.5,CA,6.272.10001,2025-09-12 18:47:34.003,"",,,custom
toronto,,,,en_CA,"iPhone14,5",ios,18.5,CA,6.272.10001,2025-09-12 18:47:33.860,"",,,custom
toronto,,,,en_CA,"iPhone14,5",ios,18.5,CA,6.272.10001,2025-09-12 18:47:34.006,"",,,custom
toronto,,,,en_CA,"iPhone14,5",ios,18.5,CA,6.272.10001,2025-09-12 18:47:34.010,"",,,custom
toronto,,,,en_CA,"iPhone14,5",ios,18.5,CA,6.272.10001,2025-09-12 18:47:34.034,"",,,custom
toronto,,,,en_CA,"iPhone14,5",ios,18.5,CA,6.272.10001,2025-09-12 18:47:34.021,"",,,custom
toronto,,,,en_CA,"iPhone14,5",ios,18.5,CA,6.272.10001,2025-09-12 18:47:34.040,"",,,custom
toronto,,,,en_CA,"iPhone14,5",ios,18.5,CA,6.272.10001,2025-09-12 18:47:34.088,"",,,custom
toronto,,,,en_CA,"iPhone14,5",ios,18.5,CA,6.272.10001,2025-09-12 18:47:34.336,"",,,custom
toronto,,,,en_CA,"iPhone14,5",ios,18.5,CA,6.272.10001,2025-09-12 18:47:34.353,"",,,custom
toronto,,,,en_CA,"iPhone14,5",ios,18.5,CA,6.272.10001,2025-09-12 18:47:34.550,"",,,custom
toronto,,,,en_CA,"iPhone14,5",ios,18.5,CA,6.272.10001,2025-09-12 18:47:34.617,"",,,custom
toronto,,,,en_CA,"iPhone14,5",ios,18.5,CA,6.272.10001,2025-09-12 18:47:34.353,"",,,custom
toronto,,,,en_CA,"iPhone14,5",ios,18.5,CA,6.272.10001,2025-09-12 18:47:34.918,"",,,custom
toronto,,,,en_CA,"iPhone14,5",ios,18.5,CA,6.272.10001,2025-09-12 18:47:34.915,"",,,custom
toronto,,,,en_CA,"iPhone14,5",ios,18.5,CA,6.272.10001,2025-09-12 18:47:34.915,"",,,custom
toronto,,,,en_CA,"iPhone14,5",ios,18.5,CA,6.272.10001,2025-09-12 18:47:34.915,"",,,custom
toronto,,,,en_CA,"iPhone14,5",ios,18.5,CA,6.272.10001,2025-09-12 18:47:34.918,"",,,custom
toronto,,,,en_CA,"iPhone14,5",ios,18.5,CA,6.272.10001,2025-09-12 18:47:35.030,"",,,custom
toronto,,,,en_CA,"iPhone14,5",ios,18.5,CA,6.272.10001,2025-09-12 18:47:35.014,"",,,custom
toronto,,,,en_CA,"iPhone14,5",ios,18.5,CA,6.272.10001,2025-09-12 18:47:35.030,"",,,custom
toronto,,,,en_CA,"iPhone14,5",ios,18.5,CA,6.272.10001,2025-09-12 18:47:35.043,"",,,custom
toronto,,,,en_CA,"iPhone14,5",ios,18.5,CA,6.272.10001,2025-09-12 18:47:35.030,"",,,custom
toronto,,,,en_CA,"iPhone14,5",ios,18.5,CA,6.272.10001,2025-09-12 18:47:35.042,"",,,custom
toronto,,,,en_CA,"iPhone14,5",ios,18.5,CA,6.272.10001,2025-09-12 18:47:35.055,"",,,custom
toronto,,,,en_CA,"iPhone14,5",ios,18.5,CA,6.272.10001,2025-09-12 18:47:35.111,"",,,custom
toronto,,,,en_CA,"iPhone14,5",ios,18.5,CA,6.272.10001,2025-09-12 18:47:35.065,"",,,custom
toronto,,,,en_CA,"iPhone14,5",ios,18.5,CA,6.272.10001,2025-09-12 18:47:35.128,"",,,custom
toronto,,,,en_CA,"iPhone14,5",ios,18.5,CA,6.272.10001,2025-09-12 18:47:35.334,"",,,custom
toronto,,,,en_CA,"iPhone14,5",ios,18.5,CA,6.272.10001,2025-09-12 18:47:35.118,"",,,custom
toronto,,,,en_CA,"iPhone14,5",ios,18.5,CA,6.272.10001,2025-09-12 18:47:35.336,"",,,custom
toronto,,,,en_CA,"iPhone14,5",ios,18.5,CA,6.272.10001,2025-09-12 18:47:35.335,"",,,custom
toronto,,,,en_CA,"iPhone14,5",ios,18.5,CA,6.272.10001,2025-09-12 18:47:32.396,"",,,custom
toronto,,,,en_CA,"iPhone14,5",ios,18.5,CA,6.272.10001,2025-09-12 18:47:32.396,"",,,custom
toronto,,,,en_CA,"iPhone14,5",ios,18.5,CA,6.272.10001,2025-09-12 18:47:32.397,"",,,custom
toronto,,,,en_CA,"iPhone14,5",ios,18.5,CA,6.272.10001,2025-09-12 18:47:32.400,"",,,custom
toronto,,,,en_CA,"iPhone14,5",ios,18.5,CA,6.272.10001,2025-09-12 18:47:32.400,"",,,custom
toronto,,,,en_CA,"iPhone14,5",ios,18.5,CA,6.272.10001,2025-09-12 18:47:32.400,"",,,custom
toronto,,,,en_CA,"iPhone14,5",ios,18.5,CA,6.272.10001,2025-09-12 18:47:32.400,"",,,custom
toronto,,,,en_CA,"iPhone14,5",ios,18.5,CA,6.272.10001,2025-09-12 18:47:32.401,"",,,custom
toronto,,,,en_CA,"iPhone14,5",ios,18.5,CA,6.272.10001,2025-09-12 18:47:32.401,"",,,custom
toronto,,,,en_CA,"iPhone14,5",ios,18.5,CA,6.272.10001,2025-09-12 18:47:32.400,"",,,custom
toronto,,,,en_CA,"iPhone14,5",ios,18.5,CA,6.272.10001,2025-09-12 18:47:32.432,"",,,custom
toronto,,,,en_CA,"iPhone14,5",ios,18.5,CA,6.272.10001,2025-09-12 18:47:32.453,"",,,custom
toronto,,,,en_CA,"iPhone14,5",ios,18.5,CA,6.272.10001,2025-09-12 18:47:32.459,"",,,custom
toronto,,,,en_CA,"iPhone14,5",ios,18.5,CA,6.272.10001,2025-09-12 18:47:32.459,"",,,impression
toronto,,,,en_CA,"iPhone14,5",ios,18.5,CA,6.272.10001,2025-09-12 18:47:32.662,"",,,tap
toronto,,,,en_CA,"iPhone14,5",ios,18.5,CA,6.272.10001,2025-09-12 18:47:32.796,"",,,custom
toronto,,,,en_CA,"iPhone14,5",ios,18.5,CA,6.272.10001,2025-09-12 18:47:32.663,"",,,impression
toronto,,,,en_CA,"iPhone14,5",ios,18.5,CA,6.272.10001,2025-09-12 18:47:33.364,"",,,custom
toronto,,,,en_CA,"iPhone14,5",ios,18.5,CA,6.272.10001,2025-09-12 18:47:33.859,"",,,custom
toronto,,,,en_CA,"iPhone14,5",ios,18.5,CA,6.272.10001,2025-09-12 18:47:33.859,"",,,custom
toronto,,,,en_CA,"iPhone14,5",ios,18.5,CA,6.272.10001,2025-09-12 18:47:33.875,"",,,custom
toronto,,,,en_CA,"iPhone14,5",ios,18.5,CA,6.272.10001,2025-09-12 18:47:34.014,"",,,custom
toronto,,,,en_CA,"iPhone14,5",ios,18.5,CA,6.272.10001,2025-09-12 18:47:34.015,"",,,custom
toronto,,,,en_CA,"iPhone14,5",ios,18.5,CA,6.272.10001,2025-09-12 18:47:34.015,"",,,custom
toronto,,,,en_CA,"iPhone14,5",ios,18.5,CA,6.272.10001,2025-09-12 18:47:34.021,"",,,custom
toronto,,,,en_CA,"iPhone14,5",ios,18.5,CA,6.272.10001,2025-09-12 18:47:34.015,"",,,custom
toronto,,,,en_CA,"iPhone14,5",ios,18.5,CA,6.272.10001,2025-09-12 18:47:34.042,"",,,custom
toronto,,,,en_CA,"iPhone14,5",ios,18.5,CA,6.272.10001,2025-09-12 18:47:34.042,"",,,custom
toronto,,,,en_CA,"iPhone14,5",ios,18.5,CA,6.272.10001,2025-09-12 18:47:34.043,"",,,custom
toronto,,,,en_CA,"iPhone14,5",ios,18.5,CA,6.272.10001,2025-09-12 18:47:34.043,"",,,custom
toronto,,,,en_CA,"iPhone14,5",ios,18.5,CA,6.272.10001,2025-09-12 18:47:34.088,"",,,custom
toronto,,,,en_CA,"iPhone14,5",ios,18.5,CA,6.272.10001,2025-09-12 18:47:34.088,"",,,custom
toronto,,,,en_CA,"iPhone14,5",ios,18.5,CA,6.272.10001,2025-09-12 18:47:34.088,"",,,custom
toronto,,,,en_CA,"iPhone14,5",ios,18.5,CA,6.272.10001,2025-09-12 18:47:34.088,"",,,custom
toronto,,,,en_CA,"iPhone14,5",ios,18.5,CA,6.272.10001,2025-09-12 18:47:34.088,"",,,custom
toronto,,,,en_CA,"iPhone14,5",ios,18.5,CA,6.272.10001,2025-09-12 18:47:34.089,"",,,custom
toronto,,,,en_CA,"iPhone14,5",ios,18.5,CA,6.272.10001,2025-09-12 18:47:34.088,"",,,custom
toronto,,,,en_CA,"iPhone14,5",ios,18.5,CA,6.272.10001,2025-09-12 18:47:34.089,"",,,custom
toronto,,,,en_CA,"iPhone14,5",ios,18.5,CA,6.272.10001,2025-09-12 18:47:34.089,"",,,custom
toronto,,,,en_CA,"iPhone14,5",ios,18.5,CA,6.272.10001,2025-09-12 18:47:34.090,"",,,custom
toronto,,,,en_CA,"iPhone14,5",ios,18.5,CA,6.272.10001,2025-09-12 18:47:34.919,"",,,custom
toronto,,,,en_CA,"iPhone14,5",ios,18.5,CA,6.272.10001,2025-09-12 18:47:34.665,"",,,impression
toronto,,,,en_CA,"iPhone14,5",ios,18.5,CA,6.272.10001,2025-09-12 18:47:34.379,"",,,custom
toronto,,,,en_CA,"iPhone14,5",ios,18.5,CA,6.272.10001,2025-09-12 18:47:34.922,"",,,custom
toronto,,,,en_CA,"iPhone14,5",ios,18.5,CA,6.272.10001,2025-09-12 18:47:35.132,"",,,impression
toronto,,,,en_CA,"iPhone14,5",ios,18.5,CA,6.272.10001,2025-09-12 18:47:35.327,"",,,impression
toronto,,,,en_CA,"iPhone14,5",ios,18.5,CA,6.272.10001,2025-09-12 18:47:35.327,"",,,impression
toronto,,,,en_CA,"iPhone14,5",ios,18.5,CA,6.272.10001,2025-09-12 18:47:32.363,"",,,custom
toronto,,,,en_CA,"iPhone14,5",ios,18.5,CA,6.272.10001,2025-09-12 18:47:32.364,"",,,custom
toronto,,,,en_CA,"iPhone14,5",ios,18.5,CA,6.272.10001,2025-09-12 18:47:32.364,"",,,custom
toronto,,,,en_CA,"iPhone14,5",ios,18.5,CA,6.272.10001,2025-09-12 18:47:32.368,"",,,custom
toronto,,,,en_CA,"iPhone14,5",ios,18.5,CA,6.272.10001,2025-09-12 18:47:32.365,"",,,custom
toronto,,,,en_CA,"iPhone14,5",ios,18.5,CA,6.272.10001,2025-09-12 18:47:32.390,"",,,impression
toronto,,,,en_CA,"iPhone14,5",ios,18.5,CA,6.272.10001,2025-09-12 18:47:32.369,"",,,lifecycle
toronto,,,,en_CA,"iPhone14,5",ios,18.5,CA,6.272.10001,2025-09-14 22:38:49.164,"",,,custom
toronto,,,,en_CA,"iPhone14,5",ios,18.5,CA,6.272.10001,2025-09-14 22:38:49.250,"",,,custom
toronto,,,,en_CA,"iPhone14,5",ios,18.5,CA,6.272.10001,2025-09-14 22:38:49.279,"",,,custom
toronto,,,,en_CA,"iPhone14,5",ios,18.5,CA,6.272.10001,2025-09-14 22:38:49.980,"",,,impression
toronto,,,,en_CA,"iPhone14,5",ios,18.5,CA,6.272.10001,2025-09-14 22:38:50.250,"",,,impression
toronto,,,,en_CA,"iPhone14,5",ios,18.5,CA,6.272.10001,2025-09-14 22:38:50.429,"",,,custom
toronto,,,,en_CA,"iPhone14,5",ios,18.5,CA,6.272.10001,2025-09-14 22:38:51.240,"",,,custom
toronto,,,,en_CA,"iPhone14,5",ios,18.5,CA,6.272.10001,2025-09-14 22:38:51.240,"",,,custom
toronto,,,,en_CA,"iPhone14,5",ios,18.5,CA,6.272.10001,2025-09-14 22:38:51.403,"",,,impression
toronto,,,,en_CA,"iPhone14,5",ios,18.5,CA,6.272.10001,2025-09-14 22:38:52.993,"",,,impression
toronto,,,,en_CA,"iPhone14,5",ios,18.5,CA,6.272.10001,2025-09-14 22:38:52.078,"",,,custom
toronto,,,,en_CA,"iPhone14,5",ios,18.5,CA,6.272.10001,2025-09-14 22:38:53.565,"",,,custom
toronto,,,,en_CA,"iPhone14,5",ios,18.5,CA,6.272.10001,2025-09-14 22:38:53.498,"",,,custom
toronto,,,,en_CA,"iPhone14,5",ios,18.5,CA,6.272.10001,2025-09-14 22:38:53.700,"",,,custom
toronto,,,,en_CA,"iPhone14,5",ios,18.5,CA,6.272.10001,2025-09-14 22:38:48.461,"",,,custom
toronto,,,,en_CA,"iPhone14,5",ios,18.5,CA,6.272.10001,2025-09-14 22:38:49.195,"",,,custom
toronto,,,,en_CA,"iPhone14,5",ios,18.5,CA,6.272.10001,2025-09-14 22:38:49.197,"",,,custom
toronto,,,,en_CA,"iPhone14,5",ios,18.5,CA,6.272.10001,2025-09-14 22:38:49.206,"",,,custom
toronto,,,,en_CA,"iPhone14,5",ios,18.5,CA,6.272.10001,2025-09-14 22:38:49.237,"",,,custom
toronto,,,,en_CA,"iPhone14,5",ios,18.5,CA,6.272.10001,2025-09-14 22:38:49.279,"",,,custom
toronto,,,,en_CA,"iPhone14,5",ios,18.5,CA,6.272.10001,2025-09-14 22:38:49.612,"",,,impression
toronto,,,,en_CA,"iPhone14,5",ios,18.5,CA,6.272.10001,2025-09-14 22:38:49.612,"",,,impression
toronto,,,,en_CA,"iPhone14,5",ios,18.5,CA,6.272.10001,2025-09-14 22:38:49.613,"",,,impression
toronto,,,,en_CA,"iPhone14,5",ios,18.5,CA,6.272.10001,2025-09-14 22:38:49.613,"",,,impression
toronto,,,,en_CA,"iPhone14,5",ios,18.5,CA,6.272.10001,2025-09-14 22:38:49.613,"",,,impression
toronto,,,,en_CA,"iPhone14,5",ios,18.5,CA,6.272.10001,2025-09-14 22:38:51.016,"",,,custom
toronto,,,,en_CA,"iPhone14,5",ios,18.5,CA,6.272.10001,2025-09-14 22:38:51.014,"",,,custom
toronto,,,,en_CA,"iPhone14,5",ios,18.5,CA,6.272.10001,2025-09-14 22:38:51.089,"",,,custom
toronto,,,,en_CA,"iPhone14,5",ios,18.5,CA,6.272.10001,2025-09-14 22:38:51.241,"",,,custom
toronto,,,,en_CA,"iPhone14,5",ios,18.5,CA,6.272.10001,2025-09-14 22:38:51.265,"",,,custom
toronto,,,,en_CA,"iPhone14,5",ios,18.5,CA,6.272.10001,2025-09-14 22:38:51.241,"",,,custom
toronto,,,,en_CA,"iPhone14,5",ios,18.5,CA,6.272.10001,2025-09-14 22:38:51.357,"",,,custom
toronto,,,,en_CA,"iPhone14,5",ios,18.5,CA,6.272.10001,2025-09-14 22:38:51.474,"",,,custom
toronto,,,,en_CA,"iPhone14,5",ios,18.5,CA,6.272.10001,2025-09-14 22:38:51.331,"",,,custom
toronto,,,,en_CA,"iPhone14,5",ios,18.5,CA,6.272.10001,2025-09-14 22:38:51.602,"",,,custom
toronto,,,,en_CA,"iPhone14,5",ios,18.5,CA,6.272.10001,2025-09-14 22:38:51.502,"",,,custom
toronto,,,,en_CA,"iPhone14,5",ios,18.5,CA,6.272.10001,2025-09-14 22:38:52.071,"",,,custom
toronto,,,,en_CA,"iPhone14,5",ios,18.5,CA,6.272.10001,2025-09-14 22:38:52.078,"",,,custom
toronto,,,,en_CA,"iPhone14,5",ios,18.5,CA,6.272.10001,2025-09-14 22:38:52.875,"",,,custom
toronto,,,,en_CA,"iPhone14,5",ios,18.5,CA,6.272.10001,2025-09-14 22:38:52.917,"",,,custom
toronto,,,,en_CA,"iPhone14,5",ios,18.5,CA,6.272.10001,2025-09-14 22:38:52.876,"",,,custom
toronto,,,,en_CA,"iPhone14,5",ios,18.5,CA,6.272.10001,2025-09-14 22:38:53.141,"",,,custom
toronto,,,,en_CA,"iPhone14,5",ios,18.5,CA,6.272.10001,2025-09-14 22:38:53.072,"",,,custom
toronto,,,,en_CA,"iPhone14,5",ios,18.5,CA,6.272.10001,2025-09-14 22:38:53.109,"",,,custom
toronto,,,,en_CA,"iPhone14,5",ios,18.5,CA,6.272.10001,2025-09-14 22:38:53.114,"",,,custom
toronto,,,,en_CA,"iPhone14,5",ios,18.5,CA,6.272.10001,2025-09-14 22:38:53.169,"",,,custom
toronto,,,,en_CA,"iPhone14,5",ios,18.5,CA,6.272.10001,2025-09-14 22:38:53.153,"",,,custom
toronto,,,,en_CA,"iPhone14,5",ios,18.5,CA,6.272.10001,2025-09-14 22:38:53.144,"",,,custom
toronto,,,,en_CA,"iPhone14,5",ios,18.5,CA,6.272.10001,2025-09-14 22:38:53.264,"",,,custom
toronto,,,,en_CA,"iPhone14,5",ios,18.5,CA,6.272.10001,2025-09-14 22:38:53.188,"",,,custom
toronto,,,,en_CA,"iPhone14,5",ios,18.5,CA,6.272.10001,2025-09-14 22:38:53.561,"",,,custom
toronto,,,,en_CA,"iPhone14,5",ios,18.5,CA,6.272.10001,2025-09-14 22:38:53.574,"",,,custom
toronto,,,,en_CA,"iPhone14,5",ios,18.5,CA,6.272.10001,2025-09-14 22:38:53.562,"",,,custom
toronto,,,,en_CA,"iPhone14,5",ios,18.5,CA,6.272.10001,2025-09-14 22:38:55.883,"",,,impression
toronto,,,,en_CA,"iPhone14,5",ios,18.5,CA,6.272.10001,2025-09-14 22:38:55.194,"",,,impression
toronto,,,,en_CA,"iPhone14,5",ios,18.5,CA,6.272.10001,2025-09-14 22:38:49.250,"",,,custom
toronto,,,,en_CA,"iPhone14,5",ios,18.5,CA,6.272.10001,2025-09-14 22:38:49.170,"",,,impression
toronto,,,,en_CA,"iPhone14,5",ios,18.5,CA,6.272.10001,2025-09-14 22:38:50.584,"",,,custom
toronto,,,,en_CA,"iPhone14,5",ios,18.5,CA,6.272.10001,2025-09-14 22:38:49.774,"",,,custom
toronto,,,,en_CA,"iPhone14,5",ios,18.5,CA,6.272.10001,2025-09-14 22:38:51.008,"",,,custom
toronto,,,,en_CA,"iPhone14,5",ios,18.5,CA,6.272.10001,2025-09-14 22:38:49.625,"",,,impression
toronto,,,,en_CA,"iPhone14,5",ios,18.5,CA,6.272.10001,2025-09-14 22:38:51.240,"",,,custom
toronto,,,,en_CA,"iPhone14,5",ios,18.5,CA,6.272.10001,2025-09-14 22:38:51.023,"",,,custom
toronto,,,,en_CA,"iPhone14,5",ios,18.5,CA,6.272.10001,2025-09-14 22:38:51.055,"",,,custom
toronto,,,,en_CA,"iPhone14,5",ios,18.5,CA,6.272.10001,2025-09-14 22:38:51.331,"",,,custom
toronto,,,,en_CA,"iPhone14,5",ios,18.5,CA,6.272.10001,2025-09-14 22:38:51.321,"",,,custom
toronto,,,,en_CA,"iPhone14,5",ios,18.5,CA,6.272.10001,2025-09-14 22:38:51.332,"",,,custom
toronto,,,,en_CA,"iPhone14,5",ios,18.5,CA,6.272.10001,2025-09-14 22:38:51.335,"",,,custom
toronto,,,,en_CA,"iPhone14,5",ios,18.5,CA,6.272.10001,2025-09-14 22:38:51.332,"",,,custom
toronto,,,,en_CA,"iPhone14,5",ios,18.5,CA,6.272.10001,2025-09-14 22:38:51.502,"",,,custom
toronto,,,,en_CA,"iPhone14,5",ios,18.5,CA,6.272.10001,2025-09-14 22:38:51.525,"",,,custom
toronto,,,,en_CA,"iPhone14,5",ios,18.5,CA,6.272.10001,2025-09-14 22:38:51.554,"",,,custom
toronto,,,,en_CA,"iPhone14,5",ios,18.5,CA,6.272.10001,2025-09-14 22:38:51.630,"",,,custom
toronto,,,,en_CA,"iPhone14,5",ios,18.5,CA,6.272.10001,2025-09-14 22:38:51.630,"",,,custom
toronto,,,,en_CA,"iPhone14,5",ios,18.5,CA,6.272.10001,2025-09-14 22:38:51.604,"",,,custom
toronto,,,,en_CA,"iPhone14,5",ios,18.5,CA,6.272.10001,2025-09-14 22:38:51.825,"",,,impression
toronto,,,,en_CA,"iPhone14,5",ios,18.5,CA,6.272.10001,2025-09-14 22:38:52.061,"",,,custom
toronto,,,,en_CA,"iPhone14,5",ios,18.5,CA,6.272.10001,2025-09-14 22:38:49.164,"",,,custom
toronto,,,,en_CA,"iPhone14,5",ios,18.5,CA,6.272.10001,2025-09-14 22:38:50.403,"",,,impression
toronto,,,,en_CA,"iPhone14,5",ios,18.5,CA,6.272.10001,2025-09-14 22:38:49.191,"",,,custom
toronto,,,,en_CA,"iPhone14,5",ios,18.5,CA,6.272.10001,2025-09-14 22:38:49.948,"",,,impression
toronto,,,,en_CA,"iPhone14,5",ios,18.5,CA,6.272.10001,2025-09-14 22:38:52.078,"",,,custom
toronto,,,,en_CA,"iPhone14,5",ios,18.5,CA,6.272.10001,2025-09-14 22:38:52.874,"",,,custom
toronto,,,,en_CA,"iPhone14,5",ios,18.5,CA,6.272.10001,2025-09-14 22:38:52.888,"",,,custom
toronto,,,,en_CA,"iPhone14,5",ios,18.5,CA,6.272.10001,2025-09-14 22:38:52.915,"",,,custom
toronto,,,,en_CA,"iPhone14,5",ios,18.5,CA,6.272.10001,2025-09-14 22:38:53.118,"",,,custom
toronto,,,,en_CA,"iPhone14,5",ios,18.5,CA,6.272.10001,2025-09-14 22:38:53.276,"",,,custom
toronto,,,,en_CA,"iPhone14,5",ios,18.5,CA,6.272.10001,2025-09-14 22:38:49.625,"",,,tap
toronto,,,,en_CA,"iPhone14,5",ios,18.5,CA,6.272.10001,2025-09-14 22:38:51.240,"",,,custom
toronto,,,,en_CA,"iPhone14,5",ios,18.5,CA,6.272.10001,2025-09-14 22:38:51.503,"",,,custom
toronto,,,,en_CA,"iPhone14,5",ios,18.5,CA,6.272.10001,2025-09-14 22:38:51.603,"",,,custom
toronto,,,,en_CA,"iPhone14,5",ios,18.5,CA,6.272.10001,2025-09-14 22:38:52.888,"",,,custom
toronto,,,,en_CA,"iPhone14,5",ios,18.5,CA,6.272.10001,2025-09-14 22:38:53.294,"",,,impression
toronto,,,,en_CA,"iPhone14,5",ios,18.5,CA,6.272.10001,2025-09-14 22:38:52.875,"",,,custom
toronto,,,,en_CA,"iPhone14,5",ios,18.5,CA,6.272.10001,2025-09-14 22:38:53.505,"",,,impression
toronto,,,,en_CA,"iPhone14,5",ios,18.5,CA,6.272.10001,2025-09-14 22:38:55.093,"",,,custom
toronto,,,,en_CA,"iPhone14,5",ios,18.5,CA,6.272.10001,2025-09-14 22:38:53.505,"",,,impression
toronto,,,,en_CA,"iPhone14,5",ios,18.5,CA,6.272.10001,2025-09-14 22:38:55.195,"",,,impression
toronto,,,,en_CA,"iPhone14,5",ios,18.5,CA,6.272.10001,2025-09-14 22:38:55.094,"",,,custom
toronto,,,,en_CA,"iPhone14,5",ios,18.5,CA,6.272.10001,2025-09-14 22:38:55.885,"",,,custom
toronto,,,,en_CA,"iPhone14,5",ios,18.5,CA,6.272.10001,2025-09-14 22:38:55.883,"",,,impression
toronto,,,,en_CA,"iPhone14,5",ios,18.5,CA,6.272.10001,2025-09-14 22:38:55.232,"",,,tap
toronto,,,,en_CA,"iPhone14,5",ios,18.5,CA,6.272.10001,2025-09-07 18:17:51.549,2025-09-07 18:17:51.000,43.93838,-78.70566,impression
toronto,,,,en_CA,"iPhone14,5",ios,18.5,CA,6.272.10001,2025-09-07 18:17:52.239,2025-09-07 18:17:52.000,43.93838,-78.70565,impression
toronto,,,,en_CA,"iPhone14,5",ios,18.5,CA,6.272.10001,2025-09-07 18:17:52.583,2025-09-07 18:17:52.000,43.93838,-78.70565,impression
toronto,,,,en_CA,"iPhone14,5",ios,18.5,CA,6.272.10001,2025-09-07 18:17:52.629,2025-09-07 18:17:52.000,43.93838,-78.70565,impression
toronto,,,,en_CA,"iPhone14,5",ios,18.5,CA,6.272.10001,2025-09-07 18:17:52.586,2025-09-07 18:17:52.000,43.93838,-78.70565,impression
toronto,,,,en_CA,"iPhone14,5",ios,18.5,CA,6.272.10001,2025-09-07 18:17:52.586,2025-09-07 18:17:52.000,43.93838,-78.70565,impression
toronto,,,,en_CA,"iPhone14,5",ios,18.5,CA,6.272.10001,2025-09-07 18:17:52.631,2025-09-07 18:17:52.000,43.93838,-78.70565,impression
toronto,,,,en_CA,"iPhone14,5",ios,18.5,CA,6.272.10001,2025-09-07 18:17:52.630,2025-09-07 18:17:52.000,43.93838,-78.70565,impression
toronto,,,,en_CA,"iPhone14,5",ios,18.5,CA,6.272.10001,2025-09-07 18:17:53.732,2025-09-07 18:17:53.000,43.93838,-78.70565,impression
toronto,,,,en_CA,"iPhone14,5",ios,18.5,CA,6.272.10001,2025-09-07 18:17:53.535,2025-09-07 18:17:53.000,43.93838,-78.70565,impression
toronto,,,,en_CA,"iPhone14,5",ios,18.5,CA,6.272.10001,2025-09-07 18:17:53.535,2025-09-07 18:17:53.000,43.93838,-78.70565,impression
toronto,,,,en_CA,"iPhone14,5",ios,18.5,CA,6.272.10001,2025-09-07 18:17:54.021,2025-09-07 18:17:53.000,43.93838,-78.70565,impression
toronto,,,,en_CA,"iPhone14,5",ios,18.5,CA,6.272.10001,2025-09-07 18:17:54.020,2025-09-07 18:17:53.000,43.93838,-78.70565,impression
toronto,,,,en_CA,"iPhone14,5",ios,18.5,CA,6.272.10001,2025-09-07 18:17:55.646,2025-09-07 18:17:55.000,43.93838,-78.70565,impression
toronto,,,,en_CA,"iPhone14,5",ios,18.5,CA,6.272.10001,2025-09-07 18:17:54.023,2025-09-07 18:17:53.000,43.93838,-78.70565,impression
toronto,,,,en_CA,"iPhone14,5",ios,18.5,CA,6.272.10001,2025-09-07 18:17:54.026,2025-09-07 18:17:53.000,43.93838,-78.70565,impression
toronto,,,,en_CA,"iPhone14,5",ios,18.5,CA,6.272.10001,2025-09-07 18:17:55.046,2025-09-07 18:17:55.000,43.93838,-78.70565,custom
toronto,,,,en_CA,"iPhone14,5",ios,18.5,CA,6.272.10001,2025-09-07 18:17:55.429,2025-09-07 18:17:55.000,43.93838,-78.70565,custom
toronto,,,,en_CA,"iPhone14,5",ios,18.5,CA,6.272.10001,2025-09-07 18:17:52.584,2025-09-07 18:17:52.000,43.93838,-78.70565,impression
toronto,,,,en_CA,"iPhone14,5",ios,18.5,CA,6.272.10001,2025-09-07 18:17:52.226,2025-09-07 18:17:52.000,43.93838,-78.70565,impression
toronto,,,,en_CA,"iPhone14,5",ios,18.5,CA,6.272.10001,2025-09-07 18:17:52.587,2025-09-07 18:17:52.000,43.93838,-78.70565,impression
toronto,,,,en_CA,"iPhone14,5",ios,18.5,CA,6.272.10001,2025-09-07 18:17:52.587,2025-09-07 18:17:52.000,43.93838,-78.70565,impression
toronto,,,,en_CA,"iPhone14,5",ios,18.5,CA,6.272.10001,2025-09-07 18:17:52.587,2025-09-07 18:17:52.000,43.93838,-78.70565,impression
toronto,,,,en_CA,"iPhone14,5",ios,18.5,CA,6.272.10001,2025-09-07 18:17:52.587,2025-09-07 18:17:52.000,43.93838,-78.70565,impression
toronto,,,,en_CA,"iPhone14,5",ios,18.5,CA,6.272.10001,2025-09-07 18:17:52.587,2025-09-07 18:17:52.000,43.93838,-78.70565,impression
toronto,,,,en_CA,"iPhone14,5",ios,18.5,CA,6.272.10001,2025-09-07 18:17:52.631,2025-09-07 18:17:52.000,43.93838,-78.70565,impression
toronto,,,,en_CA,"iPhone14,5",ios,18.5,CA,6.272.10001,2025-09-07 18:17:52.630,2025-09-07 18:17:52.000,43.93838,-78.70565,impression
toronto,,,,en_CA,"iPhone14,5",ios,18.5,CA,6.272.10001,2025-09-07 18:17:52.631,2025-09-07 18:17:52.000,43.93838,-78.70565,impression
toronto,,,,en_CA,"iPhone14,5",ios,18.5,CA,6.272.10001,2025-09-07 18:17:52.587,2025-09-07 18:17:52.000,43.93838,-78.70565,impression
toronto,,,,en_CA,"iPhone14,5",ios,18.5,CA,6.272.10001,2025-09-07 18:17:52.631,2025-09-07 18:17:52.000,43.93838,-78.70565,impression
toronto,,,,en_CA,"iPhone14,5",ios,18.5,CA,6.272.10001,2025-09-07 18:17:52.631,2025-09-07 18:17:52.000,43.93838,-78.70565,impression
toronto,,,,en_CA,"iPhone14,5",ios,18.5,CA,6.272.10001,2025-09-07 18:17:52.631,2025-09-07 18:17:52.000,43.93838,-78.70565,impression
toronto,,,,en_CA,"iPhone14,5",ios,18.5,CA,6.272.10001,2025-09-07 18:17:54.021,2025-09-07 18:17:53.000,43.93838,-78.70565,impression
toronto,,,,en_CA,"iPhone14,5",ios,18.5,CA,6.272.10001,2025-09-07 18:17:52.631,2025-09-07 18:17:52.000,43.93838,-78.70565,impression
toronto,,,,en_CA,"iPhone14,5",ios,18.5,CA,6.272.10001,2025-09-07 18:17:54.021,2025-09-07 18:17:53.000,43.93838,-78.70565,impression
toronto,,,,en_CA,"iPhone14,5",ios,18.5,CA,6.272.10001,2025-09-07 18:17:54.021,2025-09-07 18:17:53.000,43.93838,-78.70565,impression
toronto,,,,en_CA,"iPhone14,5",ios,18.5,CA,6.272.10001,2025-09-07 18:17:54.021,2025-09-07 18:17:53.000,43.93838,-78.70565,impression
toronto,,,,en_CA,"iPhone14,5",ios,18.5,CA,6.272.10001,2025-09-07 18:17:54.022,2025-09-07 18:17:53.000,43.93838,-78.70565,impression
toronto,,,,en_CA,"iPhone14,5",ios,18.5,CA,6.272.10001,2025-09-07 18:17:54.022,2025-09-07 18:17:53.000,43.93838,-78.70565,impression
toronto,,,,en_CA,"iPhone14,5",ios,18.5,CA,6.272.10001,2025-09-07 18:17:54.023,2025-09-07 18:17:53.000,43.93838,-78.70565,impression
toronto,,,,en_CA,"iPhone14,5",ios,18.5,CA,6.272.10001,2025-09-07 18:17:54.022,2025-09-07 18:17:53.000,43.93838,-78.70565,impression
toronto,,,,en_CA,"iPhone14,5",ios,18.5,CA,6.272.10001,2025-09-07 18:17:54.023,2025-09-07 18:17:53.000,43.93838,-78.70565,impression
toronto,,,,en_CA,"iPhone14,5",ios,18.5,CA,6.272.10001,2025-09-07 18:17:54.026,2025-09-07 18:17:53.000,43.93838,-78.70565,impression
toronto,,,,en_CA,"iPhone14,5",ios,18.5,CA,6.272.10001,2025-09-07 18:17:54.027,2025-09-07 18:17:53.000,43.93838,-78.70565,impression
toronto,,,,en_CA,"iPhone14,5",ios,18.5,CA,6.272.10001,2025-09-07 18:17:54.027,2025-09-07 18:17:53.000,43.93838,-78.70565,impression
toronto,,,,en_CA,"iPhone14,5",ios,18.5,CA,6.272.10001,2025-09-07 18:17:54.027,2025-09-07 18:17:53.000,43.93838,-78.70565,impression
toronto,,,,en_CA,"iPhone14,5",ios,18.5,CA,6.272.10001,2025-09-07 18:17:54.028,2025-09-07 18:17:53.000,43.93838,-78.70565,impression
toronto,,,,en_CA,"iPhone14,5",ios,18.5,CA,6.272.10001,2025-09-07 18:17:54.029,2025-09-07 18:17:53.000,43.93838,-78.70565,impression
toronto,,,,en_CA,"iPhone14,5",ios,18.5,CA,6.272.10001,2025-09-07 18:17:54.037,2025-09-07 18:17:54.000,43.93838,-78.70565,impression
toronto,,,,en_CA,"iPhone14,5",ios,18.5,CA,6.272.10001,2025-09-07 18:17:54.029,2025-09-07 18:17:53.000,43.93838,-78.70565,impression
toronto,,,,en_CA,"iPhone14,5",ios,18.5,CA,6.272.10001,2025-09-07 18:17:54.028,2025-09-07 18:17:53.000,43.93838,-78.70565,impression
toronto,,,,en_CA,"iPhone14,5",ios,18.5,CA,6.272.10001,2025-09-07 18:17:54.028,2025-09-07 18:17:53.000,43.93838,-78.70565,impression
toronto,,,,en_CA,"iPhone14,5",ios,18.5,CA,6.272.10001,2025-09-07 18:17:54.038,2025-09-07 18:17:54.000,43.93838,-78.70565,impression
toronto,,,,en_CA,"iPhone14,5",ios,18.5,CA,6.272.10001,2025-09-07 18:17:54.038,2025-09-07 18:17:54.000,43.93838,-78.70565,impression
toronto,,,,en_CA,"iPhone14,5",ios,18.5,CA,6.272.10001,2025-09-07 18:17:54.038,2025-09-07 18:17:54.000,43.93838,-78.70565,impression
toronto,,,,en_CA,"iPhone14,5",ios,18.5,CA,6.272.10001,2025-09-07 18:17:54.037,2025-09-07 18:17:54.000,43.93838,-78.70565,impression
toronto,,,,en_CA,"iPhone14,5",ios,18.5,CA,6.272.10001,2025-09-07 18:17:54.038,2025-09-07 18:17:54.000,43.93838,-78.70565,impression
toronto,,,,en_CA,"iPhone14,5",ios,18.5,CA,6.272.10001,2025-09-07 18:17:54.039,2025-09-07 18:17:54.000,43.93838,-78.70565,impression
toronto,,,,en_CA,"iPhone14,5",ios,18.5,CA,6.272.10001,2025-09-07 18:17:54.038,2025-09-07 18:17:54.000,43.93838,-78.70565,impression
toronto,,,,en_CA,"iPhone14,5",ios,18.5,CA,6.272.10001,2025-09-07 18:17:54.038,2025-09-07 18:17:54.000,43.93838,-78.70565,impression
toronto,,,,en_CA,"iPhone14,5",ios,18.5,CA,6.272.10001,2025-09-07 18:17:54.038,2025-09-07 18:17:54.000,43.93838,-78.70565,impression
toronto,,,,en_CA,"iPhone14,5",ios,18.5,CA,6.272.10001,2025-09-07 18:17:54.039,2025-09-07 18:17:54.000,43.93838,-78.70565,impression
toronto,,,,en_CA,"iPhone14,5",ios,18.5,CA,6.272.10001,2025-09-07 18:17:54.039,2025-09-07 18:17:54.000,43.93838,-78.70565,impression
toronto,,,,en_CA,"iPhone14,5",ios,18.5,CA,6.272.10001,2025-09-07 18:17:54.039,2025-09-07 18:17:54.000,43.93838,-78.70565,impression
toronto,,,,en_CA,"iPhone14,5",ios,18.5,CA,6.272.10001,2025-09-07 18:17:54.039,2025-09-07 18:17:54.000,43.93838,-78.70565,impression
toronto,,,,en_CA,"iPhone14,5",ios,18.5,CA,6.272.10001,2025-09-07 18:17:54.040,2025-09-07 18:17:54.000,43.93838,-78.70565,impression
toronto,,,,en_CA,"iPhone14,5",ios,18.5,CA,6.272.10001,2025-09-07 18:17:54.040,2025-09-07 18:17:54.000,43.93838,-78.70565,impression
toronto,,,,en_CA,"iPhone14,5",ios,18.5,CA,6.272.10001,2025-09-07 18:17:54.040,2025-09-07 18:17:54.000,43.93838,-78.70565,impression
toronto,,,,en_CA,"iPhone14,5",ios,18.5,CA,6.272.10001,2025-09-07 18:17:54.040,2025-09-07 18:17:54.000,43.93838,-78.70565,impression
toronto,,,,en_CA,"iPhone14,5",ios,18.5,CA,6.272.10001,2025-09-09 23:54:16.861,"",,,custom
toronto,,,,en_CA,"iPhone14,5",ios,18.5,CA,6.272.10001,2025-09-09 23:54:17.025,"",,,custom
toronto,,,,en_CA,"iPhone14,5",ios,18.5,CA,6.272.10001,2025-09-09 23:54:16.904,"",,,custom
toronto,,,,en_CA,"iPhone14,5",ios,18.5,CA,6.272.10001,2025-09-09 23:54:16.407,"",,,custom
toronto,,,,en_CA,"iPhone14,5",ios,18.5,CA,6.272.10001,2025-09-09 23:54:16.434,"",,,custom
toronto,,,,en_CA,"iPhone14,5",ios,18.5,CA,6.272.10001,2025-09-09 23:54:16.458,"",,,custom
toronto,,,,en_CA,"iPhone14,5",ios,18.5,CA,6.272.10001,2025-09-09 23:54:16.458,"",,,custom
toronto,,,,en_CA,"iPhone14,5",ios,18.5,CA,6.272.10001,2025-09-09 23:54:16.431,"",,,custom
toronto,,,,en_CA,"iPhone14,5",ios,18.5,CA,6.272.10001,2025-09-09 23:54:16.461,"",,,custom
toronto,,,,en_CA,"iPhone14,5",ios,18.5,CA,6.272.10001,2025-09-09 23:54:16.430,"",,,custom
toronto,,,,en_CA,"iPhone14,5",ios,18.5,CA,6.272.10001,2025-09-09 23:54:16.493,"",,,custom
toronto,,,,en_CA,"iPhone14,5",ios,18.5,CA,6.272.10001,2025-09-09 23:54:16.902,"",,,custom
toronto,,,,en_CA,"iPhone14,5",ios,18.5,CA,6.272.10001,2025-09-09 23:54:16.596,"",,,custom
toronto,,,,en_CA,"iPhone14,5",ios,18.5,CA,6.272.10001,2025-09-09 23:54:16.607,"",,,custom
toronto,,,,en_CA,"iPhone14,5",ios,18.5,CA,6.272.10001,2025-09-09 23:54:16.516,"",,,custom
toronto,,,,en_CA,"iPhone14,5",ios,18.5,CA,6.272.10001,2025-09-09 23:54:16.902,"",,,custom
toronto,,,,en_CA,"iPhone14,5",ios,18.5,CA,6.272.10001,2025-09-09 23:54:17.208,"",,,custom
toronto,,,,en_CA,"iPhone14,5",ios,18.5,CA,6.272.10001,2025-09-09 23:54:17.816,"",,,impression
toronto,,,,en_CA,"iPhone14,5",ios,18.5,CA,6.272.10001,2025-09-09 23:54:16.906,"",,,custom
toronto,,,,en_CA,"iPhone14,5",ios,18.5,CA,6.272.10001,2025-09-09 23:54:18.463,"",,,impression
toronto,,,,en_CA,"iPhone14,5",ios,18.5,CA,6.272.10001,2025-09-09 23:54:16.631,"",,,impression
toronto,,,,en_CA,"iPhone14,5",ios,18.5,CA,6.272.10001,2025-09-09 23:54:19.369,"",,,custom
toronto,,,,en_CA,"iPhone14,5",ios,18.5,CA,6.272.10001,2025-09-09 23:54:16.876,"",,,impression
toronto,,,,en_CA,"iPhone14,5",ios,18.5,CA,6.272.10001,2025-09-09 23:54:16.876,"",,,impression
toronto,,,,en_CA,"iPhone14,5",ios,18.5,CA,6.272.10001,2025-09-09 23:54:17.704,"",,,custom
toronto,,,,en_CA,"iPhone14,5",ios,18.5,CA,6.272.10001,2025-09-09 23:54:17.699,"",,,custom
toronto,,,,en_CA,"iPhone14,5",ios,18.5,CA,6.272.10001,2025-09-09 23:54:18.464,"",,,impression
toronto,,,,en_CA,"iPhone14,5",ios,18.5,CA,6.272.10001,2025-09-09 23:54:17.843,"",,,tap
toronto,,,,en_CA,"iPhone14,5",ios,18.5,CA,6.272.10001,2025-09-09 23:54:18.466,"",,,custom
toronto,,,,en_CA,"iPhone14,5",ios,18.5,CA,6.272.10001,2025-09-09 23:54:17.819,"",,,impression
toronto,,,,en_CA,"iPhone14,5",ios,18.5,CA,6.272.10001,2025-09-12 18:47:36.362,"",,,custom
toronto,,,,en_CA,"iPhone14,5",ios,18.5,CA,6.272.10001,2025-09-12 18:47:37.465,"",,,custom
toronto,,,,en_CA,"iPhone14,5",ios,18.5,CA,6.272.10001,2025-09-12 18:47:39.441,"",,,impression
toronto,,,,en_CA,"iPhone14,5",ios,18.5,CA,6.272.10001,2025-09-12 18:47:39.441,"",,,impression
toronto,,,,en_CA,"iPhone14,5",ios,18.5,CA,6.272.10001,2025-09-12 18:47:37.466,"",,,custom
toronto,,,,en_CA,"iPhone14,5",ios,18.5,CA,6.272.10001,2025-09-12 18:47:39.441,"",,,custom
toronto,,,,en_CA,"iPhone14,5",ios,18.5,CA,6.272.10001,2025-09-10 23:35:25.503,"",,,custom
toronto,,,,en_CA,"iPhone14,5",ios,18.5,CA,6.272.10001,2025-09-10 23:35:25.906,"",,,custom
toronto,,,,en_CA,"iPhone14,5",ios,18.5,CA,6.272.10001,2025-09-10 23:35:25.574,"",,,impression
toronto,,,,en_CA,"iPhone14,5",ios,18.5,CA,6.272.10001,2025-09-10 23:35:26.672,"",,,custom
toronto,,,,en_CA,"iPhone14,5",ios,18.5,CA,6.272.10001,2025-09-10 23:35:26.755,"",,,custom
toronto,,,,en_CA,"iPhone14,5",ios,18.5,CA,6.272.10001,2025-09-10 23:35:25.318,"",,,custom
toronto,,,,en_CA,"iPhone14,5",ios,18.5,CA,6.272.10001,2025-09-10 23:35:26.851,"",,,custom
toronto,,,,en_CA,"iPhone14,5",ios,18.5,CA,6.272.10001,2025-09-10 23:35:25.373,"",,,custom
toronto,,,,en_CA,"iPhone14,5",ios,18.5,CA,6.272.10001,2025-09-10 23:35:25.372,"",,,custom
toronto,,,,en_CA,"iPhone14,5",ios,18.5,CA,6.272.10001,2025-09-10 23:35:25.387,"",,,custom
toronto,,,,en_CA,"iPhone14,5",ios,18.5,CA,6.272.10001,2025-09-10 23:35:25.387,"",,,custom
toronto,,,,en_CA,"iPhone14,5",ios,18.5,CA,6.272.10001,2025-09-10 23:35:25.447,"",,,custom
toronto,,,,en_CA,"iPhone14,5",ios,18.5,CA,6.272.10001,2025-09-10 23:35:25.445,"",,,custom
toronto,,,,en_CA,"iPhone14,5",ios,18.5,CA,6.272.10001,2025-09-10 23:35:25.446,"",,,custom
toronto,,,,en_CA,"iPhone14,5",ios,18.5,CA,6.272.10001,2025-09-10 23:35:25.852,"",,,custom
toronto,,,,en_CA,"iPhone14,5",ios,18.5,CA,6.272.10001,2025-09-10 23:35:25.767,"",,,custom
toronto,,,,en_CA,"iPhone14,5",ios,18.5,CA,6.272.10001,2025-09-10 23:35:25.840,"",,,custom
toronto,,,,en_CA,"iPhone14,5",ios,18.5,CA,6.272.10001,2025-09-10 23:35:25.853,"",,,custom
toronto,,,,en_CA,"iPhone14,5",ios,18.5,CA,6.272.10001,2025-09-10 23:35:25.889,"",,,custom
toronto,,,,en_CA,"iPhone14,5",ios,18.5,CA,6.272.10001,2025-09-10 23:35:25.857,"",,,custom
toronto,,,,en_CA,"iPhone14,5",ios,18.5,CA,6.272.10001,2025-09-10 23:35:25.898,"",,,custom
toronto,,,,en_CA,"iPhone14,5",ios,18.5,CA,6.272.10001,2025-09-10 23:35:25.889,"",,,custom
toronto,,,,en_CA,"iPhone14,5",ios,18.5,CA,6.272.10001,2025-09-10 23:35:25.897,"",,,custom
toronto,,,,en_CA,"iPhone14,5",ios,18.5,CA,6.272.10001,2025-09-10 23:35:25.903,"",,,custom
toronto,,,,en_CA,"iPhone14,5",ios,18.5,CA,6.272.10001,2025-09-10 23:35:25.904,"",,,custom
toronto,,,,en_CA,"iPhone14,5",ios,18.5,CA,6.272.10001,2025-09-10 23:35:26.204,"",,,custom
toronto,,,,en_CA,"iPhone14,5",ios,18.5,CA,6.272.10001,2025-09-10 23:35:26.316,"",,,custom
toronto,,,,en_CA,"iPhone14,5",ios,18.5,CA,6.272.10001,2025-09-10 23:35:26.361,"",,,custom
toronto,,,,en_CA,"iPhone14,5",ios,18.5,CA,6.272.10001,2025-09-10 23:35:26.468,"",,,custom
toronto,,,,en_CA,"iPhone14,5",ios,18.5,CA,6.272.10001,2025-09-10 23:35:26.454,"",,,custom
toronto,,,,en_CA,"iPhone14,5",ios,18.5,CA,6.272.10001,2025-09-10 23:35:26.750,"",,,custom
toronto,,,,en_CA,"iPhone14,5",ios,18.5,CA,6.272.10001,2025-09-10 23:35:26.756,"",,,custom
toronto,,,,en_CA,"iPhone14,5",ios,18.5,CA,6.272.10001,2025-09-10 23:35:27.827,"",,,custom
toronto,,,,en_CA,"iPhone14,5",ios,18.5,CA,6.272.10001,2025-09-10 23:35:26.753,"",,,custom
toronto,,,,en_CA,"iPhone14,5",ios,18.5,CA,6.272.10001,2025-09-10 23:35:28.536,"",,,impression
toronto,,,,en_CA,"iPhone14,5",ios,18.5,CA,6.272.10001,2025-09-10 23:35:29.279,"",,,impression
toronto,,,,en_CA,"iPhone14,5",ios,18.5,CA,6.272.10001,2025-09-10 23:35:25.310,"",,,custom
toronto,,,,en_CA,"iPhone14,5",ios,18.5,CA,6.272.10001,2025-09-10 23:35:25.316,"",,,custom
toronto,,,,en_CA,"iPhone14,5",ios,18.5,CA,6.272.10001,2025-09-10 23:35:25.193,"",,,custom
toronto,,,,en_CA,"iPhone14,5",ios,18.5,CA,6.272.10001,2025-09-10 23:35:25.307,"",,,custom
toronto,,,,en_CA,"iPhone14,5",ios,18.5,CA,6.272.10001,2025-09-10 23:35:25.316,"",,,custom
toronto,,,,en_CA,"iPhone14,5",ios,18.5,CA,6.272.10001,2025-09-10 23:35:25.371,"",,,custom
toronto,,,,en_CA,"iPhone14,5",ios,18.5,CA,6.272.10001,2025-09-10 23:35:26.305,"",,,custom
toronto,,,,en_CA,"iPhone14,5",ios,18.5,CA,6.272.10001,2025-09-10 23:35:26.085,"",,,impression
toronto,,,,en_CA,"iPhone14,5",ios,18.5,CA,6.272.10001,2025-09-10 23:35:26.305,"",,,custom
toronto,,,,en_CA,"iPhone14,5",ios,18.5,CA,6.272.10001,2025-09-10 23:35:26.495,"",,,impression
toronto,,,,en_CA,"iPhone14,5",ios,18.5,CA,6.272.10001,2025-09-10 23:35:26.680,"",,,impression
toronto,,,,en_CA,"iPhone14,5",ios,18.5,CA,6.272.10001,2025-09-10 23:35:26.680,"",,,impression
toronto,,,,en_CA,"iPhone14,5",ios,18.5,CA,6.272.10001,2025-09-10 23:35:28.417,"",,,custom
toronto,,,,en_CA,"iPhone14,5",ios,18.5,CA,6.272.10001,2025-09-10 23:35:28.422,"",,,custom
toronto,,,,en_CA,"iPhone14,5",ios,18.5,CA,6.272.10001,2025-09-10 23:35:29.279,"",,,impression
toronto,,,,en_CA,"iPhone14,5",ios,18.5,CA,6.272.10001,2025-09-10 23:35:28.537,"",,,impression
toronto,,,,en_CA,"iPhone14,5",ios,18.5,CA,6.272.10001,2025-09-10 23:35:28.610,"",,,tap
toronto,,,,en_CA,"iPhone14,5",ios,18.5,CA,6.272.10001,2025-09-10 23:35:29.279,"",,,custom
toronto,,,,en_CA,"iPhone14,5",ios,18.5,CA,6.272.10001,2025-09-07 18:17:46.009,2025-09-07 18:17:45.973,43.93844,-78.70564,custom
toronto,,,,en_CA,"iPhone14,5",ios,18.5,CA,6.272.10001,2025-09-07 18:17:46.987,2025-09-07 18:17:45.973,43.93844,-78.70564,custom
toronto,,,,en_CA,"iPhone14,5",ios,18.5,CA,6.272.10001,2025-09-07 18:17:46.193,2025-09-07 18:17:45.973,43.93844,-78.70564,impression
toronto,,,,en_CA,"iPhone14,5",ios,18.5,CA,6.272.10001,2025-09-07 18:17:45.554,2025-09-07 18:17:44.217,43.93842,-78.70564,custom
toronto,,,,en_CA,"iPhone14,5",ios,18.5,CA,6.272.10001,2025-09-07 18:17:47.126,2025-09-07 18:17:47.000,43.93842,-78.70566,custom
toronto,,,,en_CA,"iPhone14,5",ios,18.5,CA,6.272.10001,2025-09-07 18:17:45.554,2025-09-07 18:17:44.217,43.93842,-78.70564,custom
toronto,,,,en_CA,"iPhone14,5",ios,18.5,CA,6.272.10001,2025-09-07 18:17:46.194,2025-09-07 18:17:45.973,43.93844,-78.70564,custom
toronto,,,,en_CA,"iPhone14,5",ios,18.5,CA,6.272.10001,2025-09-07 18:17:46.194,2025-09-07 18:17:45.973,43.93844,-78.70564,impression
toronto,,,,en_CA,"iPhone14,5",ios,18.5,CA,6.272.10001,2025-09-07 18:17:47.125,2025-09-07 18:17:47.000,43.93842,-78.70566,impression
toronto,,,,en_CA,"iPhone14,5",ios,18.5,CA,6.272.10001,2025-09-07 18:17:47.127,2025-09-07 18:17:47.000,43.93842,-78.70566,tap
toronto,,,,en_CA,"iPhone14,5",ios,18.5,CA,6.272.10001,2025-09-07 18:17:47.127,2025-09-07 18:17:47.000,43.93842,-78.70566,tap
toronto,,,,en_CA,"iPhone14,5",ios,18.5,CA,6.272.10001,2025-09-07 18:17:58.219,2025-09-07 18:17:58.000,43.93837,-78.70564,impression
toronto,,,,en_CA,"iPhone14,5",ios,18.5,CA,6.272.10001,2025-08-28 20:25:25.218,"",,,impression
toronto,,,,en_CA,"iPhone14,5",ios,18.5,CA,6.272.10001,2025-08-28 20:25:25.653,"",,,custom
toronto,,,,en_CA,"iPhone14,5",ios,18.5,CA,6.272.10001,2025-08-28 20:25:25.766,"",,,custom
toronto,,,,en_CA,"iPhone14,5",ios,18.5,CA,6.272.10001,2025-08-28 20:25:25.865,"",,,custom
toronto,,,,en_CA,"iPhone14,5",ios,18.5,CA,6.272.10001,2025-08-28 20:25:22.231,"",,,custom
toronto,,,,en_CA,"iPhone14,5",ios,18.5,CA,6.272.10001,2025-08-28 20:25:24.273,"",,,custom
toronto,,,,en_CA,"iPhone14,5",ios,18.5,CA,6.272.10001,2025-08-28 20:25:25.059,"",,,custom
toronto,,,,en_CA,"iPhone14,5",ios,18.5,CA,6.272.10001,2025-08-28 20:25:25.059,"",,,custom
toronto,,,,en_CA,"iPhone14,5",ios,18.5,CA,6.272.10001,2025-08-28 20:25:24.464,"",,,impression
toronto,,,,en_CA,"iPhone14,5",ios,18.5,CA,6.272.10001,2025-08-28 20:25:25.293,"",,,custom
toronto,,,,en_CA,"iPhone14,5",ios,18.5,CA,6.272.10001,2025-08-28 20:25:25.137,"",,,custom
toronto,,,,en_CA,"iPhone14,5",ios,18.5,CA,6.272.10001,2025-08-28 20:25:25.137,"",,,custom
toronto,,,,en_CA,"iPhone14,5",ios,18.5,CA,6.272.10001,2025-08-28 20:25:25.278,"",,,custom
toronto,,,,en_CA,"iPhone14,5",ios,18.5,CA,6.272.10001,2025-08-28 20:25:25.300,"",,,custom
toronto,,,,en_CA,"iPhone14,5",ios,18.5,CA,6.272.10001,2025-08-28 20:25:25.293,"",,,custom
toronto,,,,en_CA,"iPhone14,5",ios,18.5,CA,6.272.10001,2025-08-28 20:25:25.312,"",,,custom
toronto,,,,en_CA,"iPhone14,5",ios,18.5,CA,6.272.10001,2025-08-28 20:25:25.352,"",,,custom
toronto,,,,en_CA,"iPhone14,5",ios,18.5,CA,6.272.10001,2025-08-28 20:25:25.313,"",,,custom
toronto,,,,en_CA,"iPhone14,5",ios,18.5,CA,6.272.10001,2025-08-28 20:25:25.384,"",,,custom
toronto,,,,en_CA,"iPhone14,5",ios,18.5,CA,6.272.10001,2025-08-28 20:25:25.393,"",,,custom
toronto,,,,en_CA,"iPhone14,5",ios,18.5,CA,6.272.10001,2025-08-28 20:25:25.763,"",,,custom
toronto,,,,en_CA,"iPhone14,5",ios,18.5,CA,6.272.10001,2025-08-28 20:25:25.762,"",,,custom
toronto,,,,en_CA,"iPhone14,5",ios,18.5,CA,6.272.10001,2025-08-28 20:25:25.476,"",,,custom
toronto,,,,en_CA,"iPhone14,5",ios,18.5,CA,6.272.10001,2025-08-28 20:25:25.477,"",,,custom
toronto,,,,en_CA,"iPhone14,5",ios,18.5,CA,6.272.10001,2025-08-28 20:25:21.553,"",,,custom
toronto,,,,en_CA,"iPhone14,5",ios,18.5,CA,6.272.10001,2025-08-28 20:25:25.767,"",,,custom
toronto,,,,en_CA,"iPhone14,5",ios,18.5,CA,6.272.10001,2025-08-28 20:25:21.483,"",,,impression
toronto,,,,en_CA,"iPhone14,5",ios,18.5,CA,6.272.10001,2025-08-28 20:25:21.633,"",,,custom
toronto,,,,en_CA,"iPhone14,5",ios,18.5,CA,6.272.10001,2025-08-28 20:25:21.553,"",,,custom
toronto,,,,en_CA,"iPhone14,5",ios,18.5,CA,6.272.10001,2025-08-28 20:25:21.632,"",,,custom
toronto,,,,en_CA,"iPhone14,5",ios,18.5,CA,6.272.10001,2025-08-28 20:25:21.978,"",,,custom
toronto,,,,en_CA,"iPhone14,5",ios,18.5,CA,6.272.10001,2025-08-28 20:25:21.978,"",,,custom
toronto,,,,en_CA,"iPhone14,5",ios,18.5,CA,6.272.10001,2025-08-28 20:25:21.978,"",,,custom
toronto,,,,en_CA,"iPhone14,5",ios,18.5,CA,6.272.10001,2025-08-28 20:25:23.800,"",,,custom
toronto,,,,en_CA,"iPhone14,5",ios,18.5,CA,6.272.10001,2025-08-28 20:25:24.466,"",,,impression
toronto,,,,en_CA,"iPhone14,5",ios,18.5,CA,6.272.10001,2025-08-28 20:25:23.801,"",,,custom
toronto,,,,en_CA,"iPhone14,5",ios,18.5,CA,6.272.10001,2025-08-28 20:25:24.467,"",,,custom
toronto,,,,en_CA,"iPhone14,5",ios,18.5,CA,6.272.10001,2025-08-28 20:25:25.504,"",,,impression
toronto,,,,en_CA,"iPhone14,5",ios,18.5,CA,6.272.10001,2025-08-28 20:25:25.659,"",,,impression
toronto,,,,en_CA,"iPhone14,5",ios,18.5,CA,6.272.10001,2025-08-28 20:25:25.659,"",,,impression
toronto,,,,en_CA,"iPhone14,5",ios,18.5,CA,6.272.10001,2025-08-28 20:25:25.776,"",,,impression
toronto,,,,en_CA,"iPhone14,5",ios,18.5,CA,6.272.10001,2025-09-07 18:18:06.306,2025-09-07 18:18:06.000,43.93837,-78.70564,lifecycle
toronto,,,,en_CA,"iPhone14,5",ios,18.5,CA,6.272.10001,2025-09-07 18:18:06.308,2025-09-07 18:18:06.000,43.93837,-78.70564,custom
toronto,,,,en_CA,"iPhone14,5",ios,18.5,CA,6.272.10001,2025-08-20 00:29:04.498,"",,,custom
toronto,,,,en_CA,"iPhone14,5",ios,18.5,CA,6.272.10001,2025-08-20 00:29:06.359,"",,,impression
toronto,,,,en_CA,"iPhone14,5",ios,18.5,CA,6.272.10001,2025-08-20 00:29:05.646,"",,,custom
toronto,,,,en_CA,"iPhone14,5",ios,18.5,CA,6.272.10001,2025-08-20 00:29:06.645,"",,,custom
toronto,,,,en_CA,"iPhone14,5",ios,18.5,CA,6.272.10001,2025-08-20 00:29:05.649,"",,,custom
toronto,,,,en_CA,"iPhone14,5",ios,18.5,CA,6.272.10001,2025-08-20 00:29:06.359,"",,,impression
toronto,,,,en_CA,"iPhone14,5",ios,18.5,CA,6.272.10001,2025-08-20 00:29:06.360,"",,,custom
toronto,,,,en_CA,"iPhone14,5",ios,18.5,CA,6.272.10001,2025-08-24 05:31:01.267,"",,,custom
toronto,,,,en_CA,"iPhone14,5",ios,18.5,CA,6.272.10001,2025-08-24 05:31:03.410,"",,,custom
toronto,,,,en_CA,"iPhone14,5",ios,18.5,CA,6.272.10001,2025-08-24 05:31:02.846,"",,,impression
toronto,,,,en_CA,"iPhone14,5",ios,18.5,CA,6.272.10001,2025-08-24 05:31:02.097,"",,,custom
toronto,,,,en_CA,"iPhone14,5",ios,18.5,CA,6.272.10001,2025-08-24 05:31:02.100,"",,,custom
toronto,,,,en_CA,"iPhone14,5",ios,18.5,CA,6.272.10001,2025-08-24 05:31:02.846,"",,,impression
toronto,,,,en_CA,"iPhone14,5",ios,18.5,CA,6.272.10001,2025-08-24 05:31:02.846,"",,,custom
unknown,,,,en_CA,"iPhone14,5",ios,18.5,CA,6.272.10001,2025-09-14 22:38:44.343,"",,,lifecycle
toronto,,,,en_CA,"iPhone14,5",ios,18.5,CA,6.272.10001,2025-09-14 22:38:44.348,"",,,custom
toronto,,,,en_CA,"iPhone14,5",ios,18.5,CA,6.272.10001,2025-09-14 22:38:44.349,"",,,custom
toronto,,,,en_CA,"iPhone14,5",ios,18.5,CA,6.272.10001,2025-09-14 22:38:44.340,"",,,custom
toronto,,,,en_CA,"iPhone14,5",ios,18.5,CA,6.272.10001,2025-09-14 22:38:44.341,"",,,custom
toronto,,,,en_CA,"iPhone14,5",ios,18.5,CA,6.272.10001,2025-09-14 22:38:44.341,"",,,custom
toronto,,,,en_CA,"iPhone14,5",ios,18.5,CA,6.272.10001,2025-09-14 22:38:44.346,"",,,custom
toronto,,,,en_CA,"iPhone14,5",ios,18.5,CA,6.272.10001,2025-09-14 22:38:44.347,"",,,custom
toronto,,,,en_CA,"iPhone14,5",ios,18.5,CA,6.272.10001,2025-09-14 22:38:44.346,"",,,custom
toronto,,,,en_CA,"iPhone14,5",ios,18.5,CA,6.272.10001,2025-09-14 22:38:44.348,"",,,custom
toronto,,,,en_CA,"iPhone14,5",ios,18.5,CA,6.272.10001,2025-09-14 22:38:44.554,"",,,custom
toronto,,,,en_CA,"iPhone14,5",ios,18.5,CA,6.272.10001,2025-09-14 22:38:44.357,"",,,tap
toronto,,,,en_CA,"iPhone14,5",ios,18.5,CA,6.272.10001,2025-09-14 22:38:44.357,"",,,impression
toronto,,,,en_CA,"iPhone14,5",ios,18.5,CA,6.272.10001,2025-09-14 22:38:44.554,"",,,custom
toronto,,,,en_CA,"iPhone14,5",ios,18.5,CA,6.272.10001,2025-09-14 22:38:44.554,"",,,custom
toronto,,,,en_CA,"iPhone14,5",ios,18.5,CA,6.272.10001,2025-09-14 22:38:46.861,"",,,custom
toronto,,,,en_CA,"iPhone14,5",ios,18.5,CA,6.272.10001,2025-09-14 22:38:44.554,"",,,custom
toronto,,,,en_CA,"iPhone14,5",ios,18.5,CA,6.272.10001,2025-09-14 22:38:44.750,"",,,custom
toronto,,,,en_CA,"iPhone14,5",ios,18.5,CA,6.272.10001,2025-09-14 22:38:44.554,"",,,custom
toronto,,,,en_CA,"iPhone14,5",ios,18.5,CA,6.272.10001,2025-09-14 22:38:47.128,"",,,custom
toronto,,,,en_CA,"iPhone14,5",ios,18.5,CA,6.272.10001,2025-09-14 22:38:47.128,"",,,custom
toronto,,,,en_CA,"iPhone14,5",ios,18.5,CA,6.272.10001,2025-09-14 22:38:44.342,"",,,custom
toronto,,,,en_CA,"iPhone14,5",ios,18.5,CA,6.272.10001,2025-09-14 22:38:44.344,"",,,custom
toronto,,,,en_CA,"iPhone14,5",ios,18.5,CA,6.272.10001,2025-09-14 22:38:44.341,"",,,custom
toronto,,,,en_CA,"iPhone14,5",ios,18.5,CA,6.272.10001,2025-09-14 22:38:44.341,"",,,custom
toronto,,,,en_CA,"iPhone14,5",ios,18.5,CA,6.272.10001,2025-09-14 22:38:44.344,"",,,custom
toronto,,,,en_CA,"iPhone14,5",ios,18.5,CA,6.272.10001,2025-09-14 22:38:44.345,"",,,custom
toronto,,,,en_CA,"iPhone14,5",ios,18.5,CA,6.272.10001,2025-09-14 22:38:44.345,"",,,custom
toronto,,,,en_CA,"iPhone14,5",ios,18.5,CA,6.272.10001,2025-09-14 22:38:44.345,"",,,custom
toronto,,,,en_CA,"iPhone14,5",ios,18.5,CA,6.272.10001,2025-09-14 22:38:44.345,"",,,custom
toronto,,,,en_CA,"iPhone14,5",ios,18.5,CA,6.272.10001,2025-09-14 22:38:44.346,"",,,custom
toronto,,,,en_CA,"iPhone14,5",ios,18.5,CA,6.272.10001,2025-09-14 22:38:44.357,"",,,custom
toronto,,,,en_CA,"iPhone14,5",ios,18.5,CA,6.272.10001,2025-09-14 22:38:44.554,"",,,custom
toronto,,,,en_CA,"iPhone14,5",ios,18.5,CA,6.272.10001,2025-09-14 22:38:44.070,"",,,custom
toronto,,,,en_CA,"iPhone14,5",ios,18.5,CA,6.272.10001,2025-09-14 22:38:44.072,"",,,custom
toronto,,,,en_CA,"iPhone14,5",ios,18.5,CA,6.272.10001,2025-09-14 22:38:44.072,"",,,custom
toronto,,,,en_CA,"iPhone14,5",ios,18.5,CA,6.272.10001,2025-09-14 22:38:44.122,"",,,lifecycle
toronto,,,,en_CA,"iPhone14,5",ios,18.5,CA,6.272.10001,2025-09-14 22:38:44.121,"",,,custom
toronto,,,,en_CA,"iPhone14,5",ios,18.5,CA,6.272.10001,2025-09-14 22:38:44.072,"",,,custom
toronto,,,,en_CA,"iPhone14,5",ios,18.5,CA,6.272.10001,2025-09-14 22:38:44.340,"",,,impression
toronto,,,,en_CA,"iPhone14,5",ios,18.5,CA,6.272.10001,2025-08-24 18:48:58.214,"",,,custom
toronto,,,,en_CA,"iPhone14,5",ios,18.5,CA,6.272.10001,2025-08-24 18:48:57.696,"",,,impression
toronto,,,,en_CA,"iPhone14,5",ios,18.5,CA,6.272.10001,2025-08-24 18:48:58.414,"",,,custom
toronto,,,,en_CA,"iPhone14,5",ios,18.5,CA,6.272.10001,2025-08-24 18:48:58.269,"",,,custom
toronto,,,,en_CA,"iPhone14,5",ios,18.5,CA,6.272.10001,2025-08-24 18:48:57.063,"",,,custom
toronto,,,,en_CA,"iPhone14,5",ios,18.5,CA,6.272.10001,2025-08-24 18:48:57.588,"",,,custom
toronto,,,,en_CA,"iPhone14,5",ios,18.5,CA,6.272.10001,2025-08-24 18:48:57.622,"",,,custom
toronto,,,,en_CA,"iPhone14,5",ios,18.5,CA,6.272.10001,2025-08-24 18:48:57.586,"",,,custom
toronto,,,,en_CA,"iPhone14,5",ios,18.5,CA,6.272.10001,2025-08-24 18:48:57.587,"",,,custom
toronto,,,,en_CA,"iPhone14,5",ios,18.5,CA,6.272.10001,2025-08-24 18:48:57.782,"",,,custom
toronto,,,,en_CA,"iPhone14,5",ios,18.5,CA,6.272.10001,2025-08-24 18:48:57.784,"",,,custom
toronto,,,,en_CA,"iPhone14,5",ios,18.5,CA,6.272.10001,2025-08-24 18:48:57.751,"",,,custom
toronto,,,,en_CA,"iPhone14,5",ios,18.5,CA,6.272.10001,2025-08-24 18:48:57.623,"",,,custom
toronto,,,,en_CA,"iPhone14,5",ios,18.5,CA,6.272.10001,2025-08-24 18:48:57.783,"",,,custom
toronto,,,,en_CA,"iPhone14,5",ios,18.5,CA,6.272.10001,2025-08-24 18:48:57.854,"",,,custom
toronto,,,,en_CA,"iPhone14,5",ios,18.5,CA,6.272.10001,2025-08-24 18:48:57.851,"",,,custom
toronto,,,,en_CA,"iPhone14,5",ios,18.5,CA,6.272.10001,2025-08-24 18:48:57.835,"",,,custom
toronto,,,,en_CA,"iPhone14,5",ios,18.5,CA,6.272.10001,2025-08-24 18:48:57.796,"",,,custom
toronto,,,,en_CA,"iPhone14,5",ios,18.5,CA,6.272.10001,2025-08-24 18:48:57.797,"",,,custom
toronto,,,,en_CA,"iPhone14,5",ios,18.5,CA,6.272.10001,2025-08-24 18:48:57.940,"",,,custom
toronto,,,,en_CA,"iPhone14,5",ios,18.5,CA,6.272.10001,2025-08-24 18:48:57.928,"",,,custom
toronto,,,,en_CA,"iPhone14,5",ios,18.5,CA,6.272.10001,2025-08-24 18:48:58.255,"",,,custom
toronto,,,,en_CA,"iPhone14,5",ios,18.5,CA,6.272.10001,2025-08-24 18:48:58.256,"",,,custom
toronto,,,,en_CA,"iPhone14,5",ios,18.5,CA,6.272.10001,2025-08-24 18:48:58.264,"",,,custom
toronto,,,,en_CA,"iPhone14,5",ios,18.5,CA,6.272.10001,2025-08-24 18:48:58.808,"",,,impression
toronto,,,,en_CA,"iPhone14,5",ios,18.5,CA,6.272.10001,2025-08-24 18:48:59.135,"",,,custom
toronto,,,,en_CA,"iPhone14,5",ios,18.5,CA,6.272.10001,2025-08-24 18:48:57.587,"",,,custom
toronto,,,,en_CA,"iPhone14,5",ios,18.5,CA,6.272.10001,2025-08-24 18:48:57.597,"",,,custom
toronto,,,,en_CA,"iPhone14,5",ios,18.5,CA,6.272.10001,2025-08-24 18:48:57.962,"",,,impression
toronto,,,,en_CA,"iPhone14,5",ios,18.5,CA,6.272.10001,2025-08-24 18:48:58.157,"",,,custom
toronto,,,,en_CA,"iPhone14,5",ios,18.5,CA,6.272.10001,2025-08-24 18:48:58.155,"",,,custom
toronto,,,,en_CA,"iPhone14,5",ios,18.5,CA,6.272.10001,2025-08-24 18:48:58.229,"",,,impression
toronto,,,,en_CA,"iPhone14,5",ios,18.5,CA,6.272.10001,2025-08-24 18:48:58.228,"",,,impression
toronto,,,,en_CA,"iPhone14,5",ios,18.5,CA,6.272.10001,2025-08-24 18:48:58.809,"",,,impression
toronto,,,,en_CA,"iPhone14,5",ios,18.5,CA,6.272.10001,2025-08-24 18:48:58.809,"",,,custom
